0	其实我愿意吞声忍气，但却怕被看不起。
1	跟自己说对不起，总是为难自己，让自己生活在水深火热中，对不起。我要买漂亮的衣服来犒劳自己。
2	多么万能的一个词
3	虽然肚子疼，可还是要谢谢你，爱你！
4	今天上主日学的小朋友来得很早。WL没来，我组织带敬拜。有个小男孩说：“章姐姐做什么会计啊，不做老师可惜了。”而且我还收获了，他们为我的祷告祝福。哈哈！
5	新年第1天上班就着要着罚款加批评要大胆树起来[hold住]
6	我从小就立有宏愿，这个愿望时常使我无法在夜里安眠，一想起来就激动不已，当然，这个愿望是不被一般人所理解的，我也常常感到世俗的压力。但我从未放弃努力，我的愿望是可以在全世界任何一个地方任何一个角落随地大小便。
7	为生存而工作，那是艰苦！为理想信念而工作，那是幸福！
8	此时此刻，我突然觉得自己感觉不到幸福了！！！[泪][泪][泪][泪]只有泪眼汪汪能代表我的心情，感觉不到爱了啊！
9	这辈子一定要交一个华子一样的朋友！哥们儿喜欢杨晓芸，华子放弃杨晓芸；哥们结婚要借钱二话不说拍出来两万；向南把钱包甩他身上的时候也不记恨哥们T0T就是一个这么好的人最后还被自己同甘苦共患难的哥们给敲了媳妇╮(╯▽╰)╭
10	我有什么资格说人家，自己都做不好，废话一大堆，又不懂做人，不懂说话，做事又不积极，自己知道还不之悔改，我对自己真的很失望，别人说的对的还要去狡辩，真是无药可救了，教我又不听，等到教你的人都绝望了那就真的没救了，吴首高啊你要等什么时候才能进步呢，，，
11	我把报名的文档弄不见了(＿＿)ノ｜壁[伤心]
12	还是害怕夜深人静时总想起你还是害怕不经意听见你的消息
13	每天可以看到新人的幸福的笑容~~~才是真的幸福~~~天下有情人总成眷属~~~~
14	到底是真是假啊是真是假啊？
15	,太行影楼用品对广大客户的服务还没有做到最好！
16	小编推荐起床利器：志高大1P冷暖空调。集冷触媒技术，智能水洗，防霉运转，广谱抗菌于一身，此外，制热强劲，具有热量大、安全性高、加热速快的特点。
17	新桓结衣和锦户亮…小心脏，哇凉哇凉的
18	：我们学校澡堂一贯很挤，最多的时候五个人用一个喷头都有，然后今儿清明放假，大家都回家了，洗澡的人特少，姐一个人用五个喷头都没问题，结果！到了澡堂才发现我居然忘了带校园卡，最后在周围空着好多喷头的情况下，我跟舍友挤一个！[泪]，所以我就是没这个命吗？？！！
19	希望头发可以快点长长，这发型忒奇怪了T_T
20	突然想跟自己说声对不起，对不起，再也找不回原来的自己。
21	【学会听不到】你做的越对，背后说你的人越多。你过的越好，背后讥讽你的人越多。你变得越强，背后打击你的人越多。你生得越美，背后嘲笑你的人越多。但又有什么关系呢？只要我和家人爱人每天都能幸福下去，这就足够了。发生在背后的事情，就算我都清楚的知道，也会清楚的“听不到”！
22	老太太摔倒喊附近的人帮扶起来，但是把她拉起来了，但不让帮者离开，说做好事的人撞倒她，要求赔偿，还住到人家家里，这是不是无奈，以后好事谁还敢做。
23	第十一天，在12号之前加油↖(^ω^)↗
24	今天，一个医生朋友无意中透露出：有处方权的医生坐一天门诊竟然能有四位数的收入！默默地，我好像明白了什么……[汗]
25	幸福是比较级，但并非与别人比较，而是与自己曾经的不幸福比较。一个人只要经历过坏透了的日子，就会真正懂得感激幸福。
26	良禽择木而栖，士为伯乐而荣！
27	身边站了一个娘娘腔，我想死。听到他说话我就想吐。[怒]尼玛，可以少说句话嘛。笑声真恶心，我想吐！赶紧到郑州吧，赶紧下去吧，别祸害我啦！一直在说结婚，怎么会有女的愿意嫁给娘娘腔呢！费解。。[晕]
28	告诉你我爱着你坚持到底晨
29	我觉得我很对不起一个人，没能多陪陪她
30	就你懂事
31	喜欢你吃我喜欢吃的东西，喜欢你陪我看我喜欢的风景，喜欢把我的世界全给你，喜欢你带我看全世界，喜欢打喷嚏的时候心里的你说你想我，喜欢你说喜欢我，喜欢我们慢慢像一个人，独立又统一。
32	以后又会是同学喏。
33	有的明明不想按照别人的期待做事却偏偏又很在意外人的异样眼光怎么样才能像我见到的那些人一样为自己而活还是太过懦弱不够洒脱我希望人生不需要牺牲来实现成功等有勇气那一天播主专业会诞生一只奇葩留着很短的头发却可以走的很远
34	别人空间都不能随便评价了，就发了个流汗的表情，结果我和发说说的人就有一腿了？这是什么世道！为什么个个都要怀疑我？难道我真长了一张所谓的“婊子脸”吗？
35	哎哟！好饿新旧两年身无分文呆在陌生又散尽人性熟悉的陌生的人楼下绝望乞盼这饲养了三年的看着象人的畜生会良心发现…！
36	这一刻，我觉得特别迷茫。感觉自己整个人生都扭曲了。我以为我以为的永远都不会变，可是事实就是这样给我血淋淋的一记耳光。
37	手机闹钟居然不响!!赶作业!!
38	要洗澡了，给包子脱成小光膀子，忍不住亲了亲小肚肚，人家扭捏了一下，不好意思地说：因为我好可爱啊！
39	真的很喜欢,但只敢放在心里面.
40	熊孩子们为什么隔几个小时就来问我卷子批好了没，难道各个都觉得自己考了100分吗！看到卷子上那么差的成绩看他们还急不急！今天终于也体会到了什么叫做
41	无论怎样，还是希望能够快乐简单，那些年那句话还是属于U
42	你不是奇怪。你只是和其他人都不一样。
43	女人，有你的关心。
44	陆涛没有夏琳徐志海等等周围一切的人包容他给他一次又一次机会他就是个自负的渣，有才华的多了，不缺他一个。想跳高还不想蹲下，有弹簧吗？
45	一颗心可以很小，也可以无限大，做人的格局大些，看远些，心也宽，路也宽，也就快乐些，也才可以走远些。
46	我两天都不在家。。好像没喂苍井空呢。。。[可怜][可怜]
47	你赚钱啦赚钱啦你不知道怎么去花,你左手捧个破苹果右手拿根烂黄瓜。
48	不帮我订东西，我就要自己的卡订。尼玛结果现在才知道卡都取消了，钱全存定期。现在又说钱是TA的了。呵，我屮当初就不该把卡给你。老子的钱都好意思去抢啊，赚个屁钱你要老子去卖吗？你养老子还喊老子去赚钱。我操操操操操操操操操操操操钱没了卡也不给存折也不给尼玛的！真他妈让老子伤心！
49	就当我是废人也为你改变过
50	碰上这么个下猪的人着实受不了。。。
51	我们家如此沉默，只会用行动表达出来的臭凌祥，竟然打电话给我说好想好想我，[爱你][爱你][可爱]我知道我们都很爱。很幸福哦，49天
52	你不理我的时候，我总是喜欢去看儿子来缓解不愉快，可是现在怎么看儿子你都不理我。
53	相聚离开都有时候，临走时信阳下雨了，一个电话三分钟不到你准确无误找到我，感动。知道我不安承诺我会去川看望我甚至陪我军训，感动。同时还有一个为了送我上学你匆急从北京赶回来，感动。
54	学校是一个什么样的地方呢？是即使你走在深夜无人的校园，也不会觉得害怕。
55	希望你能来'真的好想你`好想抱你--李龙
56	对这俩货没话说
57	被阅读XX次的意思是：呵呵[怒]，被那么多人阅读又如何，还不是没什么人理你。
58	好久没有这么扬眉吐气了哇哈哈哈
59	【2014女朋友标准出炉】身高162-173cm、体重50-61kg、发型长发，性格温和、不吸烟、不喝酒、不乱性、爱运动、会煮饭、会关心人，孝敬父母，热爱动物、举止斯文，不说脏话、谦虚、不乱猜疑、不翻男朋友手机，会时不时给男朋友一个惊喜，不忙会顾家。
60	夜深忽梦少年事，惟梦闲人不梦君。
61	明天公司年会，行政过来问我们想喝什么饮料下午好去买，大家七嘴八舌的要果粒橙什么的果汁饮料，我们领导说要喝可乐，不知怎么我就二了一把说可乐杀精，大家都凌乱了，我们二货领导还弱弱的回了一句，没事儿我已经有孩子了了了了了了。。。。。。
62	，就是一股脑的扎下去。
63	真的很奇怪ㄟ！昨天明明说好（而且是一再的确定）要带我去看手机..然后今天（刚刚）又说：「什么？我哪有说！而且妳是要我累死哦？明后天好吗！？」每次都这样！为什么要这样！明明说好的！但总是让人失望！明后天我相信妳又有更多借口！「说到请做到！不要答应别人，然后最后只能让人失望！」
64	像我这样情绪不稳定，时不时对生活绝望，时刻在担心朋友被自己情绪影响的人，是不是不该有朋友，不可能快乐，不配被爱
65	觉得这班都忒矫情…都把自己当人物了吧…
66	测试一下[最右]
67	昨天去商场很纠结要不要换手机柜员可劲推荐vivo主要是她问我“是刚高考完吧学生们现在都用这款性价比比较高”想想心里还有点小开心呢～【最终我还是没买【其实那款机子还真挺不错【但我其实想买苹果六【没用坏的旧机怎么办
68	一家人开开心心的，就是最大的幸福！[哈哈][哈哈][哈哈]
69	一点点你的微笑已经让我觉得温暖
70	虽然每次会知道这样的事情其实没什么，但是心里就是会很不舒服，很难去解释的，干嘛非要那么不小心非要让人家那么尴尬呢？这些人啊……
71	移动太可恶，现在非常理解为什么老爸坚持用联通了，可以要用飞信还不能换成其他的==联通电信快点发明一个飞信吧，打败移动，哼~
72	姓侯的我今年最大的愿望就是你去死，我诅咒你开车出车祸撞死,走路让车撞死,不得好死,你死了大家都解脱了,你赶紧去死吧，我天天会诅咒你不得好死！
73	[睡觉][睡觉]唉～今天肿么了要怎样？？？[汗][黑线][黑线]=_=[奥特曼][奥特曼]
74	禁补课禁月考我操高考个鸡吧鸟
75	做梦都是你
76	屌丝的种族天赋，把所有妹子都变成女神。
77	为什么要告诉我好吧我也许只是写作业变得迷糊了我该睡了不要想了去年我也是通宵只为最后一天去见某个人
78	坏事情难免让人难过
79	女为悦己者容.这句话的意思.我还是从<<聊斋志异>>里一个女鬼那里学来的呢
80	年少时的情感本就不明朗，甚至有些时候，失去比得到的更显得深刻。。。
81	对于事情一无所知的你，有什么资格这样诋毁谩骂我！可怜之人必有可恨之处，做人如斯，真是让我失望！只能说，谢谢你让我看到了人性的卑劣！
82	据说，在同一间寝室里。必有一个学霸，一个学渣，一个吃货，一个睡神，一个夜猫子，一个2货，一个“歌神”，一个自恋狂等等。你可能会觉得，咦？我们宿舍没这么多人呀，放心吧，总有奇葩能兼容众多特性，成为你们寝室里的集大成者[哈哈][哈哈][哈哈]
83	周末谁个懒觉到800，只听洗手间咣当一声漏水了，赶紧打电话给水管师傅来修理，洗手间不能用整个人蓬头垢面狼狈不堪。[泪]特么丢死人呐~[抓狂]
84	收到神秘的快递[哈哈][哈哈][哈哈]好嗨皮[馋嘴][馋嘴]嘻嘻*^_^*吃戈饭去了[嘻嘻]
85	刚刚看江苏卫视的春晚感动的哭了，老人家盼望着孙女回家过年，儿子期待爸爸妈妈一直在身边，可是为了生活，为了生存，不得不狠心抛下这份思念[泪][泪][泪]
86	关键是我心里拥有太多关于你的回忆，不想忘记
87	热！浑身疼！饿！闹心！睡不着！
88	就这样爱你爱你爱你随时都要一起我喜欢爱你外套味道还有你的怀里[太开心][太开心][太开心]晚安[月亮][爱你]
89	日本电影总是又臭又长，但是感情描述非常细腻，整部电影几乎全由小孩子演出来的，离婚后一对兄弟各自跟了爸妈，然后他们的内心状况。小田切让演了一个废柴父亲生活起居还要孩子照顾，日本的小孩非常懂事有礼貌阿。他们不是让父母照顾的宝宝，还从小自己洗衣服打扫屋子哈哈。
90	快放学了耶耶耶痛苦的8天终于是过去了[兔子][兔子][兔子]
91	每次都是这幅屌丝样你敢不敢来点新名堂让我冒更大的火嘛
92	看样子今年运气是真转好了啊，四月底，手气超好，牌场得意，五月初，桃花运来了，情场得意！看样子我这朵老蔫吧花儿也要重新绽放了啊，走，又看漂亮MM去啦····[威武][浮云]
93	路遇极其热情极其萌的小狗狗。
94	宾语是我还是有人陪的感觉[悲催]
95	……TB看到一个特别（）的七秀号出售，干将莫邪，幽月乱花，大扇子，各种445，PVPPVE全有，还有里飞沙，总共，2W……
96	[笑哈哈][笑哈哈][噢耶][噢耶]晚安。
97	现在怎么那么多闲着没事做，天天说三道四的人啊？别人生活舒服点，就所三到四，嗨，都是啥人啊。
98	活该!蔡慧娴你活该!
99	脸书这种高风险社交网路对我这种反社交人群真是负担，今儿又有人试图重设我的脸书密码，搞得我只好又去重设了一次。上次那个用我另外一个邮箱注册脸书的泰国人的事儿还没搞定呢，我去跟脸书claim说那是我的邮箱，人自动回复说不认为有盗用嫌疑。最近和脸书打交道真是够了。
100	就是可以窝在被窝，即使醒了也不起
101	L在世纪佳缘认识了一个女生，见过一次面聊了几次后就没联系了，我问他什么情况，他说，那个女生小学数学只能考30分。
102	想念一个人的时候，是如影随形，无所不在。在熟悉的楼下，看到熟悉的影子，走进却不是熟悉的脸庞，冰冷失落直袭心头，顿时就落下泪来。为什么总能为一个人反反复复的心痛。我明白he'sjustnotthatintoyou
103	早上还在鸡冻满30天晚上立刻就加到10公里含泪跑完庆幸自己还活着以为能得到表扬结果一句你跑这么慢别人跟你一样的时间15公里都跑到了。。。我只好装可怜说我脚都磨破啦【是真磨破了。。。结果依然不屑的回我一句你就不能买双好点的跑鞋？。。。
104	拍立得与现实世界结合的创意摄影
105	内谁去法意兜了十天硬生生木有买到俺要的SAFFIANO，非要去专柜么，好累，不会再爱了。明天要去电信剪卡，据说要出示工作证，刷脸不行么，好累，不会爱了。
106	事事不顺，我又不是摇钱树，为什么什么事都来找我？
107	敢于创新【加油】【加油】【加油】
108	我确信那时候的我，原来我也曾是我羡慕的。
109	郁闷死了，就知道霉，没想到这么霉，想着路远就算了，还要“坐台”，烦死了。。。。。
110	哄自己开心也是一件很难的事……买了衣服，买了鞋子，也只是买了一小时的快感，满肚子委屈还是咽不下去……
111	地方撒
112	筑城声酸嘶，汉月傍城低。白骨若不掩，高与长城齐。
113	电脑中毒了是吗，一串英文藐视我没学过计算机。
114	兵哥哥每天一个电话，呵呵，小幸福有没有。再坚持一个多月，等下了连队，我们就可以见面咯♥[鼓掌][亲亲]
115	梦里挣扎伤口太多，为爱忍耐不敢难过，我在平地倾跌过，太害怕分离那凄楚、熬得起放不过、立誓真心却为何，跟某个他卿卿我我，流泪了也结束，嬉笑忘我________
116	随意逛街的时候一不小心逛到喜欢的鞋喜欢的裙子[哈哈]
117	怎么吉杰也上我是歌手了么，所以现在是快男包了我歌么？
118	感觉好失望也许这次真的行不通
119	我特别讨厌有的人ktv，找你合唱的歌，自己却握着麦克风不撒手，从头唱到尾，中间都不带换气的！也根本不给你机会，这是什么鬼？你想自己唱就自己唱好了嘛！干嘛还要再抓上一个人？让他给你伴舞啊？
120	虚伪真的是一件让人恶心的事情[悲伤]真的很难受
121	不争气的眼泪又在吧嗒吧嗒的掉，原来爱一个人也有错。
122	我真不希望被有些讨厌的人关注，一定要恶狠狠的移除他们。
123	其实你的女友在网络上谈恋爱很正常，因为你不可能是第一个亲吻她的人，你也不可能是第一个看到她赤裸的人，不要嫉妒和怨恨，没有明星们占据少女的心灵，她们根本就想不起和你要谈感情.你只要做第一个探进她禁地的人，你就是最幸福的一个了。
124	散心，看见小区里一二十出头的小伙子冲着他自个儿养的汪星人＂宝贝儿＂、＂宝贝儿＂地叫得亲热。记得有次和某人约会，我到地方的时候就听到丫嗲不拉唧地喊了一声＂宝贝儿＂，我当时那个爽啊，心想你丫居然也有今天，怎想定睛一看，这丫居然在逗猫……[生病]
125	马年吉祥！马上有钱，马上有对象，马到成功！噔咔啦✔噔咔啦～
126	我们讨厌世界是因为看不清同样复杂不干净的自己。
127	现在真的很喜欢那些COSER啊，很羡慕的啊。只不过是空有想法而已……
128	下午三点多，只一句'我想吃凉皮了'，你就冒着雨、大街小巷地去找去问，过了很久你回来了，湿透了鞋子，有点丧气地告诉我没买到，考虑到我没吃中饭又要忌口，就买了鸡排汉堡和红豆奶茶，看着我乖乖吃完才走开。[泪][泪]
129	无聊无聊无聊无聊无聊无聊无聊无聊无聊无聊无聊无聊无聊无聊无聊无聊无聊无聊无聊无聊无聊无聊无聊无聊无聊无聊无聊无聊无聊无聊无聊无聊无聊无聊无聊无聊无聊无聊无聊无聊无聊无聊无聊无聊无聊无聊无聊无聊无聊无聊无聊无聊无聊无聊
130	就是看着孔明灯慢慢变成天上最亮的星星[哈哈]
131	朋友，要经历久了才知道合不合适。一早地抱太多希望不过也就一厢情愿。
132	突然发现，原来自己有时候做事的出发点和目的太单纯在某些情况下对他人是一种沉重的刺痛和毫无保留的伤害。
133	山中无老虎，猴子称霸王！一点意思都没有！！！
134	没吃饭，饿死我了，呜唔……车站东西真心贵啊，都是按倍数卖的哦，伤不起……
135	我。爱。具。惠。善。
136	看快男是为了看评委，谁跟我一样，举个小手。。。。四个都喜欢，尤其春春，180秒点评时间根本不够
137	曾经的那些执着都只是曾经、因为我的单纯、所以毁了那些曾经。那些友谊破碎了、曾经的都只是曾经、再多的对不起、也不会挽回。见面的尴尬、我也不知道该如何挽救。只能默默的说声对不起！
138	我要怎么办啊？我说不出来啊。这些天老是没事就哭，莫名其妙
139	初中时候看的电视剧，看看自己现在那个时候。真是青涩
140	今晚我究竟伤害了多少个人了不是故意的
141	生命是一个过程，可悲的是它不能重来，路不通时，学会拐弯；心不快时，学会看开；棘手的事，难做时，学会放下；欲去的缘，渐远时，选择随意。有些情，淡一淡，就释然了。有些累，停一停，就休歇了。有些苦，笑一笑，就冰释了。
142	发了疯似的，从第一秒到最后一秒，想要回忆点什么。果然是会胡思乱想，不过对未来还是很有信心的。我知道一切都会好的。
143	今天听到一句最贱的话“你看这个小孩儿像我不”“你家小孩肯定像你嘛”“不是我家小孩，我高中女朋友家的孩子”
144	手机刚刚没放好摔的屏四分五裂[泪][泪][泪][囧]
145	真的是郁闷到了。[生病][生病][生病]
146	我判你死刑。鞋带，你死结得了！
147	红酒鸡，红酒鸡，到底是红酒把我撂倒，还是鸡把我撂倒了......
148	如此幸运，与你相恋!
149	自从食堂的红烧肉炖土豆从两块五涨到三块五我就没有打过了，今天晚上突然想吃的时候发现尽然涨到四块五了。。。。
150	突然有点庆幸最近这么忙〜〜
151	咖啡，冷。
152	希望坠毁的马航飞机乘客们能生还!
153	又回到学习物业师的时候，每天督促我，恨铁不成钢，我自己也着急，可就是拖拖拉拉[泪]。我自己也着急[泪]。为了以后都不生气，我得提高我得效率了！都别生气了。。。成长的幸福！幸福的是还有人督促。
154	可能或许大概我们本地进行了一下网络自查，所以BBM掉线两天，webfreer和谐两天，刚刚发现webfreer能用了，BBM也上线了。。。
155	儿阿！我妈在旁边看电视，里面那个男的长的好象郭敬明。。。的脸加韩寒的身高！！！
156	看着这几天的天气，我就笑了，乌云密布以为是要狂风暴雨，结果却是云开雾散，······晴空万里以为是艳阳高照，结果突然就是飞沙走石，这天气，你TM的是给我开玩笑呢吧！！！
157	尼玛！烦死。都什么思维，暴躁！不爽！都什么状况！[抓狂][抓狂][抓狂]
158	今天真不顺利。首先好好的中级职称挂出去了能有五千进账还信用卡，因为社保的事儿搁浅了。卧槽。大马签证的照片还不行！卧槽。然后又因为想陆续请假，现在特地表现，导致这会还没从单位走。卧槽。
159	勿忘心安
160	我怕我变成罗茜，等了那么多年的青春，最后只得到一个没有任何意义的答案。
161	昨夜思虑真的过度，折腾到两三点，今早六点又睁眼翻坐，不断猛咳，竟然都是血丝。
162	每次呆坐在电脑旁边就不知道干什么好每次想找东西总是会不由自主的被别的东西吸引走最后发现其实你什么都没做抓狂的还是自己
163	人最怕的是什么，最怕的是以后老无所依。
164	地位何在。
165	抛弃了工作恋上了床！！
166	我很享受现在的时光，每一天能够练琴，读书，上课，包括挤食堂。也许，就这短暂的时间，恰似是最最珍贵的。
167	好像没什么事值得高兴的
168	[噢耶]重新出山[噢耶]
169	是小贤子，蛋哥，老王，浩冉，我想你们啦！呜呜呜……
170	定期写画画体会的好处是：可以直接复制到书稿上
171	中国式……围观。今天中午，一男一女在操场打架，尽然有150人左右围观（在小学）
172	求陪自习，求陪玩~~[可怜]
173	很是讨厌写通讯稿之类的东东，领导们想要表达的东东，偶永远猜不透！[泪]
174	白色情人节的红血印
175	要幸福噢、嗯嗯。要学会珍惜拉
176	今天我和我哥们在街上看到一骑车美女，我本打算说：一个骑车的美女！结果说成一个骑美女的妞，我哥们暴笑
177	美国时间凌晨4：37，你们在睡觉，我在为我的梦想而奋斗。
178	不会再让爱的人为任性买单。
179	勤，第一次和别人那么系统地交流人生意义这么一个大命题。很感动，能让我在茫茫人海中再次遇见你😘Jimmy😘
180	我的一颗心，送给一个人。[哈哈]
181	97。我很
182	我认定、鉴定、肯定、确定我是真的被雨水淋透了，都湿透了~快要发芽了~快了~
183	2014年6月28日是我21年来最尴尬、最落魄、最别扭、最丢脸的一天[泪][泪][泪][泪][泪]但是还是很幸运地化解了这些最．．．．还是好伤心当时就想找个缝钻进去。[泪][泪]
184	想想想•••••••••想来想去•••••••发现其实是我想太多[失望]
185	每个人都有一个属于自己的故事。[泪][泪][泪]
186	在家宅不住。好想出去玩。
187	上课可以正大光明的玩电脑，这就是[可爱]
188	哭死我算了…也太倒霉科吧…T_T
189	周六没什么新闻！所以很无聊。
190	我们中心的企业服务微博开的太晚了，让很多企业错过了历次项目申报，且让大量中小企业在工商税务银行开户注册上也花了很多冤枉钱，我们在这里向他们深刻道歉，将积极弥补换取大家的谅解！[悲伤]
191	这两天中午睡觉做梦，满医院跑，最后都是护士来病房。[震惊]
192	哪个好心人给我充的话费
193	我或许没有资格怪你不懂我。你为我做的事情已够多。
194	「忙了一天很累，结果开门看到你笑着迎接我。」
195	忘记带钥匙出门~被锁在外面
196	一个年吸了好多二手烟
197	不知是心情不好才听许巍还是听许巍后心情平静了，反正刚刚好的感觉[害羞]
198	不要把你那邋遢的想法，强迫到我身上，既然你已经不想帮我了，我自己解决有错么？
199	求微博菊苣们告诉我怎么能让一些奇奇怪怪的人不转发我的微博阿
200	原来有些本未上心的事却会被人铭记感谢那么久
201	你终于来找我了。
202	学校是工地家里也是工地，电钻的声音没消停过，躺床上完全能感受到楼在颤抖
203	我也想背上包去旅行。
204	撺掇我表弟拍张腹肌照结果人家以大手机被没收了拿脑壳来拍拒绝了我
205	真的在这里有点待不下去了！恶心！恶心！恶心！
206	闷死了
207	我怎敢倒下,我身后空无一人。。
208	好无聊。。。。连电脑手机都不想玩了
209	好无聊
210	谈恋爱难道不是一天24小时随时随地都想知道对方在做什么吗空下来就迫不及待想跟那个心心念念的人交流哪怕发条短信简单的问候不是这样吗那到底是怎样呢互不理睬我很忙我很累没时间你体谅一下好吧别打扰我恩哦好然后就彼此不联系吧反正无所谓这样是想表达你不在我心上的意思吗
211	活了26个年头，突然发现，自己奋斗的都是些难以理解的空白事件。
212	高三毕业了，他考上了国内的一所大学，而她则选择了出国。不得不面对的离别。在北京机场，两人深情相拥，依依不舍。他默默注视着载她的飞机越飞越高、越飞越远…忽然，他发现飞机航行方向由西向东，且地磁场磁感线方向由南向北，问：飞机左翼势能高还是右翼势能高？
213	的一天。。。
214	有个小屁儿上次跟他爷爷来我家做客看到我家电脑就玩，真是没大没小的自己找上我家来玩来带同学！今天中午一个人在家，有人敲门去一开看到是他，啪的直接把门又关了。[哼][哼][哼][哼][哼]
215	这一刻发现原来我是这么自私说不出来有多讨厌现在的我一直以来都没考虑到你的感受
216	曼德拉出狱时，拜登不顾国会反对前往南非，见到曼德拉并没有沮丧，上前即问你不恨这些狱卒吗？不恨，他们在完成他们的任务，狱卒们为他送行，上来拥抱他，依依不舍。拜登见状由衷说出“天底下还有这么伟大的人”！曼德拉的名字每一个字母都有着他一生的价值追求，自由、平等、民主、不平凡！
217	我的男神他已结婚生子
218	尼玛熬夜看到现在竟然烂尾了！！！之前各种打击折磨虐的我眼泪稀里哗啦的竟然烂尾了！！！！
219	学会写歌也学会唱。
220	老公一直给我吃进口水果，他吃普通的，不同意，但是他坚决坚持。昨天兴高采烈的拿来我以前没吃过的水果给我，自己却坚决不吃，我迎着他得意的目光，有种被宠爱的幸福感[可爱][害羞]。
221	坦白说，我是忘不了，我也放不下。爱了，但那有什么用呢？爱了，或许爱还不够多吧。令人感觉孤零零、冷冷清清的是：如果需要且必要你愿意为ta去死，但是人家也未必愿意领你这份情。未来我真不知道会发生什么，我又迷茫了…
222	我想要的未来，有房子住，不用多大，最好窗外有阳光；早晚有酸奶，一天能吃上一个苹果，有锅给我煮汤，偶尔能逛逛公园，一年能陪爸妈几次；有工作，有本，有单反，有书看，有歌听；朋友偶尔奔过来聚一次，偶尔能到处走走。这样，就很幸福了。
223	黑黑的天空低垂亮亮的繁星相随虫儿飞虫儿飞你在思念谁
224	只有你能每天晚上对我说晚安叫我早点睡觉。[爱你]
225	突然手机里的歌渐渐停了，啊，难道是！有人打电话给我了，原来是我不小心按到什么语音控制--
226	”为，你吃了没””没有””噢，那我帮你叫餐了”没有反应时间”放p不就是多叫了一份没人认领”(这帮朋友已经互相了解得惨不忍睹了)
227	上午给裁缝打电话没打通！关机！。。。后来打通咯，我说今天面交，她说晚上8点东区面交吧，我说好。。。。。结果下午她有关机，企鹅不在线。。。我等到8点半，手机莫得电咯才回去，。。所以老子是被水咯么！！！！卧槽！！！！[蜡烛][蜡烛][蜡烛][蜡烛][蜡烛][蜡烛][蜡烛]
228	我怎么发了好几个错别字啊错字大王
229	在这里也白住了两个多月,是该换地方了,下周开始找房子
230	【老妈男神是发哥】Me：妈，要是我和周润发都掉到水里怎么办？Ma：救男神啊！Me：妈！我就在这呢！Ma：我知道啊！Me：说真的！你怎么办！Ma：男神啊！Me：给我个理由！Ma：你脂肪多自己会浮起来！Me：说！我亲妈在哪！
231	夜色颇好，出门走走。家门口有湖的确是件幸福的事儿。夜深之时，供我消遣，更显秀色。湖面霓虹倒映，随着暮气泛起阵阵微澜，五彩缤纷；湖边也幽静得很，偶有闲人，轻声慢步，也怕坏了湖的雅兴。此刻，吾独立栈桥，极目远望，细听潺水，静享天籁，种种纷扰瞬间被这夜色和微风消释了！夜，静了！
232	我能想到最浪漫的事
233	原谅我笑点低。
234	【公交车？私家车！】有些636公交车到达张江总站拒绝任何乘客上车也不说明原因；有的干脆直接开过。这哪是公交车？明明是私家车！连续遭遇两辆车拒载的我8：30到达张江总站却硬生生的迟到了！PS：这些出现拒载问题的司机估计是“临时工”。为缓解早高峰压力，636有可能临时从其它车队抽调司机。
235	好饿…眼睛进了东西弄不出来…睡不着…[伤心]
236	又要每天面对那个虚伪的女人…
237	灰熊走了盖伊现在看来只是成全了梅奥和托尼阿伦，为啥不使劲打内线！兰多夫的攻击力为啥缩水这么严重呢，是老毛病又犯了？还是真的老了？
238	老农刚进城就见广告牌上写着：小辣椒只需699！老农惊，以为自己看错了。继续前进，又看见一个广告牌：小米，1999！老农心想，是骗子？继续前进，突然又看见一个牌子，写着：苹果，优惠价4999！老农急忙掏出电话打给儿子：儿子，快回来种地吧，我们要发了！（转）
239	思恋一个人的滋味就像喝了一大杯冰水，然后用很长很长的时间流成热泪。
240	这天气就像女人一样，善变天气预报就像男人一样，不靠谱
241	朋友不一起共事，亲兄弟还都得明算账，如果朋友都分不清谁自己人的话，只顾自己的话，不要也中，
242	语文老师进来对大家说上课了已经回到座位[生病]玩手机的我没听清楚莫名其妙的说我在座位阿!!!全班爆笑!!!有谁看懂的?
243	其实偷偷看你也不错
244	最近太热，[挖鼻屎][挖鼻屎]逛街没心情，闲来无事偶然间打算出门买冰激凌，于是舍友们就……
245	在家无聊死了
246	其实很久很久不想开口唱歌了，今天唱着＂400首＂时心里觉得很甜蜜，这就是幸福罢，因为和主很亲近。
247	永远都是只要别人随便吆喝我一声我就立马打了鸡血似的秒回一大堆话然后就等不到下文了你如果真的爱我不是应该抱着手机等我的回复吗发完就闪留我独自等待揣测算什么好鸟活的好累你们都感受不到我的热情
248	今儿个听说所带班级会有两个韩国小女孩，心中顿时窃喜，终于能每天跟萌的一脸血的萝莉打交道了〜可又听说，她俩非常之普通，并无美丽之说，一阵小失落，心想也先整整再来啊〜PS：当然，人民教师是不应该以孩子的长相区别对待的，只是眼红那些分到韩国小帅哥的班级罢了[挖鼻屎]
249	一点也不心塞，很愉快
250	明天你要回来了，你的妈妈好高兴；知道你要出国，我决定换一套新的护肤品，好高兴；不管高兴不高兴都给我笑脸的爸爸，我爱你
251	最近容易被感动。被东方不败感动。被betterthanhallelujah感动。被林志炫浓稠的烟花易冷感动。
252	交朋友一定要交泰国朋友他们既有钱又大方因为他们见面第一句话就是：刷我滴卡……[哈哈][哈哈]
253	只能在这儿发泄一下了[悲催][悲催][躁狂症][躁狂症][被电][被电][互相膜拜][互相膜拜][霹雳][霹雳][泪流满面][泪流满面]
254	今天骑车时候随手带的小抄本掉出口袋,还好有身后骑电动车的大妈提醒我捡了回来,感激!我最受不了的就是东西遗失啦[奥特曼]
255	对不起，赶不上潮流了额
256	[得意地笑]今天在广播剧以外的地方听到了@CV-Petboy大人的声音！~好开心！~大爱~[笑哈哈]还有，我们互粉啦！~哇咔咔~写条微博，纪念一下...么么哒~[兔子]
257	最近我的双重人格让我很抓狂。
258	【奋斗的三个无形助手】每个有奋斗目标的人都必须用好三个无形的助手：激情、执着、谦虚。当激情退却时，执着会帮助你实现梦想；当执着倦怠时，激情赋予你能量；当激情与执着带你冒进时，谦虚会提醒你要眼观四路还要耳听八方！
259	央视记者：大爷你捡垃圾幸福吗？老人：啥？记者提高声音：您幸福吗？老人：我耳聋你大点声。记者声嘶力竭：您幸福吗？老人继续：再大点声！记者无奈离去。老人自语：早他妈听见了，累死你个憋孙！钓鱼岛事你不问，拎个破玩艺满大街问啥幸福吗？我73了还在捡破烂能他妈幸福吗[偷笑]
260	给我一个眼神，麻辣滚烫。
261	购物车里好多零食支付宝里一点点钱突然感觉心好塞[悲伤]
262	喜欢一个人就是他不回你信息，你就急着他会信息，没看到信息整个人是空空的，于是又去发信息给他，这种矛盾的心理
263	么儿。
264	多想和从前一样牵你温暖手掌可惜你已不在身旁拖清风捎去安康
265	恶心的人，有多远滚多远。[怒骂][怒骂][怒骂]影响网络
266	哈哈！从今天开始我当舅舅啦[嘻嘻][嘻嘻]
267	尼玛，不是说暑假换在创业大厦上课吗！不是说有桌子吗！不是有空调吗！结果还在海洋大学破礼堂，那地方夏天一两千人怎么待！
268	不乞求你的原谅，知道你根本听不到！目睹了你扛的大包裹并未碰那人的眼睛，仅碰了他的帽子顶多是头并非脸！本以为他三人仅是寻求道谦的…！你掏出钱包的刹那，欲回去证明但不敢！对不起！给少他们不允，又掏一百？二百？看不清…你比不了他们衣衫光鲜，但几百元买了他们的灵魂！北京六里桥！
269	雷雨天能让压抑在心里的想法蠢蠢欲动
270	想起你的时候你做什么都是对的，用不着的时候你做什么都是找事！！而且还贱！！
271	奋斗，就要放弃那份自由，选择宁静孤独相伴；奋斗，就要割舍那段缘分，选择勇气自信相伴；奋斗，就要摆脱那种繁华，选择苦楚辛酸相伴。
272	我拿菜刀向天笑，笑完我就去睡觉。哈哈，开心睡了，晚安晚安。[酷]
273	是啊，我是差不多要疯了，气疯了，凭什么我什么都要做！凭什么发脾气的永远是我！凭什么得不到任何肯定！！
274	一到夏天才知道自己有多么高低肩外加萝卜腿
275	你让我对你很失望！！极度的失望！！！本来觉得你人挺好，想把我绣好的那幅十字绣送给你的，现在？？？算了，拉倒吧！没必要了！！！你太让我失望了！！！从没见过你这样的！！！
276	父母身体健康。我能心想事成[蜡烛]
277	不想做的事情，干嘛要强迫呢？真是搞不懂，好伤心她那样说我，谁能抚平我心中已伤了多年的心呢！[可怜]
278	呵呵呵呵呵呵。。手机故障了！！！可预想我明年该多顺畅！！
279	对不起，我也只能隔着夜晚和一千多公里的距离陪你痛哭一场而已。[心]
280	每次经过学校门口，保安叔叔都会用很重的闽南腔跟我说：小同学，那个钱包不要挂手上吼，钱很容易掉出来的吼。
281	陪经同学考比口语了，无聊，站死我了[睡觉]
282	很久以前，我以为，只要我对别人好，能忍让，就会换来相同的回报。很久以后，我终于发现，有些东西，任你多么努力，依旧抓不住，所以我学着不再期待。不是自己停滞不前；只是那些成长，突然就让自己冷了心。所以我的字里行间，充满了别人读不懂得心事。
283	虽然脖子痛、手累、眼涩，但我终于在放学前把办公桌上的群山移平了。
284	【记得你获得的祝福如果我们能保持感恩，我们就能获得快乐幸福。很不幸的是，发现我们没有的东西比发现我们拥有的东西容易的多。有时候我们需要体会失败才能懂得珍惜我们的拥有。所以不要把获得什么当作是理所应当的事情。看看你拥有的东西，你会有很多感到幸福的理由。】
285	辛辛苦苦码了一篇关于岛民的日志，结果发现长微博不能粘贴，不能在这发表出来，讨厌讨厌讨厌呀
286	Gotobrowsethecameratoday,sofreakinghappyandlookslikemymumfinallyletmebuyit[威武][噢耶][得意地笑]
287	我们不光要知其然还要知其所以然[泪][泪]唯此，才可以更牢固地掌握每件事[熊猫][月亮]
288	我爱你，爱你！爱你！说好的十点半睡了，我还没睡！嘻嘻！立马睡咯
289	我喜欢篮球，喜欢那种甘愿为梦想洒尽热血的激情…
290	哈哈，我刚听说了，对付钓鱼岛不用中国人民解放军了，只用城管。
291	控住不好情绪，血又噌噌往上蹿，因为性格不好而哭泣。
292	趴在桌上细心听这个世界心慢慢放静我还木有下班[晕]等着美丽到来慢慢释怀
293	像身上的肥肉如此厌恶却又无可奈何，
294	好气愤好气愤！！气死我了。
295	很多M费了力气，也不过想求一份安心，证明自己的付出，都是值得的。
296	好消息：特等奖金条!一等奖凤5!二等奖拍4!坏消息只有一个：你们来晚了兑奖券抢光了⋯
297	放假无聊死了，还是上学好
298	双鱼要是通了人性，人性神性一起通，招惹双鱼的，神会咒他死。
299	不相见不挂念不代表不想念
300	越长大越深刻的体会到，人生最大的悲哀不是痛苦时无人分担，而是幸福时无人分享。我很幸福，虽然大多的努力都是在孤独中前行，但在好结果面前却有人真心实意的替我高兴为我祝福！嗯嗯，这就够了，谢谢你们！[爱你][爱你][爱你]
301	独自躲在没人注意的角落任由内疚像把有缺口的尖刀来回穿刺着心脏••••••
302	我无聊你呢？只好听歌
303	不想看喜欢的人不开心，却又嫉妒他和别人太开心
304	不乱于心，不困于情。不畏将来，不念过往，不饿肚子。
305	真的不得不说信早就系21号寄出去，等了两个星期还没回信我还真的不知道是不是不会回那就早说吧省1.3也好始终都是钱，哦fucK还有我既心血来潮！[伤心][伤心]
306	今年是我的本命年？不是吧？真的新历蛇年？今年那么凄凉，有可能哦！
307	昨天去了趟舅舅家，今天回家。听妈妈说哥哥今天一早就帮我晒了被子，嘿嘿，好
308	我可以给你童话里的爱，你却给不了我童话里的结局！O(∩_∩)O
309	医院是治病救人的地方，也是耗着等着磨光全部耐心的地方。
310	我的电话不是Callcenter，不是专为你们准备的，我也有休假，有私人空间，也有心情不好不想接听的时候。可是现在的我却让自己这么委屈，我甚至没有权利关机，静音，甚至拒接。
311	爱比较转发量到底是什么毛病，还能不能好了？！[生病][生病][生病]
312	考试又砸了！为什么啊！
313	越来越喜欢过日子本身。踏实安心暖暖的安全感。平静淡然的喜悦本身。对自身局限性和优势的认知与接受，与自己和世界握手言和，慢慢柔软，满满柔情
314	看来今年毛概不泄题，这可咋整，先前课不想上，现在连预习都不想预习
315	太想你。
316	今天由于我的原因让@我喜欢的那个漂亮女孩[好爱哦]生气难过了[沙尘暴][沙尘暴]！是我不好！我知道错了[泪流满面]！希望她不要生气啦[纠结]！我想她开开心心的[心]！以后不做让她不高兴的事了[鲜花]！
317	【上】奥巴马看了“舌尖上的中国”后，对习总书记说：“我终于明白了中国文化其实就是吃的文化：岗位叫饭碗,谋生叫糊口；受雇叫混饭，混得好叫吃得开，受人欢迎叫吃香；受到照顾叫吃小灶，花积蓄叫吃老本；占女人便宜叫吃豆腐；靠长辈生活叫啃老；男人老是用女人的钱叫吃软饭；
318	曾经的对自己不够狠导致了如今的种种不满意
319	你(们)可以打我骂我但是不要不理我嘛[泪][泪]@
320	我爱你，心乱。
321	如果泪腺能赚钱，那我现在早发了吧。。。。
322	幸福其实是一个人的隐私。在你眼中看的是一种苦难，在别人的心里也许正是一种幸福
323	朋友要在元旦晚会上表演一个古装话剧，在影楼化好妆，穿好服装后，就急匆匆朝学校赶去。但路上怎么都打不到车，朋友怕迟到，就冲到街上问一个女孩：“现在是什么时候了？”女孩盯着朋友身上的古装看了半天，突然回答说：“已经是公元2012年了。”
324	因为没有放弃自己，所以你要为梦想而奋斗下去，加油！
325	一阵阵的
326	眼皮肿了自己受吧
327	老天，你咋能这样，过年了还下雨，快给我说声对不起，不然我死了都要上天堂来找你滴！！！！嘿嘿……嘿嘿···
328	一个每天早上起床都觉得上班是个负担的律师，并不比一个骄傲地对顾客说“看，这个发型剪得漂亮吧”的理发师更加成功。
329	椰子，今天过的怎么样？感冒好些了么？这两天跟你聊天真的让我很舒心。我不知道要等待多少个日子才能看见你。但我天天想你。你这两天好好在家里休息，多喝点开水，按时吃药。赶走感冒，注意身体啊。快过年了，身体好，玩的开心啊！晚安椰子[心][月亮]
330	刚才出去吃饭，看到一个人，超像我其中一个表哥的。当我走进他刚叫出个表字，我就知道我认错了，他比我表哥要高，我马上加快脚步尴尬死了
331	看见转发的微信，我家小四大惑不解：抗战胜利日为什么不是8月15日？国耻日为什么不是9月18日？凭什么把南京大屠杀定为全国公祭日，难道十五年抗战就南京一地军民被屠杀？末了又一声感叹：要记忆历史，就应该先把历史梳理清楚，还历史全部真相！我无语。
332	我开口和你说了我的感受我就后悔了，又把你置于难过的处境了！
333	我是高中生，明天要起早，不能跟你们瞎逼逼！[泪]
334	电视剧一部一部看。。
335	爱我别走
336	苦苦追逐那么久终于像是得到你承认又有一种吃里扒外的罪恶感想做什么都只能透过看似无所不能实则内涵空洞的网络喜欢你也只能问你吃了吗吃了什么好不好吃接下来准备干嘛不喜欢你亦是如此话多不代表感情深厚浓重言少也并不能说明投诉不够其实我想念你的次数没有想象中那么频繁
337	女人永远不要象男人说对不起！因为他们受不起！[闭嘴][闭嘴]
338	受不了完好的东西被破坏
339	我说你死多几遍行不行
340	今天好朋友结婚了、真的羡慕嫉妒恨啊、不过我祝福、哈哈、我可是很大度的人哦、
341	和他打个电话都这么辛苦，信号不好，人也没耐心。是要安怎～又气又委屈啊
342	刚才刷碗的时候我妈走到我旁边说，你知道吗，今天一个阿姨给我说啊…然后我等着她说下文，，然后她就不说了。。。我心想她该不会又给我介绍小伙子相亲吧心塞啊[生病]您倒是说啊。。然后她淡定的说，帮我问问公立幼儿园。。。好吧这事儿您不能一口气说完干嘛要停顿。。。在家呆够了滚去上班！
343	一个让我不想讲话，一个让我越来越罗嗦，现在的年轻人，我怎么就理解不了？？？？？
344	宝贝特别孝顺，妈妈不舒服了知道要带妈妈去医院看，妈妈疼了知道帮妈妈吹吹揉揉，妈妈累了知道帮妈妈捶捶肩，连妈妈上厕所都要叮嘱一句：“妈妈，你小心一点，不要掉进水里去了！”[哈哈]
345	没人懂，那就自己懂自己好了
346	没有吃粽子…但是我画了一个。
347	我居然在写日志
348	我似乎想把1996变成爱我的人
349	无聊的最高境界。。。[挖鼻屎]
350	脑子一根筋不转弯我自己已经确定要不得了，思前想后在脑子里转了百八十圈还拿不定主意是现下的状态。都不妥。
351	半路杀出几个乘客，一个女的选择跟老外坐在一起，刚才上车时对我说你好的那个老外一下子有点腼腆
352	看着面板一天了，知道你在，知道你在玩游戏，好想你，好想和你说话，可我知道你不会理我，再也不会理我。[悲伤]
353	刚才pad登无线登了至少十遍没登上去一边让草泥马在心中踩了s***web一万遍一边持续输密码。。。然后11遍的时候我发现我抓着的是同事的工卡输的动态密码=。=
354	电脑没了手机破了看电视
355	学谁不好，非要学央视，我们就今天学学央视吧，今天我们一起说说幸福吧。在寒冷的冬天，大家一起晒晒幸福，温暖一下。
356	我讨厌抗日剧
357	夜开始深了，你的心也在变沉吗？当你在思念时，才真正发现，原来心沉是怎样的感觉。
358	蜂蜜牛奶兑龟苓膏居然混出了一种奶茶的味道[思考][失望]
359	今天怎么不点名，我不开心啊
360	地铁抢位也是各种宫心计,其实站着可以看到各种事业线
361	房地产商说，幸福就是好房子。手机销售人员说，幸福就是时尚机子。医院说，幸福就是好医好药。学校说，幸福就是好成绩好学校。年轻人说，幸福就是房子车子和票子。老年人说，幸福就是健康儿孙满堂。不幸的家庭各有各的不幸，幸福的家庭也有自己的说法。
362	最近本淫情绪波动较大，切勿轻易靠近【踹飞】我现在超想爆粗啊，肿么现在喜欢喷人的人这么多呢？！！拜托先看清楚自己有几斤几两再去说别人好不好！刚才看到一条微博说最讨厌别人说话时用“。。”或者“……”，感觉摆着一副欲言又止的小贱范儿之类的，Fuck，姐就爱用省略号怎么了？[怒]
363	至今还没见过这次的新郎，我跟小伙伴说不知道新郎长怎么样！小伙伴说：“新娘是处女座，你要相信你自己。”哎呀呀，人家只是喜欢有腹肌的斯文人罢了，又不喜欢帅哥咯！
364	哦哦，
365	原来这么麻烦的说.....[猪头]
366	无聊的出去染头发
367	幸福常常是朦胧的，很有节制地向我们喷洒甘霖。你不要总希冀轰轰烈烈的幸福，它多半只是悄悄地扑面而来。你也不要企图把水龙头拧得更大，使幸福很快地流失。而需静静地以平和之心，体验幸福的真谛。——毕淑敏《提醒幸福》
368	似乎忘记了……[悲伤]
369	一个人在海边坐着吹风，海边赏月，（ps：近视眼散光不聚焦比眯起眼镜来大了不止一倍）听着应景的歌，实在是太适合用来想念人…
370	现在在中国提到这个词，想必多数人的脑海里出现的都是快乐家族。究其原因：1，湖南卫视深谙“娱乐至死”之道；2，团队名字定为“快乐家族”；3，当家主持幽默实力卓越！你怎么看？
371	永远不要因为一时赌气而推开最重要的东西，别等到失去才后悔所以，道歉吧，为了自己，为了不让自己心痛后悔，道歉吧
372	四天没读书了！！！！！！！！！！！！！！！！！！！！！！！！！！！！！！！！！！！！！！！！！！！！！！！！！！！！！！！！！！！！！！！！！！！！！！！！！！！！！！！！！！惠哥！！！抓紧下线去读书！！！！！！！！！好！！！！好吧下载完古惑仔马上滚回去读书！！！！！！！
373	我妈已经有意无意的好几次说起那谁谁你同学都要把男朋友带回来了，你看看你穿的一点都不像个女的
374	我是不是真的不能喝冷饮了。自己说的却做不到。
375	该断不断，必受其乱。各位姐姐，不要再来乱我的想法了，我都快纠结死了…
376	生活让我们真的无可奈何，昨晚我很烦，很累，郁闷。不知道自己如何选择[爱你][爱你]
377	曾经想去却没去成的地方。
378	好友曾经跟我说过“近期心情不好，希望此刻的对话尽量不传递负能量给你”多年过后，再次回顾此番言语，多少也有些感动。处于低迷的我，尽量用理性去保护自己，也尽量不伤害朋友，雨过天晴，或许也会遇见彩虹。[奥特曼]
379	哦。人都死了对吧。[抓狂]
380	【坚强的大拇指】1997年，一场意外，他失去左臂，右手仅剩拇指。伤愈后，他白天摆地摊卖杂货，晚上捡起儿时的画画兴趣，练习笔法…七年苦练，他用一根拇指绘画养活妻女，"我不仅要做别人能做到的，还要做别人做不到的。"40岁的重庆汉子张启辉用坚强向命运竖起大拇指[赞]
381	如果你最爱的人骂你是疯子，是不是可以原谅他
382	生物钟是要乱序几天
383	很渴,但是还不能喝水。我要忍住,快点入睡,睡着。。。
384	一个人感到幸福快乐无非就是两种，一个是在外界寻找快乐，这样子自己会很快乐；另一个是自己让自己变得快乐，发自内心的平和，安详感，才是最终的内心变得强大的写照。
385	如果一个男人，可以大半夜跑去你家楼下唱歌给你听，可以在公众场合满足你任何无理的要求，可以在你不开心的时候扮小丑逗你开心，可以时不时的拿出手机看看担心错过你的信息或电话，可以为了请你吃顿大餐而省吃俭用吃一星期泡面，可以手机二十四小时开机待命任你随叫随到…那么，他一定是个屌丝
386	泡泡温泉，吹吹空调。
387	所谓眼泪，是流出来就能将辛酸与悲伤的心情一起冲走的方便的东西。但是总有一天，你们长大之后就会明白：人生中，有流泪也冲不走的令人伤心欲绝的事物，有绝不能用泪水冲走的珍贵的苦痛。所以，真正坚强的人，越是想哭时，越会露出笑容——《银魂》
388	这个剪不断理还乱的冬天。
389	晚上在can1吃鸡扒，霍然发现一个鸡屁股，于是哥刀叉嚯嚯，把它爆菊了。
390	亲。爱。的。
391	现如今。。。小人儿~~我想念你的心情如同妈妈想念我一样。。希望我悟的还不算晚。亦来得及补救
392	打问卷发问卷回收问卷统计数据算比率写总结做PPT——反正以后特么都不在这个学校了这些事与我何干？他妈的这是在搞笑是不是。果然大部分人的世界都是我无法理解的呵。呵
393	自从看了《穿条纹睡衣的男孩》后，对老仆人被殴致死的场面惊到，从此出去吃饭看到56十岁的人在旁边打扫，都有点心酸。再看老年人讹人，有谁调查过老年人背后的事情么？在批判的同时，有想过这样做的目的么？不是善良滋生恶，而是仁并没有泯灭。如果说现实打压年轻人，那社会就在咄咄逼老年人。
394	好蛋疼的讲座
395	当春晚唱起“你就是那一把火！熊熊火焰照亮了我！”我眼睛一亮丢下手中泡面站起来大吼一声“nobloodnobonenoash！尊哥！”我妈睡了我爸惊恐的看着我……
396	第一次把车放公司门口，就被划一条大口子，哎，有些人真有待提高素质。
397	不管你做的有多好，为人多光明磊落，也还是会有人在你背后给你泼屎。
398	奋斗第一天！！加油
399	纵使是计划的相遇，是特意的相遇，都会让人感动好久，因为爱你，所以总是想起你……
400	在这里我建议那些常吵架的恋人或者夫妻做这事：两人吵完架后，可以互换角色再重复一遍刚才吵架的内容，保准你们俩自己笑破肚皮！（这条很好用喔，哈哈，下次可以试试）
401	时常徘徊在众多分叉口，不想前进不想退后，如若此刻静止，我便如愿逃避。可是啊但是，那就不可爱了，果断直面破碎吧！
402	最讨厌整天挑刺，事事的人，跟个事妈似的，烦死了。
403	微信里一妹子说，打飞机几百万了，我藐视的说我一打就几亿，妹子问如何打，我微笑的回答纯手打。
404	塞并痛着！[泪][泪]需要赶快找个男盆友稳定下来。别人都与我无关。[蜡烛][蜡烛]
405	我喜欢出去玩也想出去玩，但是我讨厌路上耗费的时间，如果是长途旅行我是不介意的，吃零食伴着睡觉我倒是可以挺开心的度过，可是短途的一些路程反而会让我感到麻烦。嗷嗷嗷嗷嗷所以我一直幻想有瞬间转移的本事，那样有些不必要的路途就可以省去啦啦啦。
406	在被窝里两个小时了都没睡着，注定失眠！！！
407	[1/2]以前他总是会对我说“我想你，想的心里难受”那是我总是应付说我知道。直到分手后，我才真正的明白那种思念的滋味，原来思念心里真的会很痛。走在路上看到对对情侣，总是不由得想起当初我们的点滴，心里会微微颤动，那一刻我才知道，我还爱他。分手才一个星期，一个星期没联系我却感觉过了
408	[思考]为什么还有黄头发长出来阿
409	到发毛
410	其实我们大家都被命运捉弄，，
411	你是我遗失的梦想老去的青春是我丢在旧时光里的那个任性而青涩的背影我忽然害怕与你目光再次交汇的那一刻
412	从今天起，收起自己的懒散，真正体会“痛并快乐着”，也许会受益匪浅呢。
413	我有一点累,想的事太多,能实现的太少!为了我家猪宝宝!还得努力!越来越努力!话说为了自己的大宝贝当妈妈的究竟可以牺牲多少泥?
414	我误会了你
415	我若说喜欢你你能否不在意即使拒绝也能继续来往？我想这是我不向你告白的原因不过我还是很喜欢你
416	明明已经很难受了，下午去睡觉时辗转反侧出虚汗。他说，这种天气不会着凉的；我，哦。
417	一把年纪的我居然收到情书了。还是鬼都不相信的一见钟情。
418	那个他会等你安全到家，跟他说了晚安他才舍得睡；即使明天五点多就要起来，也因为不想你不开心，强撑着等你先说睡觉了才肯睡。明明知道自己的工作性质让他没办法陪在你身边，他会更加珍惜每一刻和你相处的时间，关心你的每一个细节，就算再忙也抽出时间陪你。也许这样就足够了。
419	在阿里巴巴(滚动资讯)收购了发誓“绝不会被人收购”的UCWeb后，有一哥们在网上发表了他的血泪史：因为在阿里干得不开心，离职去了虾米，然后虾米被阿里收购了；坚决辞职，进了高德，然后高德又被阿里收购了；愤怒辞职，去了UC，刚刚转正，UC又变成阿里的移动事业群了……阿里你狠！
420	老板在网上卖女鞋，生意不错。有天，一美女直接把自己的双腿和双脚照片传过来，要老张照着腿脚的样子给她配一双靴子和一双鞋子，老板愉快照办，美女也很满意。第二天，老板就在网站改了经营项目：卖胸罩。
421	特别喜欢听5先生说“谁惯的你都没样了”！[嘻嘻]
422	我只不过是想在累的时候有双腿当枕头来依靠罢了。
423	「Iloveyou」を神田ユウ风に翻訳すると「君の身体が欲しい」になります。
424	还能说什么，你真的太过混了。[小章鱼]
425	我真的是爱你的。
426	生活不乏快乐，缺乏的只是盛装快乐的大肚。[哈哈]别让大肚只容天下难容之事。
427	对幸福要抱持雄心。在你下决心要提升自己的幸福指数时，虽然你的出发点可能是自己要享受更多的快乐和满足，但你要知道，周遭的人也会因此而获益。《你可以幸福!》威尔-鲍温
428	幸福就是每天放学饿着肚子时经过南门闻到的阵阵诱人的面包香
429	开心那么难为什么要强迫自己做那么难的事情呢
430	话不多两个字
431	TMD总会有那么些爱犯贱的JR,头疼
432	能和你在一起的那个人真是太幸福了
433	@其实我叫周思思说我名字很好听。
434	不代表我难过,我就是茫然。。。
435	幸福是深夜饿了有餐美美的宵夜填饱肚子[太开心]！然后美美地睡上一觉[太开心]！尼玛好幸福[爱你]！晚安
436	我让很多了失望了，也伤了太多人的心。换成是别人我是无法原谅的，但我还是不讲道理地原谅了自己。
437	【夏季苦中享瘦】1、凉拌苦瓜，能减少脂肪摄入，是排毒减肥的健康食品；2、苦瓜鲈鱼煲，优质蛋白能增加饱腹感和增加热量的消耗，加上苦瓜更利于减肥；3、苦瓜苹果汁，独特的果酸是加快脂肪燃烧的重要营养物质，加上苦瓜，想不瘦都难；4、双菇苦瓜丝，菇类的低热量，加上苦瓜锦上添花。
438	我下午一个人坐在百惠超市的大门前哭了十多分钟
439	一天被闪电劈了好几次然后打甄姬一直判定红八卦阵就一直判定黑[顶]
440	好想参加义工活动~可是上义工网看看，能参加的活动都满人了啊……[失望][失望]
441	看你新换得情侣头像大概略知一二对不起还是没法真心原谅我的自私。祝，
442	在你们心里有没有那么一个，你每天都会想起的人???
443	积极心理学是什么？一个中心三个基本点。一个中心：以研究人的幸福为中心。三个基本点：积极情绪，积极人格特质，积极的社会组织系统。一、智慧与知识；二、勇气；三、仁慈与爱；四、正义；五、修养与节制；六、心灵的超越。他与宗教相思，他是幸福的宗教！
444	复习是一件多么难的事。可是如果挂科的话又对不起父母兄长，对不起叔伯乡亲。在上上学期古汉挂科之前我是从来没有怕过考试的说QAQ。。。。啊啊啊啊咦其实也就这样
445	家人健在，朋友依存，身体健康，生活有动力，未来有目标，就幸福了，就足够了。想要的太多，难受的是自己。
446	好好睡我是个胆小鬼没有你我怕活不下去所以要紧紧抓住我的手知道了吗我们下辈子再见
447	记错试验运行时间！！！！！这这这这这…
448	根浅的小树易被暴风刮倒；人只有负重时才不会跌倒。
449	电脑从桌子上掉下来，屏幕坏了，全蓝屏了…呜呜呜…谁告诉我，电脑还能修好不？
450	这星期个个人说特么衰…当然我也神衰！[抓狂][抓狂]最近是怎么了这世界[衰]好吧最好要来一起来来完就算我已经做好准备了就让暴风雨来得更猛烈些吧[泪]呵呵呵呵呵呵呵呵呵！！
451	懒比现在还没开始收拾，所谓行程也只大致规划到第二天。。。明天咋整，后天咋整，大后天咋整，大大后天咋整。。。。
452	怎么看加多宝这几张图很让人心疼呢.
453	某人瞬间高大上了啊哈哈哈哈
454	有人说幸福是一张纸，象征荣誉的东西。有人说幸福是过周末，享受自由和快乐。
455	成功的光环往往每个人都好记住，可有几个能记住成功者说成功前的艰辛与努力？
456	对不起谢谢
457	如果眼神可以杀死人，那么我就是杀人不眨眼的恶魔！
458	我真的不应该总怀疑你，我承认你对我真得很好…唉！原谅我吧，总是爱多疑，把别人往坏想。对不起@我爱的以及爱我的人
459	我多么害怕你不知道，我爱你。可却不知道怎么告诉你，我爱你。请你相信，我爱你。
460	对面的姑娘学习特别努力。书页翻得特别用力，哗哗作响，写字写得掷地有声，换笔啪啪的往桌上扔……我坐在她的对面就好像感受到了一场激情昂扬的交响演奏会，反而更加消极了〒_〒
461	穷人说：有钱就是幸福。富人说：有闲就是幸福。农民说：丰收就是幸福。残者说：能走路就是幸福。盲人说：能看见就是幸福。工人说：不上班就是幸福。医生说：治好病就是幸福。乞丐说：有饭吃就是幸福。学生说：考上大学就是幸福。母亲说：孩子幸福就是幸福。病人说：能够活着就是幸福。﻿
462	害怕天亮[泪]
463	漂亮的结束了～！
464	老子初吻给了一个男的！！！！！！！？！！
465	原来的我，只认为世上只有善，只有爱；只认为无论是什么都只能做善事；只认为应该用最真的心最挚的情去爱这个世界[伤心]可我得到的只有算计，只有伤害，只有泪水，只有悲哀……所以在2013年大年初一向着刚升的太阳我发誓不在有爱，不再有情[下雨]可我还忍不住爱，付出真情，对身边的每一个人……
466	我真的不是故意要吵到你们睡觉的，对不起[泪]607…我罪该万死我死不足惜！要杀要剐要骂要投毒随你们了，我愿意接受惩罚[闭嘴]
467	一个星期没去健身房，刚练了回，肌肉好酸手都抬不起来。。。。洗洗睡[困]
468	老妈给带了很多菜，但是在这个大盛夏的今晚解决不了就都浪费了。我一边拼命塞菜一边向同样饱饱的老弟抱怨怎么带来这么多菜，吃不了都坏了！远子就是，都说吃不了得费，但是还是额拿。哎，这就是母爱呀！良久又说老卫来了就好了。。@味同学
469	老子已经好多天没有好好能睡着觉了！
470	如果你有心就会找我
471	放假开心！
472	相信么？昨天陪着老豆深圳一日游了。今日又各回轨道。嘛，你不得不承认，她的命运从头到尾比你幸运，她生活在家人爱护下，一直在一起。
473	一个个都离的那么远想找个人说话都难
474	尼玛弱爆了好吗
475	乌鲁木齐武汉青岛济南郑州石家庄北京沈阳杭州深圳桂林南宁宜昌南京上海
476	这样挺好。接下去好好过年。陪家人。
477	草稿箱动不动就跳出来自动发成微博，尼玛八百年前的草稿也自动跳出来成功发出，你们这是要造反是吗！？
478	我会继续努力2013加油
479	爽感。
480	越辛苦，越要成为对方的力量！！！
481	爸[爱你][爱你]
482	有一天你会明白，人不能太善良，老好人是受欺负的，因为人们只会挑软柿子捏，他们只会得寸进尺，如果事事都太大度和宽容，别人也不会感激你，而是蹬鼻子上脸，有时候应该适当的有点脾气，对待有些人真不能太温柔和忍耐，因为过分善良会让我们丢失自己的价值和尊严，过分善良也是一种傻逼。
483	好几天不发微博了，今天报到
484	现在全身肌肉疼的感觉让我疼的舒服
485	记性好有时候并不是什么好事。不过。。。。。。。。学linux时候还挺好的。。。。。。。。
486	生怕你们的日子里不再有我
487	回家路上注意安全，平安回家！
488	看完了一代宗师，感觉就像看了好多人的传记，打也没打多少，倒是对话的深奥让我能在电影过去10分钟了还在琢磨10分钟前那一句说的是什么意思……梁朝伟是帅炸天，章子怡也很帅气，一线天在这部戏出现的意义我理解成为了引出小沈阳这个笑点，总之就是奇怪的电影……不过看的很高兴~[得意地笑]
489	如今我们已经年老色衰/再也不见当年的风采/历历往事如烟/岁月如冰霜命运多蹇/常使英雄心寒气短/但豪气不减/我将不懈努力求索/战斗到永远
490	“最近工作总是出错，丢死人了。”“出了什么错？”“不是说了吗，丢死人了。”殡仪馆保安垂头丧气地说道。
491	【是否保存修改后的文件？】【否】让我去死一死。。
492	俺长的很丑。不能和高富帅一样。天天和你啪啪啪[偷笑]
493	语文课上，多次被点名，丢脸啊！这个奇葩…………
494	喜欢的人在眼前，最好的朋友在身边，伸手一摘是风景，抬眼装满浩瀚星空，我们饮山涧，在雪地里奔跑，又躺在云里……
495	对不起没关系
496	我最近天天晚上不想睡，早上不想起
497	速度6，
498	对不起，我还爱着你，其实以前给你的所有不好的都不是我想给的，一百个对不起也挽回不了，我只是想让你说一句不肯的话，而你却直接答应了，我知道愈合了的伤口是不会完整的，就当一切都是我自找的吧！
499	粉饰后的东西就像飞箭一样，挡不住。
500	过不去就过不去，别说我游戏有问题，不会过就拆游戏真心受不住；拆游戏就拆游戏，TMD不会看非得说我程序设计错了真心承受不住；我说了我没错还让我检查，我说我讨厌别人拆游戏，我说我没弄错就是我态度不好——你拆游戏你就没错？你对，你可对了，现在我明确的告诉你，那关根本就不是那么过的。
501	所谓的幸福，就是明白了什么叫爱。
502	期待和然然同学的叙旧，期待肉丝的礼物，期待Niko带我去游乐场，期待我美丽的夏天。[太开心]
503	亲爱的数学，我最爱的就是你了，可你都没让我满意过…
504	我怎么可能每天好好听你的话好好吃饭好好睡觉好好上课做不到[伤心][伤心]
505	幸福是什么？1牵手相伴一生！2生活平稳，乐趣融融！3上天入地玩心跳，无忧无虑来生活！4健康长寿儿孙满堂，瑞人看百年！
506	我太倒霉了开始叫我说题说前面的同学说一下---坐下然后我就蒙了老师说"***"然后我就又站起来了
507	因为害怕失去所以习惯了拒绝
508	那么艰难的日子我们都熬了过来，怎么现如今却感觉离得越来越远
509	每天面对不同的脸色。
510	和本楼层最喜欢的，即将毕业的师兄撞了个满怀，他还裸个上身，性感的小胸毛，我当时眼泪都要出来了，真是五味杂陈，幸福，激动。娇羞和，不知所措。我靠，死的心都有了[哈哈][嘻嘻][泪][爱你][抓狂]
511	要什么？馒头。毫不犹豫给了我奶黄包。
512	2…什么叫觉？知道人很苦，知道六道很苦，这就是有相当深度的自觉。知道六道苦，他才肯发心离开六道；如果在六道里还没有觉察到苦，他怎么可能想离开六道？迷觉就是从这里分的。知道人生苦，知道六道苦，这个人觉悟了，这个人开悟了…
513	善良不单是道德的儿子，而是良好制度的产物。
514	搬寝室打包打了一个皮箱，两个兜子一个箱子两个收纳箱外加一堆等着我装箱的书和杂物，可是已经没了。。。别的不重要，只想天降大神说，放着我来！搬完爱哪哪儿去[泪][泪][泪]
515	为什么一直把感情浪费在无关紧要或者根本就是虚构的事上，却对至亲至爱的人那么吝啬表达？想来就是在犯贱可又能怎么样呢，说说容易，要做真的很难
516	我最对不起的就是自己，没能变得很精彩。没有做过很牛的事。
517	一大早在公交车上没发现座位
518	哈哈哈哈羡慕不？
519	其实谁都害怕我对你不像你对我…
520	每个男人都该生个女儿，然后，你希望未来的女婿如何对待你女儿，就如何对待自己的妻子。妈妈们同意吗？
521	一个人过节，创意走起来，尽请期待。。。。。。
522	话说我今天真是有病，在一句骂人话上跟人死掰，老老实实该看什么看什么算了，反正别人乐意用是别人自由我们不爱用是我们自由；到时候自然有一群人开骂我就老老实实该干嘛干嘛去算了
523	才开学几个周而已，对有些店主家长，利用家长QQ群推销商品的做法，极其讨厌。[鄙视]
524	幸福不是房子有多大，而是房子里的笑声有多甜。马上要住小房子了，只要有其乐融融的氛围，房子再小，幸福的感觉不会改变。
525	被阅读XX次的意思是：呵呵，被那么[足球]多人阅读又如何，还不是没什么人理你。
526	周宁很不错，有瀑布，蝙蝠洞，海姑，土豆饼-海姑是什么？-海蘑菇-哦，没兴趣-武平比周宁更好，下周去吧-武平有啥?-好吃好玩的，我朋友去过了，说很不错-哦，没兴趣-那你对啥有兴趣？-窝着睡懒觉-能不能有点前途?-好吧，看电影，喝咖啡-这些都很平常，任何时候都可以。去武平难得啊-不要！-你……
527	在EXO里我喜欢吴世勋，在BigBang是权志龙。在Fx是宋茜。在CNLBUE是郑容和。在少女时代是徐贤。在2PM是尼坤。2AM是赵权。你们呢？？？[嘻嘻]
528	又掉粉
529	乱搞的人也很可怜，得到的是短暂的禽兽一般的刺激，但在糟践自己和他人肉体的同时，也失去了内心的安宁与幸福
530	睡不着[泪][泪][泪]想到明天学车肯定会被骂、[抓狂][抓狂][抓狂]。为什么学员明明交了钱，教练还要有事没事骂学员呢[怒]目测明早去黄宅的路上会让我开，然后一路骂过去，挑我的不是。天哪、[闭嘴][闭嘴][闭嘴]我是顶嘴好呢、还是沉默好呢[衰][衰][衰]研究一下。
531	今天我被感动了王然姑娘的神话生日快乐成年快乐(王然是我看的网络春晚中的一个可怜的姑娘)
532	凉风中陪妈妈走来大老爷宫拜老爷跪在妈妈旁边纳闷她没读多少书祷告的话一口气说得好顺溜爸爸工作平安顺顺…大女儿二女儿在哪哪哪工作平安顺顺贵人重重…三女儿…突然觉得这种迷信的行为能够一直传下来不单是因为这片土地
533	今天在公交上幸福的一幕[可爱][可爱][马到成功][马到成功]
534	你们知道吗我都把特意问了我妈我有没有吃饭因为我喝了牛奶so不饿结果他费尽全身力气把饭扒光把菜吃尽。
535	韩语有这么简单嘛？看一眼就划答案？不得不承认，学霸也。
536	我给老爸唱歌。可是他不要[泪][泪]扫我兴[泪][泪]
537	不再找当初我们的诺言，不再找我们当初说要陪伴终生，不再找当初的我们了，那只是以前的我们罢了。[威武]
538	睡觉！求明天不迟到！求一周不办错事儿！
539	笑爸一回家，就说：你赶紧做饭吧，还要去跳舞呢！！说实话，我今天真滴忘记这码事儿了。上个星期周四笑笑情绪不好，我本来也准备不去跳舞了，笑爸催着我说不去到时候跟不上呢！任何事情都贵在坚持，而我跳舞的坚持还有一个这么贴心的支持者，这就是幸福
540	就算你是一只刺猬,此时此刻我也愿意我也想紧紧抱着你。什么都不要说只想好好看着你
541	刚去洗澡给我妈说让她帮我把床铺一下洗完澡好直接睡觉她说这么大的人了该找个媳妇给你铺床而不是还是让你老妈给你铺床
542	病了，想磨人，不舒服，想发泄一下…能做的只有默默睡觉…不出声…
543	最近开车不知是不是太不认真了，因为这因为那老出现问题，追人家尾，侧面被电动车撞，后面被停车锁蹭，今儿中午开车实在犯困，差点睡着，迷迷糊糊车跑偏了，倒车镜一下蹭到隔离墙弹回来才把我从清醒中拽过来，吓死我了[悲伤]，哎，时刻提醒，小心小心，慢行慢行[cai崩溃][cai崩溃]
544	隐约感觉和谐号华农计划要被打破了[雪人]
545	我的羽毛球，我的陶菲克。我的梦
546	三月第一天六级过了三月一定是个好月！我要好好看VB一次性过[酷][酷][酷][酷][酷]
547	这件事总的来说还是我引起的吧。让你现在那么难过，让你当时那时难处。对不起对不起。@别看了不会是你-WULIYA
548	能不打扰我的生活吗？[愤怒][愤怒]首先我很困，然后我感冒，接着明天要上班。最最重要的是——三更半夜我如果发火的话别人会以为我是深井冰；更更重要的呢，就是——从来我都没办法对你发起火来。走开啦！妈蛋，突然鼻塞无法呼吸加饥肠辘辘，这是造哪门子的孽？？？
549	过分解读一个人的每句话，要么很厌恶，要么很😍
550	感冒，发热，心慌，厌食，疲劳，压抑，现在还流鼻血[衰]😞💔
551	正好心情住哩，存心给我找不爽，真以为自己多主贵，太看待起自己了，，恶心。。。
552	今天的任务是---打扫卫生！赖在床上不想起---拖延战术。但想到冰箱里静静地躺着三个泡芙和山崎的花园三明治就「好开心！」
553	看电视剧断奶好浓的上海音调唉好熟悉的语气阿上海再等我一年杀回去[酷][酷]
554	有好远就滚好远
555	研究了下装修方案，随便算了下费用。超出预算近十万~~四处筹钱！真心是你一万我一万的凑。也遇到有人说，这点钱你去找谁签字再找谁拿钱就行。我能说什么呢？屌丝逆袭绝对是这个世界上看起来最励志，其实最苦逼的事。因为你不但得想办法用最少的钱办最多的事，还得面对各种白富美，高富帅的刺激。
556	今天看了中国梦之声的阿吉太组合，喜欢上看马头琴的音色，确实很好！
557	在我国市场上销售的食用油，前十名有六大品牌是外资的！金龙鱼、胡姬花是新加坡的。而且，80%的食用油都是外国进口的！！也就是说目前的食用油大多数是转基因的，艹～～～
558	我和我的小伙伴们都惊呆了!!
559	悲观主义从来都没有幸运过。从小到大都是霉着过来的，我个发霉的孩子。。。又输了，小赌贻情大赌伤身。顺其自然吧。
560	才发现原来自己是如此的脆弱这个懦夫不阿空力量变面对现实面对自己勇敢一点一步步艰难走向巅峰整个时间整个空间(唷啊一啊种啊)
561	不喜欢别人粘我
562	晚安世界，时间流逝，距离死亡又更近一步[江南style]期待这一刻早点来[挤火车]
563	其实，我应该学会相信别人！相信别人可以处理好一切！…不是所有的事情只有我亲力亲为才可以完美，也不是只有我才可以圆满！学会放手，或许会有不一样的惊喜！…
564	每次这个点儿做噩梦老妈吓得衣服不穿跑到我床前轻轻叫醒我我还在胡言乱语她就拍着我等我不害怕了她就说“你看猫都让你吓跑了”刚才还说我胳膊变粗了是啊是啊不都是她喂胖的
565	我想用生命去记住每天
566	原来昨晚那场球阿联听到缝针就不能上场，就简单包扎重新上场助宏远险胜[心]一则名为“胃癌后，家人走了，前男友来了”的新闻[心]生活感动人格魅力无处不在[心]
567	100w，中国分公司的。你们准备捐多少?
568	打败你的不是天真，是无邪。。。卧槽
569	等待，终又是失望
570	太可怕[拜拜]
571	一场普通的友谊赛，刘健宏竟在爱国主义教育，一件橙色的球衣并不代表爱荷兰胜过国家队，更多的是失望...没有成绩，何来球迷
572	15.这是一个很卡哇伊的学妹，是某人的机油然后后来一起也玩的不错。和某人名字谐音!!我们都饭摩登还有2BG惹好开心推荐同类的片给你叫少男奶爸好剧值得拥有。觉得我们也有蛮多共同话题的卫兰啊霉霉啊轻松熊啊啥的，这是一个善解人意的好妹子哟。粗三用功读书哦有空去看你然后拍照照惹!!
573	喜欢和姐妹们在一起的日子，会一起很nc很幼稚踩影子唱儿歌雨天踩水，会很文艺地沿操场走路牵手聊天，会一起仰望七楼[偷笑]，每次吵架后隔天又没事，会有时间就跑彭妞家翻天复地，那个暑假，吃到彭妞亲手煮的绿豆汤，真的觉得好幸福！好吧，每次无安全感总跑骚扰奕，虫虫约唱k俺老放她飞机…
574	就是看到背影就知道是你了是感觉转身就是你了你呢当初的你也这样爱着她吗挥之不去的是你们在一起前后桌讲数学题的画面我想这就是为什么我只敢暗暗喜欢你最好解释因为我忘不掉你深爱过的她而现在的你也不爱我
575	时间终于证明了它的无所不能
576	E：喝酸奶么？Y：不喝，你喝吧，不过你也少喝，喝酸奶也胖！E：我怎么吃什么都胖？
577	再看一眼美貌的老爷然后洗洗睡觉，做一个香艳的梦~~~~[花心]
578	事实证明，中午睡觉流口水的孩子是伤不起的~尼玛，太羞愧了。。。。
579	嘿，又一阴凉的清晨。觉得...人和人还真是人以群分，有差距之分。有的换个马甲以为没人认识了做着复制粘贴图片另存为的小人之举，殊不知自己己已把自己归为小人之列。有的却有素质有教养的打狗先问主人。这差距怎么都拉扯不到一个平行线，只因乌龟就是骡子，总把自己弄成个笑话，
580	我玩手机的时候我妈说我整天就会玩手机！玩电脑的时候我妈整天说整天就会玩电脑！看电视的时候我妈说我整天就会看电视！在我看书的时候她就当作没看到滚你TM去[巨汗][巨汗]
581	这个世界上所有的帅哥都是gay了TAT
582	春天在哪里？[鲜花]
583	神采飞扬追梦而行。服务社会实现价值。
584	赵高对李斯说：立胡亥，李斯说：不行，赵高说立胡亥李斯说不行赵高说立胡亥李斯说不行赵高说立胡亥李斯说哎呀服了你了于是高乃与公子胡亥、丞相斯阴谋破去始皇所封书赐公子扶苏者。。。。[汗]
585	[呵呵][嘻嘻][哈哈][爱你][晕][泪][馋嘴][抓狂][哼][可爱][汗][害羞][睡觉][钱][偷笑][酷][吃惊][生病][思考][悲伤][鼓掌][花心][挖鼻屎][鄙视][亲亲][怒骂][太开心][懒得理你][右哼哼][左哼哼][嘘][委屈][吐][可怜][打哈气][做鬼脸][失望][黑线][拜拜][感冒][困][书呆子][疑问][阴险]
586	星期六不用上课了…变成双休日…但星期六一定要在教室自习…何必呢，到不如上课呢…什么制度啊…我要投诉！
587	打了个电话给爸爸，然后妈妈外婆连着接，也不知道是什么时候开始的泪流满面。虽是只听声音可还是觉得幸福。异地求学的艰难，所以更要加油。
588	[嘘]你连这个机会也没有，
589	有些人恶心说说也恶心说说歌词的那首歌也口水到我恶心回复更恶心所以小心恶心是会传染的
590	快乐什么的，其实无处不在，只是很少体会罢了，对那些整天抑郁的人来说的。快乐，虽无处不在，却也难以寻觅的。
591	我讨厌现在这种生活。我不喜欢平淡。我喜欢有挑战有激情的日子。
592	再怎么样都不会变成我的TUT懒得羡慕了TUT
593	我也不知道为什么情绪总是那么易激动，总是控制不住自己的情绪。
594	幸福是一种感觉，总感觉不幸福是一种毛病。＜有感＞人生一世勿蹉跎，／一路风景一路歌。／绊绊磕磕添情趣，／胸怀坦荡认知多。
595	我们问我们班一个男生，为什么你的声音比别的男生粗！？是发育过度了吗[挖鼻屎]结果他居然说。。。补品吃多了[衰]
596	“幸福”就是猫吃鱼,狗吃肉,奥特曼打小怪兽
597	[悲伤][悲伤][悲伤]，害怕谈恋爱，怕他接近，怕又是那种结局，完全不知道怎么做
598	泉まくら×mabanua的知りたい真的太好听了……
599	同事之间虽然部门不同，她很好奇的问我，你是干什么的。同事之间我们做的事情一样，她也觉得很好奇，你在办公室聊些什么东西。同学之间，他也在问我，你每天下班回家后是干什么的。有人曾经对别人大声说我：如果你想知道他在想什么，除非你飞进他的脑里。我的行为很古怪吗？草尼玛的！
600	家人总抱怨我不接电话总说找不到我，其实她们不知道我很早就患了接电话恐惧症，害怕听到电话响。被问起就说“手机电池不藏电调静音了没听到”这个借口去骗家人或朋友或者事后才回复一条短信。我知道这样做是不对的。
601	朱大夫一路走好，来生一定离这个职业远点，这里的一切结束了。你是我们的英雄，我们爱你。
602	[闭嘴][思考][思考][害羞]
603	我说随便你。是认真的
604	通宵加班。。。姐姐我已经加傻了。。脑袋大。。哎我当年怎么就想不开去学了财务呢？！
605	一回到家,电脑打不开!!!LOL今晚叫我怎么办呢…
606	每天吃个半饱然后跳千个绳就会（）。总之在追求正解的路上越走越偏…
607	最近烦心事老多！
608	02年阅读错七个[泪][泪][泪]
609	说出了那样的话,只能说我的成熟还不能适应现实的残酷
610	是为了遇见更好的自己。当我们在自己内心挣扎时，我们活着生活的阴暗面，过了这道坎，便会豁然开朗。
611	好累好累、可是我的坚持、为了钱、忍忍
612	听完Karry发来二文对Roy么么么么哒的语音又了解到Roy只是一脸嫌弃地推开之后Jackson沉思良久，脸一秒比一秒黑最后还是拨通了二文的电话“已经过了很久了，怎么一点进展都没有，当初我和Karry让你来引走Roy对Karry的注意是说好三个月我们得清闲你得美人，你可不要沉浸在日常接触里无法自拔了”
613	大人物的悲哀在于他们需要不停地做出选择；而小人物的悲哀在于他们从来没有选择的机会。男人因沧桑而成熟，女人因成熟而沧桑。男人有了烟，有了酒，也就有了故事；女人有了钱，有了资色，也就有了悲剧。
614	卧槽可以说脏话吗？这大半夜我觉得我就是特么一个纯傻逼，从11点吆喝着上床睡觉一直躺到快4点，然后还是乖乖穿衣服下床了。[怒]
615	不要再给我说你该怎么怎么，这是我的人生！我说了算！！！
616	幸福就是，坚持了应该坚持的，放弃了应该放弃的，珍惜现在拥有的，不后悔已经决定的。
617	老天爷原本干一仗大哭的[泪]结果又和好如初整的今天有艳阳高照哦[囧]晕！！
618	不知道为什么就想掉眼泪了
619	每次吃完好吃的宵夜，都幸福得想睡觉[馋嘴]
620	好喜欢被关爱的感觉譬如在车里然后我爸在吸烟而我正好感冒咳嗽我爸就会说把我女儿呛到了吧然后就丢了刚刚点上的烟
621	还有几天时间？如果可以回来，就早点回来吧！耗费了太多的爱意，我怕自己为了逃避你而引出内心的魔鬼。
622	喜欢什么就大胆喜欢吧，就像你小时候喜欢踢球，就像我长大了喜欢聪明倔强的姑娘一样。喜欢闪烁着人性的光芒。瞬间的喜欢，意味着瞬间的天真；长久的喜欢，意味着长久的单纯；一生的喜欢，意味着你没有背叛自己的心。喜欢比“爱”好。爱很伟大，喜欢更纯洁。喜欢是世界上最美好的事情。
623	我爸突然来了句“乐中有个几十岁的老师还没结婚”我妈说“我还以为你要说些什么呢”,我……
624	躲在厕所，哭到麻木。看着镜子惨白的我。我怕了，明明知道我最疼你爱你！为什么还要那样说，我真的慌了，怕了。好怕失去你！多希望明天醒来能接到你的电话！
625	俩汪都不吃肉松_(ﾟДﾟ)ﾉ！！多好吃的东西他们居然不吃！！！早知道不放地上了好浪费！！！
626	一个人也就很懒的去吃饭了直接来了医院做好心电图了我应该没事吧
627	什么叫快乐？就是掩饰自己的悲伤对每个人微笑
628	【旅游】今天昆明天气预报说是有雨，但还是出大太阳了，昆明干旱，全城缺水，真是有点小遗憾，不过，能看到天空依然还是蓝蓝的，又觉得很心慰！关注【游遍云南】公众微信，让您畅游云南，游遍云南公众微信号：Y4000119001
629	人浮游在世间不止自己才令我一生好奇
630	我没有很刻意让自己不去想那些和照片一起静止的模样我学着坚强坚强到不用学着不想学着遗忘还是害怕夜深人静时总想起你
631	闲着无聊，把书给收拾了一遍。。在收拾之际，忽然发现：原来我有那么多书！！真的，有一些我买来还没怎么读过就扔到了一边，真的太浪费了。。。书啊，你就安息的去吧。。。
632	总有远大的目标，却连一小步都不愿跨出。。。
633	单位门口开了一个肠粉摊～～～从广东吃过就念念不忘的美味啦啦啦～味道不错哟！
634	虽然，那部剧的结局是并不是完美的，但是，宝贝，我现在和你在一起，就不想，不可能把我的手松开
635	究竟是你太遥远，还是我自己要求太高？不然，为什么每次抓住了你的尾巴后才发现原来都只不过是一场海市蜃楼。明白回不了过去，但现实也太无味了。或者，决心放下，才是可以慢慢靠近你的捷径。
636	一个人的夜我的心我很害怕睡觉。
637	[心]人生就像一场梦，所有理由是假的，姿态是假的，需要才是真的。
638	好不容易休假下这么大的雨。😔
639	没迟到！我很开心！！！
640	等待一场姹紫嫣红的花事，是幸福；在阳光下和喜欢的人一起筑梦，是幸福；守着一段冷暖交织的光阴慢慢变老，亦是幸福。
641	深爱着，并被爱着。
642	人的两只耳朵是分在两边的，所以不可偏听一面之词；人虽只有一颗心，然而有左右两个心房，所以做事不但要为自己想，也要为别人想。每一个人都有不一样的人生，不一样的故事，但是都是精彩的，不要轻易否定别人，也不要轻易放弃自己，更不要盲目追逐不属于自己的东西。
643	班里有侄女，远房孙侄女（应该是这么叫的），今天又加了个师弟。
644	如果我妥协，你可还愿意给我一个机会。[呵呵]
645	人生有许多时候真的很无奈,有些东西,不是你想要就可以要的了,心里难受又怎样？也只得先难受着,再设法改变其中的制约因素,逐步让环境与个体同时转变适应,从难受转变成少难受、再到不难受.个体的力量与影响很渺小,有些无奈也只能权当作对自己的一种特殊训练吧.这样,无奈就具有了一种无形的力量.
646	唉,想睡懒觉都睡不着…
647	睡饱了饿了，挣扎半天起床去超市买吃的。妹的，结账时收营员说99年100元不能收，会是假币。我就抽了张一百的下楼的，好不容易摸黑走到那，怎样，要退货？我说你不能验钞机验一下嘛，而且我才取的哎。她说这钱验钞机也验不出假的。“这什么意思！”我表示很不爽！最后留了号码，说有问题喊我换，擦
648	随着世界性经济危机的加强，企业效益的变差，有些企业加强了裁员的大潮，变相的不协商，不通知，不补充劳动合同，私自的降低员工的薪酬；很多员工显得压抑和郁闷；但是郁闷随着时间的加长，员工的身体状况每况愈下，随着严酷的处罚风波频频兑现，奖励的缺失，企业的文化和氛围也变得渺茫和压抑
649	洗衣服！
650	前几天坐飞机身份证找不到，闹得人仰马翻，当时庆幸身份证换包放了，今天坐火车是真的把身份证落在家了，拿着医保卡和12306短信闯过一关又一卡，不知道回程是否幸运，不然我就得滞留上海啦[黑线][囧]
651	今天起NB正式入春啦！从温度上讲。吃完刚采来的草莓，怎个开心幸福了得！要省考的娃儿，你的那份我替你吃就好哈。休息一会～
652	我爱家人。
653	一觉醒来，发现走过了少年，走过了青春，幻想飞走了，留下褪色的记忆。没有索求没有计划的曾经的夏天午后那种味道，突然间打乱了我所有对幸福的定义。
654	幸福就是当我来m很痛苦时可以在家里床上睡觉幸福就是当工作时间来m时可以立即回家睡觉这种“立即”不用越过海
655	天啊，这个钟数了竟然有人在楼下放《伤不起》！！！我要死了
656	天晴朗了，云吹散了，而我喜欢你了。
657	当我需要你的时候，你却沉默，不说。
658	和老乡几个吃饭，喝酒，那叫一个字“爽”！爱你们！
659	吃过饭一起逛逛超市遛遛弯，牵你手便觉世界无限大~
660	南大南大，为你奋斗！
661	恶心吗
662	翻了好多我讨厌的人的微博。没有让我失望。丑的丑。衰的衰。装逼的继续装逼。其实我只是无聊。～
663	为什么画静物好地地一到画人就像画葫芦娃甘样[抓狂][抓狂][抓狂][抓狂]
664	我对你不够好是因为你对我不够好。
665	总结：[囧]这个星期我听到的最多的一句话就是＂你是不是要请客吃饭表示一下？＂[汗][囧][汗]额~好吧，每人来碗我亲手做的蛋炒饭~[挖鼻屎]🍚🍜
666	心情不好的时候喜欢听cryonmyshould…歌词很治愈。现实没得比啊～我的肩膀在几十公里外～
667	不知所措
668	在长肉，我就要踹它两脚。死会长╰_╯讨嫌的家伙（肉肉）
669	下课一到家，就赖在床上不想动，唔～好软啊～好舒服啊～好想一直呆在上面啊～亲亲的床你就是我的挚爱，我爱西你鸟。好幸福啊～
670	有时候突然会想起一些人，一些事，可是仅仅是停留在想，就像我突然想起了高中历史老师，但连他名字都记不起来，只能怀念一下那段时光，那段教诲，然后…匆匆地投入现在的生活
671	我很难过、、、很难过、、、很
672	至少要喜悦感动
673	今天被人吐槽不要穿的像学生一样。。我说这衣服我刚买的，真不是学生装。。。其实还是颜的问题啊！想当初高中在大街上被7岁后没见过的幼儿园老师认出来。。说好的女大十八变呢！！！
674	不能再碌碌无为啦!
675	需要发泄。所以跑到体育中心跑步。结果没找到赛道。索性就打打球。然后发现过得了人过不了手。。我这是怎么了。。
676	晚安你知道吗我爱你,,,
677	没有坚持哪来结果！十年前你是谁，一年前你是谁，甚至昨天你是谁，都不重要。重要的是，今天你是谁，以及明天你将成为谁。——每天坚持学习德语与专业课程
678	胃痛。烧的慌
679	[神马]都是[浮云]
680	申通快递19号从浙江杭州航空部过来，到现在连成都都没有到！爷自驾游都到了啊魂淡！你丫敢不敢再给爷慢一点！？
681	去听了一节精油专题讲座学生都是孕龄育龄的妈妈桑我进去的时候老师看我说了一句话差点吐老血出来：哎呀你是来找妈妈的吧......谢谢你我是长得嫩了点但我娘看着怎么样也过孕龄了好伐[生病]......大晚上上课
682	我码字不求赚多少钱，就写得自己开心，结果遇到这个糟心事儿。有时想想要是真考虑回报率，这一个工作完全不值得，出去带个学生一小时还有200多呢，一个小时码字1000不到，JJ才给几分钱？还要找各种事情，真是有心灰意冷的感觉。幸而合约不过2年到期，以后写文完全不管V不V，就写得高兴
683	[怒][怒][怒][怒][怒][怒][怒][怒]
684	你们知道稀有录像馆吗?如果喜欢重口味的,一定不要错过了。爆你眼!让你知道什么是真实哈。有耽美哦
685	这家店里的藏族朋友吃饭很有趣，来四个坐一隔间，每人一盘菜一碗米饭，且菜都是一模一样的。
686	烦到吃不好睡不好
687	某2快要上映了吧？天涯微博贴吧三管齐下了？[思考]
688	万圣节是怎样喔[怒]一大堆那些无聊白癡的视频我按了2个视频吓了2次靠阿哭了[泪]
689	碰到一不讲理的.....脸皮比地球壳...[怒骂][伤心]
690	害！怕！去！上！学！[泪][泪]3days•﹏•
691	不论你是故意疏远还是什么，我很难过呢。
692	我可不想读高四
693	幸福是一个旅程，不是终点站。所以，投入地工作吧，就像你根本不需要钱；尽情去爱吧，就像你从未被伤害过；纵情地起舞吧，就像根本无人观望。
694	【言论】近期跟随着前辈陆续看了一些项目见了一些人，给我的一个最直观的感受是，有些人做事不管做的多大都有终点，有些却没有。做人不行，一切白搭。
695	【旅游】大救驾：云南著名小吃之一，就是炒饵块。饵块用米制成。典故来自清初吴三桂率清军打昆明，明朝永历皇帝一路逃至腾冲，饥饿难忍，当地人炒了一盘饵块送上。皇帝连赞：“炒饵块救了朕的大驾。”炒饵块由此改名。关注【游遍云南】公众微信，让您畅游云南，游遍云南公众微信号：Y4000119001
696	最近每天晚上都梦到班主任梦到考试梦到数学题[震惊]太可怕了[泪]
697	醒来看到你和阳光都在这就是我想要的幸福
698	【《玄想》：我总是相信，我写过的那些文章，会如雁行蓝天，使某些细腻的心灵，展颜微笑】＿＿为至真至诚的文字鞠躬尽瘁这样的自矜都会共鸣。文字和心满是诗情画意
699	每天都要有好心情喔*_0
700	还记得我你哄我睡觉吗?我让你说老公我爱你!你就一直说老婆我爱你!然后就这样逼你说那样逼你说!不说就不睡觉!!!!!!后来你还是叫拉!好拉,午安,我爱你~
701	一个无所事事的穷人说，有钱就是幸福，一个匆匆忙忙的富人说，有闲就是幸福。一个满头大汗的农民说，丰收就是幸福。一个漂泊他乡的游子说，回家就是幸福。一个失去双脚的残者说，能走路就是幸福。一个失去光明的盲人说，能看见就是幸福。一个日夜加班的工人说，不上班就是幸福。那么你的幸福是
702	大概是三年前吧。。。有个朋友说他家有老鼠，并跟我抱怨现在的老鼠太聪明了，放在地上的毒饵根本不吃，专吃桌子上的食物。之后聊着聊着他说想到一个办法，想去试试，就下线了。这么多年过去了，我再也没有联系到他，也不知道当时他想到什么办法了。。。
703	对不起，成全你的自由与不被束缚。
704	我努力想做迷雾中的主导者，不期成为了阳光的旁观者······
705	哎咋幸福就不降临到我头上呢？
706	我总觉得吧…每次看到那谁谁一脸总裁样的搂着其他男的女的的皂片立马一脸鸡冻脸红脖子粗的跟抓到老公出轨了似的，流完鼻血冷静下来后反应过来你算个毛[拜拜]于是冷静的保存图片转发微博…
707	我是一个看场网球比赛可以吃四样零食外加一杯酸奶连我妈都嫌我胖的吃货胖纸所以我从今晚开始摇呼啦圈累死我了[悲伤]
708	再也不想给麻麻买眼膜她!买!了!不!用!!!!
709	抱最大的希望，作最坏的打算、
710	对不起的人太多，今年要自己懂事
711	早上进电梯后只顾着发了会呆，过了大概1分钟后，才发现还在1楼，正想说今天电梯好不给力啊，抬头看下，才发现关了电梯门，却跟本就没按楼层键。我勒个去
712	必须得买直升飞机了。中午12点半出门，拎着行李打不到车，两点才到车站，吃点东西，买票的人贼多，四点上车，五点开车，一路堵成狗，现在还没出三环。然后我忽然想起来窗户没关。一查天气预报，明后天雷暴雨。喝喝。
713	每一天能做好自己的义务，不管他是否有意义，只要你去做了那么你总会有收获。也许是去开会，也许是同学的聚会！尽管无聊枯燥。可你去做了给同学朋友带来的快乐那就是你的收获，那怕你去参加活动只学会了一个笑话那也是一种收获一种快乐！
714	为亚韩飞机事件默哀
715	每次诸如感情纠葛这类问题上，我就妇联主任上了身，可以喋喋不休说个三天三夜不咽一下口水，无法想象多年之后我教育孩子絮絮叨叨从早到晚重复一个话题时该用多么三八的表情。
716	我的脾气真可笑。。
717	旁边有个胖胖的女孩，看不出来到底是胖还是怀孕了。让不让座啊，我还有好远才到呢[晕]
718	妈妈讲翻你去见爸爸的情景，爸爸说他后悔了，他只是想为了家里，但是家里却不缺。爸爸哭了，坚强的爸爸流下眼泪了、听着我也感动了[泪][泪]妈妈一早就买好了10天的饭菜，放在冰箱里。家里从爸爸走那天从来也没有变过。还有4天，爸爸就回来了，我很想你，你现在点了、还习惯吗？
719	当别人在奋斗的时候，我总喜欢在一旁默默地看着，然后微笑的跟路人道一声早。[bm可爱][bm可爱][bm可爱]
720	装逼死得快，再恶心不过就算是装逼的人！操蛋！
721	四川电信
722	当你能感觉到身体某个部位存在的时候，说明它已经出现了病症。精神上亦然，解决不了的就暂且搁置，我还是相信大多事情不会不了了之，只要有耐心总能等来一个答案。只有时间，能证明一切'我问心无愧'
723	宝宝四个多月了，一如既往的乖巧。脾气还是有点暴躁（我们家那边的话就叫毛捋不顺）。说恭喜会把手握起来。长相秀气，经常被认为是女孩子。还是不会翻身，心情好的时候会去抓玩具。打针从来不哭。虽然妈妈希望你快乐，但也不希望你坚强到体会不到宠爱的长大。
724	陪领导出来慰问，中午吃饭大家钱没带够，我自告奋勇说我带了，我想着700块钱够了，农家乐么。结果两千多，瞬间石化了[泪]最后两个同事凑了下。。原来他们最少的人都带了一千[汗][汗]
725	亲爱的，这么些年过去了，你还好吗？
726	最近非常的思念你，可是又不知道说些什么，，，，一想你就无法静下心来。。。。
727	我宿舍在不分昼夜的赌球、滚球盘“啊，尼玛，我又跪了，哈哈我中了……”而我却不为所动，出淤泥而不染，我真是人才哈哈哈我想说我快把持不住了！因为他们赢不少钱啦[馋嘴][馋嘴][馋嘴]
728	一不小心把好友种快一年的仙人掌打破了
729	有没有人和我一样打哈欠会害怕下巴脱臼的。
730	我妈说，你怎么把裤子尿湿了...妈，这是水....结果我妈回了我一句，尿也是水......[拜拜][拜拜][拜拜]
731	未知的思绪
732	清了半天购物车一看里面还有25件东西。
733	今天给自己一个赞，抑制住了，没有开电脑。
734	愿天下一切众生脱离贫贱夭命，速得富贵长寿命，信佛修道，回归自性，普渡众生，南无佛…
735	我可能是那种如果遇到喜欢的人会主动去追的人，而遇到追我的人，我不喜欢可能连机会都不会给。所以我这一生注定是被拒绝的命运吗？！
736	、但不能也不为之影响。
737	小孩都欠抽
738	听说最近微博上是血流成河、尸横遍野啊。安全起见，我还是删微博，不鬼臊了。[衰][衰]
739	不是故意散播负能量〒_〒但是心好塞。这周我摔了一跤，妈妈又生病了，带她去医院了两天还不退烧我也是担心的要死。我腿伤没好又淋雨情况也不太好〒_〒还要还二次元的债，做策划也是一直不顺。跟歌姬后期时间都对不上，神烦躁。
740	原来，一个男人在你人生哪个阶段出现，结果会完全不一样。
741	一年前他走近她身边，每天不厌其烦地温暖她，不管她是否甘愿。后来她心池终被攻陷，听他说当初只是玩玩可现在真心喜欢，她爱入膏肓无法介意。一年后一场车祸带走她年轻的生命，他温润笑脸将她埋在海边。他因她年少时一句早已淡去的无心之言恨她入骨，她却再无机会明白他的背叛。
742	我对你唯一的语言[思考][思考][思考]你很好笑很搞笑知道吗
743	一个个晒成绩的writing都25+[泪][泪]
744	团委的微博还是你在更新吗，辛苦了。
745	很好的生活便是自由，爱人，和钱。自由=自我，爱人=慰籍，钱=钱。
746	楼下手擀面的面真筋道点了一碗麻辣面吃完后嘴巴赛姚晨[good]
747	这个年还要不要我过啊，坐了两天的车[挤火车]终于到家还传来如此的噩耗[可怜]，哎！气啊气！
748	因为现在我们在全力救助狗狗，我们欢迎昆明有爱心的志愿者加入我们的救助行动，但如是某些无实体的协会来挑衅、闹事、煽动志愿者停止救助，对不起，我们恕不接待！！！[怒][怒][怒]
749	我现在是多么的饥饿！
750	幸福就是猫吃鱼，鱼吃骨头。想要的少一点也许就会快乐一点。[嘻嘻]
751	卫子夫的24集，有一个镜头是讲家宴上夏候颇向皇上求赐婚娶平阳公主的。镜头转到卫青时的表情，实在大绝，眼神里有不舍，亦有不忍。为了各自安好，只得分道扬镳。是呀，他并非不爱她，只是生在皇家，身不由已只由他。
752	昨晚，我穿着一件衣服，看了一晚上的电视。今天，早上起来，嗓子疼遭了。全身都没力。再加上中午没睡午觉，下午上课，好困哦[打哈气][打哈气][晕][晕]，身体都要倒了。所以，导致我下午做题的状态之差，我的错误率高达75%。。真的好丢人哦。生病的人真的很伤不起呀！！！[抓狂][抓狂][抓狂]
753	在前不久发生件怪事，有户人在发丧后出了意外，因抬丧人脚踩滑，导致棺木滚下，压死七人，是埋丧还是伤人[吃惊]
754	终究这是一个看关系的世界，没有关系的就看成绩的世界。这两个世界都不属于我。。。。[泪流满面]
755	分手后怎么熬过来？哭啊，然后做梦梦到他，醒来后怅然若失，每天一醒过来他就跑进脑海里啊。还把他的缺点全写在一张纸上，吃饭时间拿出来读。。可后来吧觉得优点还是多过缺点，呵呵。后来复合了，太折磨人了这过程，结果复合后一点变化都没有也不见得比原来好。
756	我想要的感觉一直在改变。
757	如果当时能不那么倔强，现在也不那么遗憾[带着微博去旅行]
758	向餐饮业进军～
759	同张晓敏一起奋斗一年[嘻嘻]
760	出去公司办事乘电梯时，里面有一男的，到一楼时，我本来想让他先走因为他稍微在我前面，但是他退后一点略伸出整个右手向前示意让我先走。
761	无聊无限无聊
762	时间一天天的过去，思念却没有一天天的减少。
763	手机一夜跑了50%的电啊早上起来一看傻了！[吃惊]怎么能这样呢？[泪][泪][泪]
764	不要每天都睡那么早醒那么早破坏生活规律[c抓狂]
765	若是要细水可以变长流，就像等他长出铁锈无法再分手。
766	幸福就是猫吃鱼，狗吃肉，奥特曼打小怪兽！
767	波波，对不起啊，又耍小脾气，你明明很忙也在做重要的事情，我还是不能体谅你一下，任由自己发脾气。只是想和你吃顿饭见你一面而已。
768	这几年本着尽量不看还活着的人写的书的原则（而发展迅速的编程领域实际上根本不用去找纸质书甚至有些作者绕过传统出版商直接在网上发布电子书），我对纸质书已经没有了任何感情。
769	坐火车是世界上最苦逼的事情之一
770	加多宝
771	这是个喧嚣的世界，我从未觉得安静过。他的繁荣他的昌盛，带给人们却只是更多的疲惫，更多的抱怨。于是我捂住双耳，不去听他的疲惫，不去听他的昌盛不去听他的繁荣，也不去听他的抱怨，于是我以为我的世界安静了，只是这世上总有那么一人，哪怕她不曾对我讲过一言一语，但我却听得到她的声音。
772	我和花非花雾非雾中的齐飞也就是新还珠格格的五阿哥张睿居然是同一天生日。不可思议，我可是忠实的Reason啊，这个消息太震撼我了。
773	我不介意明天穿校服，我也不介意明天穿一身，虽然说真的很难看略丢人→→但是重点是！！！！！校服我一个假期忘洗了！！！！我忘洗了！！！忘洗了！！！！洗了！！！！[生病][生病][生病]
774	我想爸爸了、
775	每个人对幸福的定义都不一样，一个人在不同时间对幸福的定义也不同，而此刻我的幸福就是知道我爱的和爱我的人都好好的，健健康康，平平安安的生活！！
776	[1/2]昨晚，我说妈妈我要买一件羽绒服给你，爸爸妈妈说不用了不用了。于是，妈妈将自己的棉袄、羽绒服都拿出来给我看，说这么多衣服不用买了。看着妈妈一件一件的拿，还说：“这衣服都是新的，都很好的”。其实衣服都买了好长时间了，我一直都是和妈妈笑着说的，我回到房间后，心里酸酸的。这次
777	每每想起就会觉得真心无语就一两块钱也算着帮你忙还少还钱唉这种行为的人没人愿交啊有木有
778	我没办法真的没办法看着以后痛苦分离
779	看到与花的时候我总有种罪恶感，因为我是因为迪云才关注他们的，并不是真真正正的喜欢，这样真的好吗？总把与花当做迪云的影子，是不是对这对cp有些不公平？与花就是与花，不会是其实cp的影子，我想说声抱歉，一直把你们当做别人的影子
780	有oppa的时候好幸福！昇基呀！
781	提前实习完还得上课你们说这有道理么？学生就是廉价劳动力！！！九二年出生这届千万别赶上改革因为咋改咋倒霉打掉了牙也得往肚子里咽
782	生命不息，奋斗不止，在未来的道路上，请勇敢！
783	新公司的系统很牛逼，首先支持chrome，而IE是从来没有测试的。。。。我坚持测试一下，崩溃了。。。。
784	我又不是故意的，丢了东西我也不愿意，不用念来念去吧？我还就是了。我心里也不舒服啊！说我不安慰，东西在我这丢的，要我怎么开口安慰？少不得又说我不放在心上什么的。我没说有钱了不起，我也没想过所谓我的钱大，可在我这丢了我除了说还我还能怎么做？[泪]
785	脑子进水了咋办哭啊简单粗暴最有效不是嘛让柔情似水玻璃心见鬼去吧
786	有的时候会害怕。即便知道害怕没有用，还是会害怕。即便知道不管害不害怕还是要做，还是会害怕。即便做完了，还是会害怕。那么害怕这种东西到底是什么个玩意。
787	今天下午去食堂买关东煮，前面有一对男女朋友正在选，我就和同学盘算了一下到底要买多少个鱼豆腐多少个鱼排。那女生看了俺一眼、说：鱼豆腐我都要了！你妹的！！少吃点你能变瘦呀！[伤心]
788	幸福，就是有人给你买束花。。。[鲜花][鲜花]。。。然后把花砸到他脸上，大喊着“我对花粉过敏！！！！”[嘻嘻][嘻嘻][嘻嘻][嘻嘻]
789	关于豆浆，《本草纲目》中记载，性平味甘，利水下气，制诸风热，解诸毒。春秋饮豆浆，滋阴润燥，调和阴阳；夏饮豆浆，消热防暑，生津解渴；冬饮豆浆，祛寒暖胃，滋养进补。总而言之，豆浆是个好东西，但是饮用豆浆也有禁忌哦，亲们要注意。
790	我果真不适合12点前睡觉,完全睡不着!!!
791	不知不觉织毛衣玩儿到现在！真好玩儿！
792	苦逼高三党伤不起呀～
793	“换工作比换男人还勤”😒
794	次次冬天只手都生萝卜，去你的，下年再生我斩你[泪][泪][哼][哼][抓狂][抓狂]
795	发现那个扎一半放一半的淑女头自己扎了比较像基佬ˊ_>ˋ……
796	，下午练完车回来无聊就去超市买了一堆零食，零食这东西平时根本不碰，吃了就都长成肉肉了，然后边看新闻联播边吃-_-然后，吃到心塞，以后再也不乱吃东西了[泪]
797	对不起,是我们的花太漂亮了，提前三天预定，我们就可以把最灿烂的花献给你；对不起，是我们的包装太精致了，每一束化都满载这你们的祝福，我们只好将祝福系在包装上；对不起，是我们的价格太优惠了，考虑到大学生的经济压力，我们只好缩减利润。
798	你还欠我一个照面时被白眼冻住的哈喽招手和微笑表情
799	我最不想说却不得不说的三个字。对知道我的人，不应说；对陌生的我人，不该说；对熟悉我的人，不敢说。
800	天天如此真的犹豫
801	世界久违的世界我们来了！，中国正在崛起！
802	图书馆闷闷的。好想睡觉的节奏。哈哈。想着上海的种种，内心充满斗力。
803	考完试想要在YY大吼……有谁陪TUT…不然自己孤独寂寞啊………有意者多带几首歌【完了……招人神烦，现在求人都变成招人了…】
804	依然爱着。。
805	程序猿就真的、真的每天都要加班吗，不加班真的、真的会shi人吗？[怒][怒]”男怕入错行，女怕嫁错郎！“
806	给予比接受更快乐。
807	说不上是大彻大悟。也算得上生活的一种境界。
808	我感觉不到你了。是不是，你的世界里不再有我了？
809	我要钱，我要房，我要车，奋斗奋斗！！！
810	看来今晚是睡不着了
811	每天叫醒学霸的不是闹钟，是梦想；每天叫醒学渣的不是闹钟，是膀胱。
812	嗯，每个人的幸福都有不同的方式，没必要攀比也没必要嘲笑。我很[心]
813	自尊的定义。女人的尊严，男人的面子。
814	这个世界上没有什么事是放不下的，痛了，你自然就会放下，，，
815	很多人都问我为什么这样做，我简直就想怒摔水杯狠掀桌了……那些决定左右的是我的未来，放弃的是我的未来，选择的是我的未来，成就的是我的未来，就算毁灭的也是我的未来，自暴自弃我也不会牵扯到你们，为什么还和你们扯上关系了呢？我都不在乎了你们到底在在乎些什么啊……这些事情很重要么……
816	今天去朋友家坐，看到她的电脑里挂着四个QQ，其中还有两个是空白没加一个好友的，但QQ等级都是一个太阳以上的了。。隔。。好奇之下我就问她干嘛要挂着两个没有好友的QQ，吃饱撑着的啊！她缓缓的说，将来给我的孩子用，不能让他们输在起跑线上。OMG,她的形象瞬间在我的心目中高大起来[哈哈]
817	饿到还剩下最后一丝力气说终于有人管我的死活了
818	每次看到有人爱发脑残说说就想删原来个女的现在是个男的愿世界的那类人都终成眷侣
819	总有那么一个人值得让你想念
820	感冒感的人啊不像了
821	朋友要在运动会上表演一个古装话剧，在影楼化好妆，穿好服装后，就急匆匆朝学校赶去。但路上怎么都打不到车，朋友怕迟到，就冲到街上问一个女孩：“现在是什么时候了？”女孩盯着朋友身上的古装看了半天，突然回答说：“已经是公元2013……”
822	睡尼玛沙发
823	又是周末，团队加油，自己加油！
824	其实我也想说出口，可是已经来不及了，淡忘吧！离开了，便会忘了，谢谢你的出现，才知道我的心还会跳，晚安。。。
825	我：纵火是刑事案子吧。爹：大队长就住那个楼门。
826	又有一个女生称呼我…条件反应…回头回应…但一时想不起是哪位女同学了…闷
827	尼玛气死我了什么是“其实你不懂我”你懂我吗你有试着来懂我吗我真不陪你玩了
828	我只是头疼了，想睡觉
829	一想到秋天才能转运就想分手
830	知乎上有人问怎么样可以拍出非常好看的自拍。很多人很认真的回答了并且附了图
831	所谓幸福就是：死在自己心爱的人怀里。所谓不幸福就是：死在自己心爱的人手里。
832	是该开心还是难过？我终于鼓起勇气，可是结果并不是自己想的那样。
833	第三天，在宿舍果然静不下心。[囧]
834	在路边等车，听一拉黑客的大妈对着电话吼，骂摩的为挣钱不负责任，拿了人家车费就把人家扔路边。夫妻俩穿的很旧皮肤黑，女的坐在路上抱着一小婴儿。旁边站了个脏兮兮很瘦的小女孩。大妈说小婴儿才6、7天，这条路的长途车迷信不拉没满月的孩子。没车会拉夫妻俩。晚上他们也到不了家
835	好累却很充实，也许没有多少人能够明白我的这种充实，可是我会坚持，我要证明给你看，我不是闹着玩的孩子。
836	学校连续两天停了热水，这是要闹哪样？冬天没有热水的日子只能用冷水代替，有点略略的煎熬！
837	大老公我想你想你想你想你想你[可怜][可怜][可怜][可怜]
838	上厕所太久，老人家以为我在里边睡着了，大半夜的起来喊我，还拿着我买给她的保济丸……[泪][泪]我，没事，只是有点痛经，坐在凳子上休息~[泪][泪][泪]奶奶，我睡了，晚安～[月亮]明天早起，跟您劈材，我来搬就好了~[奥特曼]
839	刚在屈臣氏买了一条纸巾和一包护垫，手里还拿着手机，走到收银台侧头看旁边的打折区，悲剧的我把纸巾和手机丢给收银员，手机拿着的是护垫[吃惊]况且收银员还是个蓝的。。
840	命运不会亏欠谁，看开了，谁的头顶都有一汪蓝天；看淡了，谁的心中都有一片花海。
841	感谢学姐[心][haha]
842	我快疯了！
843	，求陪聊
844	想叫宅急送忘记家里地址
845	记得山风里摇晃的树，阳光下好美的杏，蓝天白云下绵延的山脉一重又一重，到天边。记得那首歌Trytoremember，适合九月听的歌
846	女屌丝VS白富美[哈哈]
847	我想去看海。好想坐在海边吹海风。好害怕。如果最后失败了，我接受的不只是现实，而是一种竭斯底里的崩溃。守不住心中的温柔底线，请让我继续相信，上天不会辜负努力的人。
848	只能用这种方式了，突然之间觉得自己真的很任性
849	小灰灰，对不起哈，是我花心了，对不起
850	一群据说是买保健品赠送安徽游的老头老太们在吵架，因为弄不清谁是哪个铺[挖鼻屎][good]
851	幸福，幸福，幸福
852	1.星期六感冒到现在还没好脑壳巨痛2.中午搞忘给同学带鞋子又跑回去拿3.手机差点被偷4.中午吃了一个菠萝胃痛操蛋的一天[怒][怒]
853	奇迹是努力的另一个名字。nichen,AZAAZAfighting
854	有时候自己做了错的事情总是喜欢把它藏起来心想着如果没有人发现便万事大吉了可是一旦这件事被知道了心里面便十分凶残总觉得有什么不对劲的地方可是时间越拖越久误会越积越深以至于最后的收尾便是草草结束可是在最后才会后悔当初很可笑是吧
855	前面去买卷子路过一个台阶,刚迈脚吓了一跳.一直短毛小狗躺在那,仔细一看它的身体僵直.不由得叹息了一下.这冰冷的世界夺走了它,临死前它又在想什么呢....难过希望能有好心人把它葬了让它安息
856	晚安。十二点之前。承诺就应该实现。
857	嫉妒[抓狂][泪]
858	早早的，哈哈，睡得早，醒的早
859	字毁了回来一看琴也断了嗯我咎由自取
860	真的非常的抱歉，只能说这些，没有其他了[呵呵][呵呵]
861	我不会爱没人教我我也学不会
862	@华为，我们谁对不起谁？还未用两个月的手机屏幕不知怎么裂了，想续买华为一部可让工薪阶层的我情何以堪@华为
863	很多人跟他合不来，他跟很多人也合不来，俺跟很多人很合得来，很多人跟俺也合得来，但是很多人合不来的他俺却跟他合得来，跟很多人合不来的他跟俺合得来。这要么就意味着俺这个人很博爱[噢耶]要么就意味着俺这个人很奇葩[好囧]
864	伤风两个星期没跟健身教练训炼，待会将被受折磨。。。
865	对于幸福的含义，简单却又明了。可是，真正懂得幸福的人有多少？所谓幸福，就是知足。懂得知足的人就懂得把握幸福。幸福是家人的关心，朋友的陪伴，爱人的甜蜜。那就是幸福。
866	黄昏时刻，无限想你~
867	一家人健康快乐过每一天。
868	“慈母手中线，游子身上衣，临行密密缝，意恐迟迟归”虽不是游子，但躺在妈妈身边看她为我缝扣子的情景，真的非常幸福！妈妈的疼爱缝在衣上，也缝在我的心里！
869	我爸在打电话说什么19楼19楼19吉祥。。。怎么看出来的?
870	我想告诉你我今天第一次当家教，教一个脑残九零后负数加减法，又严厉又刻薄。你肯定会让我有耐心态度好点，我会嫌你啰嗦跟你吵架，可是连吵架的权利都没有了。
871	为什么想要记得的人的样子印象当中总是很模糊…偏偏总是尽力去想那个人的样子…而不想记得的人却总是印象很深刻…
872	亲爱的分数不够打击你吗期末考场坐的舒服吗补作业不累吗每次决心认真拼三分钟热度不假吗骂年级前五脑残心里不舒服习惯了吗手机不离手微信微博人人更新你变美变帅肚子饱了吗等着心爱的人没心思学习手机聊天你们会结婚吗清醒点亲爱的别忘了答应自己的梦想别傻了那不是你要走的路
873	认认真真实验，认认真真学习，认认真真研究，认认真真进步...[神马]
874	是不管一路多颠簸，双手依然紧握。[手套]
875	说起讨厌我最讨厌我五年级班的女同学张嘴闭嘴骂的都是他妈他爸他爷他奶俗话说的好：看人不能看外表用在我五年级班的女同学最合适不过了。
876	打印个文献，也能被纸割伤[生病][生病][生病]
877	你们的怪癖是什么？
878	新加坡现在进入了一年一度的even,,空气中弥漫着淡淡碳烤的味道。。能见度直接小于一百米。。亲，趁机会来体验一下哟，自备口罩哟，因为已经卖完了。。。[感冒][感冒][感冒][生病][生病][生病][生病]
879	如果你喜欢男人抽烟，然后那个男人真的为了你而抽烟，你觉得你还喜欢他吗？他也还会喜欢你吗？
880	化学老师表态啊睇来要自学啦
881	经朋友六月木铃的帮助，我的拙作《煎熬》在延安大学社团期刊，贺敬之题词的刊物《兰蕙园》上发表了，这是我被选中的第一篇文章，特此纪念。他换了笔名“养拙”，发表了《椒客往事》。我感到了幸福，未来的路还很长很长！
882	在这条点赞的我都会闲着没事到你主页点一页赞
883	表示今天很无聊。
884	傻瓜[许愿]如果我没找你并不代表我没想念你啊[好爱哦]
885	被妹子吐槽说我出正片态度不正确，出了问题都是自己的原因orz。。。发现根本没办法反驳的样子？难道我很弱渣么？默默的郁闷了。
886	转：又帅又有车的，那是象棋；有钱又有房的，那是银行；有责任心又有正义感的，那是奥特曼；又帅又有车、有钱又有房、有责任心又有正义感的是在银行里面下象棋的奥特曼。
887	下午找了头儿们反映，罗列了4个工作，6大项12小项任务，还有一大堆文件，说出了解决方案。于是，领导现场协调，一一要人。明天，五位帮手将先后来报道，有信心提前完工。感恩啊！今天不加班！[嘻嘻][嘻嘻][嘻嘻][嘻嘻]
888	唐僧师徒西天取经回来后回到大唐，一到大殿便上前拉着唐太宗的手，说道，八戒悟空，跪下，八戒悟空遂跪下。唐太宗问到，何意？唐僧答道：我只是想体验一下携天子以令猪猴的快感！唐太宗[黑线]………
889	怕你敷衍所以不想说。
890	想念小炮老是被敌方打死的时候[泪]......
891	什么是无聊！[奥特曼]
892	求关注
893	今天翻腐向杂志时，手划破了，还特么是右手食指，严重影响发挥啊。。。再也不买这种杂志了5555555555555
894	悲剧是把美好的事物毁坏给别人看，比如南通体检要把菊花扒开给医森看！[哼]还好海安不要[鼓掌]…
895	准备干一件事->发现现有流程和代码不爽->优化流程代码->忘了要干什么事了
896	一到周末就严重感冒是怎么回事[生病][生病]
897	[悲伤][悲伤][悲伤]，我不是故意的，我只想你们能够好好的，这段话写在这里，不想让你看到，各位，晚安！小伙伴，明天见，我给你解释。
898	分不清什么与什么的区别就不要去分清了，苦恼很久也不会有好结果的。就象我永远也不知道腰果为什么比花生贵那么多，明明是一个味道只不过一个腰条好一点。也或许像喜欢和爱是两种完全不同的事情却又像白天黑夜一样难舍难离。很纠结的时候就不要去纠结，很喜欢的时候就先放一下。
899	一个青二塾的年轻人来到了自己的事务所，这是我没有想到的。毕竟她的成绩在青二塾也是不差的。所有人都以为她会直接进入青二事务所吧。我看着她的资料，一边扬起了嘴角，一边回忆着初见她时的模样……应该说，卡哇伊吧，她那时不小心的撞到了我。小脸好红～是个很莽撞的孩子啊。不过，我很喜欢。
900	后面，旁边各种傻逼唱歌/裂口女怎么不放TT^
901	算算〜有挺多的地儿不同呀！
902	我一周要上35节课了。。。。。
903	这几年，好难过呀，哎呀，妈呀，自己感觉至少还要折磨我几年。老实话，别见外。
904	看别人喜欢一个人，总觉得轻松，唯有自己知道，喜欢一个不喜欢自己的人，每一条路都艰辛。。。
905	你当时是怎么说的你现在是怎么做的
906	上个礼拜知道小班A卡的学费收了1万6还是1万几的时候我就很蛋疼了。结果今天早会才知道还有小班的学费是8万…！！！
907	努力地为生活而奋斗吧，你会拥有最幸福的颜色！
908	其实我真不知道如何回答，我只觉得如果我爱你，我就要对你好，而且是全心全意，一心一意对你好。就算你说我死脑筋也好。
909	今天我流的泪…都是昨天我脑子里进的水~今天我曲折的道路…都是昨天头被门夹过的痕迹~
910	无聊刷微博
911	有同事下周一到三休假，这样可以过一个很完美的长假了。我犹豫了一三秒，说了一句客气话“安心休假”[酷]
912	这种感觉不对。。
913	昨天看天气预报说今天有雨，就把活动给推了！！！！然后我今天一醒来！！！！！出太阳啊操！！！！！！！[泪][泪][泪]
914	《做点无用的事》终于被我看完了。[太开心][太开心]
915	在社会生活中，有时有好多的无奈，一位先生十多天前亲手送还一煤气店店主的煤气款，昨天店主又来收那瓶煤气款，各执一词，毫无证据，这是无奈的无奈！那先生只好说“如果我没还钱，今天就给车撞吧！”，求于上天之道，以证明自己的清白。那位姓蔡的店主还死说没还！人世间，实实在在的无奈！
916	对不起，不应该接那个电话。
917	地震时正在睡觉。想起下周要连着上七天我就哀怨着那。。中考的妹子看着高考。
918	在应该💤的时候选择了📺，所以错过了瞌睡。满脑袋都是你，想你、好想！
919	我打算去长跑，调节下自己。
920	我已经知道dota想单干是不行的上高地还是要靠团战，某宅男在家看着冰女转圈圈打飞机惹怒队友，还有一大堆英雄音效比如说：火女你个bitch、潮汐说我还能吃下一斤磷虾和一条凤尾鱼！fristblood、doublekill！补到最后一刀的快感和最后超神赢了的话队友给的崇拜不是一丢丢。我为什么要知道这些！
921	他真的除了身高……其他方便真的都是理想型外貌是身材是性格也是完全不是饭综艺没怎么看过歌也没听过几首但就是偶尔看见关于他的消息哪怕是那些所谓的负面新闻都会笑一笑然后觉得
922	刚想起个昵称，游戏一直用的ID，没有一次被占用过，百试百灵，抱着这个心态修改后，发现这个ID被占用了！居然被占用了！心里顿时一万头草泥马呼啸而过！[bed凌乱]点开那个微博想看看是哪孙子用我ID，结果发现，那是曾经第一次注册着玩的，后来被盗就遗弃了的ID，我擦擦擦擦擦擦.......[bed蹬腿]
923	我们是踢球是为了强身健体，不是争强斗狠，对不起，想看赢的请关注乒乓球吧。
924	突然，好想你。
925	我不喜欢思考我很懒惰我很喜欢笑笑点很低就算笑起来不好看我也笑得很像个疯子我很霸道但不爱无理取闹我不爱讨好人不爱巴结人不爱搞关系其实我一直惦记着我爱得人我有很多毛病有时候会不经意间得罪一些人很容易让人感觉不舒服在此我向这些人道歉
926	有钱吃甜品而且不会牙疼不会胖的话，这将是多么幸福的人生啊！
927	“这里有位置，你坐吧[呵呵]”“？谢谢不用啦～[可爱]”“你不是怀孕了吗？[吃惊]”“没有啊～[可怜]”“啊不好意思啊[委屈]”“没关系哟[笑cry]”然后我就深吸一口气在接下来的几个站憋着小肚子回家啦～[悲伤]
928	华广的夜灯永远那么暗淡，不知是方便情侣约会还是省电环保。害得我晚上下课走楼梯踩空，把脚给扭到，幸好没什么大碍。本想打电话求安慰的，没想到叙述完我的伤心史，第一句话应我的是丢脸吗！[泪][泪]
929	真的很无聊阿这样子我看着他们他们看着我好困好想睡
930	新的一天。希望所有的努力都能看的到。晚安。[月亮]
931	第一节党课就没去，唉，党啊！？！？！
932	看到这些，我想到了家人，我在这里深深的对家里的老爸老妈说对不起，让您老伤心了。对不起，对不起。
933	我很开心生活在当下虽然有时候会因为心里空荡荡的可是朋友好多
934	还真是鸟儿大了什么林子都有
935	太不容易了吧[悲伤]
936	我才不知道今天是什么日子[奥特曼]
937	天气不好，胃不好。
938	从前有个叫马騳骉的人，但是博学多才的老师也不知怎么念，所以每当上课点名的时候，总爱说马叉叉到了没。后来，一位有文学素养的语文老师点名道“万马奔腾到了没”。再后来，一位体育老师直接改用“一群马到了没？”
939	聘淘宝刷单人员（红包单）一单的利润2-10元左右，日结工资，适合兼职专职，适合学生主妇上班族，我自己也在做，有钱大家一起赚，诚心想做的联系我！认为是骗子的不要加我。买不了房子车子，挣个零花没有问题！qq328346790
940	加多宝和王老吉咱们都不喝，真心说句实话，不如苏打水！而且贼贵
941	不要影响我心情[愤怒][愤怒][愤怒][愤怒][愤怒][愤怒]爱怎么样就怎么样？
942	痘痘大爆发了！[泪]再也不熬夜了！！！！[泪][泪][泪]
943	吃屎去，我在学院办公室的电脑前输入成绩，一老男人跑来说他要用电脑填份表，说只要一会儿，我单纯的好心的让给他，结果就是，现在别人都下班了，劳资还在等。
944	因为翠翠顺带葛意太岁，翠翠挂了，山神挂了。。。喵岁再怎么萌连带那个天骡子额都不会葛意你了！[怒]
945	嗯，诚实，不贪心。
946	对不起，我的宝贝，妈妈对你总是没耐心，不应该老是吼你，在你身上投入的精力太少了，新的一年妈妈一定努力改进
947	好不容易考完美术又被老师叫回去考试考完了又得知从明天开始还要上一星期瞬间愤怒的不行了!!!!!!!!!!!!!!!调整不过来啊!!!!!!!!!!!!
948	痛苦通过存在感划出了一块不可剥夺的个人归属地。以至于当它们都消除的时候，居然茫然得觉得这个世上再无处可去。
949	心里有种说不出来的感觉😞☁
950	半夜饿了，去楼下的超市选购，刚决定好吃啥超市就断电了，我。。。[bm抓狂]
951	我：干嘛总爱买东西啊？他：就是喜欢买啊。我：那给你自己买啊，总给我买干嘛？他：一买东西就想到你啊。
952	终于能醒着回家。
953	在薄情的世界里深情地活着，胜之不武。
954	某某某，某某，你们再不还钱，我真的要拖家带口去你们家过年了，有意思不，有意思不！！！！！！
955	一个团队；两个精神：成就和贡献；三个支柱：个人成就、ENROLLMENT、社会服务；四大领袖特征：热切渴望、绝对信心、有效行动、钢铁意志。（第一段)
956	有冲动想剪回短发怎么破
957	我不怕重感冒，但我最怕鼻炎犯了…这不，我又发烧了～万恶的鼻炎啊！
958	世界上有两件事最难：一是把自己的思想装进别人的脑袋里；二是把别人的钱装进自己的口袋里。前者成功了叫老师，后者成功了叫老板，两者都成功了叫老婆。跟老师斗是不想学了，跟老板斗是不想混了，跟老婆斗是不想活了！
959	生气时不适合说任何话做任何事伤害了别人还气了自己
960	选了我喜欢的学校。不后悔。我喜欢。[哈哈]
961	不去挽留的人，没资格说放手。
962	已经三个晚上哄ra宝睡觉时ra宝会一骨碌爬起来到我脸上甜甜的一吻再开心的躺下，我好幸福！怀中这可爱的小人，妈妈爱你！永远永远！而且妈妈知道，你也爱妈妈！永远永远！[爱你][爱你][爱你]
963	秘诀二：千万不要菜在锅里的时候传授秘诀，菜会糊
964	宁愿跑起来被拌倒无数次，也不愿规规矩矩走一辈子。就算跌倒也要豪迈的笑。
965	：今天凌晨4点住院总会诊一颌下脓肿孩子，告知家长需先做B超，结果出来后再决定是否需要住院，2小时过去了孩子家长都没来找医生。住院总愣是没睡打电话吧急诊科的问了个遍，终于找到了孩子爷爷的电话，把病人找回来了，原来老爷子跑附二院去了。
966	某剩女在一次相亲时拐弯抹角地打听男方家底：“你最常用的交通工具是什么？”男方回答：“飞机，动车。”女方觉得男方属于高档商务白领，遂嫁之。婚后发现男方骑一辆破自行车上下班。女怒道：“当初你竟然骗我。”男茫然答道：“没骗你啊，我说的就是非机动车呀。”
967	我即将公派出国留学一年。今晚，发现女儿躺在床上偷偷抹眼泪。我问她：“你哭啦？”她摇头说“没有。”我对她说：“告诉爸爸你遇到了什么困难，让爸爸帮助你解决。”她无奈地回答：“你帮不了。”经我再三追问，她才伤心地告诉我：“我不想让你出国。”感动ing[泪]
968	事情就是这样，你觉得简单就简单，你觉得不简单，那就一定按不简单发展。[哈哈]你不欺骗生活，生活就不会坑懵你！[嘻嘻][嘻嘻][嘻嘻]LOVEISSOEAZY！
969	我对不起祖国，对不起党～我吃不起庆丰包子加炒肝。新闻联播上说中国人的平均月收入已经达到了八千。看到这个消息我不禁黯然神伤，无语了，我必须要转发。仔细的盘算盘算，我何止是拖了祖国的后腿呀，我都拖到祖国的大腿了，对不起了，祖国！！！我都把你的短裤拽掉了也没挣到八千呀！
970	你们这些公众微博能不发这些东西？哪个屌毛傻到真的去买
971	敢不敢有30个赞？
972	去医院看破喉咙，才知道父上听歌的喜好能从宋祖英那英到肥猪流网络歌曲反转得那么奇葩。现在父上母上在车上听着《伤不起》无限单曲循环，嗨得跟着一起哼我请何以堪……我……我也要一起凑份儿么……[汗]
973	这么多来莫凡已经成为我身体的一部分，我没有办法不爱她[心][泪][泪]
974	我有了我的追求我有了我的目标我有了想要关心的人我有了爱我的人我不缺什么~哦耶
975	每天一刺激…[挖鼻屎]深呼吸[兔子]冲过这段时间就什么都好了～什么都会实现了！🙏
976	老板：1月份的会议abstractsubmissiondeadline，你居然12月29号就写好了...告诉我为什么...我：因为我已经半年没有出过Tri-StateArea了啊...真的好想出去旅行啊...
977	3…他（鬼神）所讲的东西如理如法，合情合理，我们可以接受，我们也赞叹他几句；不合情、不合理、不如法，邪神，我（净空）遇到很多，一听到这个，我桌子一拍：众神归位，驱逐出境。我说：“你们说的，我都知道了，以后不要再来了。”真有效，以后就不来了…
978	阿生6点就叫我起了，一圈半我们跑了2个半小时[黑线][黑线][黑线]眼镜也没戴，在食堂指着大馍说来两个包子
979	相思痛，真的很痛。。想要却得不到
980	2013.6.14只要有你在我身边就好似我有坚强的后盾！晚安，亲爱的！
981	今天，中午刚注册微信呀！密码忘了！怎么办？登入还用密码了……！怎么办呀！想不起来了（＼好伤心？励一朝！[馋嘴]没办法呀[泪][泪][伤心][伤心][囧][囧][怒]@[抓狂][抓狂][晕][晕][嘻嘻][兔子][给力]我个机会让我进去！
982	怎么在家的24小时还没在学校的4小时做的事情多啊，真是气死了。从明天开始，我一定要改变这种现状了！！！下定决心了~
983	天亮了我想你，微风吹着我想你，吃着饭我想你，发呆着我想你，每一时刻都想着你
984	今天寝室的姑娘说：阿哲你又胖了啊！我就震惊拉，胖就胖吧怎么还''又''胖了呢！最近一直都在瘦啊！[汗]
985	你的世界我没兴趣我的世界你也不要涉足
986	今天不是晴天很高兴做了对的事情很难过做了对的事情缘分挺折磨人的折磨会疼放下会疼但是是对的是对别人好的对自己也好的呵呵呵呵还是没法忍心自私！好好的一定要好好的幸福的而不是伤心的对不起，自己，还是让自己也疼了。
987	这两天爆仓快递很慢，客户很着急，我这边也跟着着急，关键是一票两件，只到了一件。另外一件被积压他们物流仓库烦躁
988	心情有点小不爽～
989	儿子：“妈妈，什么叫度蜜月啊？”妈妈：“就是一个男人和一个女人做新婚旅行。”儿子：“妈妈，你和爸爸去新婚旅行过吗？”妈妈：“当然去过了，我们过的很愉快！”儿子：“你们带我去了吗？”妈妈：“带你去了。去的时候你和爸爸在一起，来的时候你和妈妈在一起。”
990	不出意外，今天又要洗冷水澡了。。[泪][泪][泪][泪]
991	今天在美甲店美甲，进来一个辣妈带着一正太一萝莉，由于人多需要等待，只见辣妈从包里拿出一个iphone自己玩，一touch给萝莉玩，到了小正太那没有了，只见辣妈急中生智，拿起美甲店的计算器给小正太，边给还边说“你看妈妈对你多好，把最好的最大的给你，小的才给妹妹”
992	我的好多同学都放假了，为什么我还要继续上课啊？而且我们放假迟开学还早，为什么啊?
993	呵呵。某刚认识的人说，要不车先别学了，出去玩吧。也不着急着几天。次凹。劳资都快去考试了，不学，说的真TM轻松。最近劳资真是衰到家了，各种乱七八糟的事情凑一起。搞妹啊！！！要不要这么坑爹啊！！！劳资TMD不是超人啊！！！亲！！！劳资的24小时真的不可能掰成48小时的啊！自己玩蛋去吧！
994	一边画着宗如一边听女王陛下的disintegrationa啊！！！！！咋回事儿啊！！！！！！！感觉好合适啊！！！！！！！
995	但可怕的是，世人往往喜欢别人来代替他们思考，来直接告诉他们答案是什么，应该做什么，不应该做什么。如果人只需要听别人说什么就做什么，这是多么省心和幸福的事！就像认为在佛像脚下一拜，就能解决生命中所有苦难一样。可惜你不自救，没人能救你。佛也不行
996	想念是我偷藏的火焰这样明明灭灭又不近不远
997	我想要的幸福其实很简单、只需真心真意！
998	幸福工程式+生活工程式=幸福方程式
999	我相信态度决定很多东西，也许不能包括结果，但是可以让你无悔。
1000	难过是什么，我终于体会到了，特别赞，特别赞呀，狂赞，就让我难过几天，我就会好，好了，我继续得瑟，继续生活，
1001	因为被人问到“耽美”和“同人”的具体定义而特意跑去百度百科查阅……顺带点开了“腐女”“同人女”“同人创作”“acg”“lolita”“玛丽苏”等一系列词汇……各种长姿势啊……半懂不懂的腐了这么久实在太惭愧。话说词条里好多提到的经典小说都没看过，很长一段时间不用喊书荒了噗……
1002	我在上班，上班在发呆，发呆饿了，就吃饼干，吃完就等下班~~~~~~ohohoh
1003	被他们两猪刷了半天！连我奶奶都笑我！
1004	当别人拉着你跑的时候，你没理由用走的，所以，必须无条件的冲。
1005	一点都不胖好吗！为什么叫人家千斤[怒]
1006	这一个多月在公司认识了刘畅一起玩的好开心今天突然就说要辞职了才知道他爹是局长给安排好了工作我想说我好怀念两个男人一起吃饭一起唱歌的日子知道你不玩微博才敢这么写希望剩下这不多的日子时不时来公司招哥去玩……
1007	好多好多年以后的我、一定会后悔现在没好好对自己、放弃长命百岁的机会
1008	为啥我们家三儿就是不喜欢我呢？任凭我肿么逗他，，，他还是，，，[泪][泪][泪]
1009	一妹妹买了4s打算越狱。到店里不知道怎么说憋了半天爆了一句＂老板我要出轨！＂老板愣了几秒果断给她装了微信
1010	刚面完试出门就被个神婆缠上，张口要你捐这捐那说保平安，我说不信这个要走她死拽我不放，正恼火时被拉了一把，回头一帅哥站在了我旁边说：她和一起来面试的，没时间跟你在这耽搁，说完拉着我就走，我赶忙跟上，那神婆气的大喊：你凭什么带她走？她是你女朋友？[汗]及谢谢拔到相助的帅哥[鼓掌]
1011	今日听到一句话“美好的光阴是用来辜负的”这让我想起东邪西毒里张曼玉饰演角色说的一段话“我一直以为我赢了直到有一天看镜子才知道自己输了在我最美好的时候我最喜欢的人都不在我身边”
1012	滚吧操蛋的高考
1013	你为什么不吹哨子？因为我比杨晓芸对你好。等向南同学哪天新婚到不可一世了，会不会觉得激情，情话都特么坑爹。会怎样记得那个用时间证明了对你好却换来厌倦的女人。2014年，我们的小梦想时常让我有些乏力感，所幸它已不再遥远，加油
1014	翻下账号我看到了什么==还以为你虽然奇葩了点但是不至于盗图啊【】不是国内的socialmedia就可以做这种事？coser的基本素质呢(´,_ゝ｀)你就不能盗个和你长得像一点的让人不要一看脸就知道你就算化200%浓妆都不长这样好吗==？救命，三观又被你刷新了。
1015	容易满足就是幸福。
1016	我的爱情没有希望了…………………………………………………………………………………………………………………………………………我想嫁给一辆车
1017	去买糖吃,看好了先把糖塞到了嘴里,然后一摸身上忘记了带钱包,那阿姨很理解的说,下次再给.
1018	你始终也是你，晚安都不知道跟谁说乐。[伤心][伤心][伤心]
1019	多想把妳抱住多想抱住妳哭。想妳很多很多[失望]
1020	是一种习惯。
1021	这微博好久没用了，竟然出现了那么多关注，莫非……
1022	无聊无聊，每天都在无聊[睡觉][睡觉]
1023	虽说通选课神马的不是神马大不了的不过对于机考的成绩老师还擅自拉高顺眼同学低分的这一点实在过分，老师你这样对其他认真的同学公平么o(╯□╰)o牢骚完毕，晚安[兔子]
1024	什么时候饿就什么时候吃，这是我最简单的快乐！
1025	对你的思念太重，压断了电话线，烧坏了手机卡，掏尽了钱包袋，吃光了安眠药，哎！可是我还是思念你。
1026	跑步真是个忒有用的解压方法，在黑不溜秋的操场跑一圈感觉好多了啊～-.-～
1027	呵呵呵呵呵呵呵呵呵。
1028	其实你会追出来我已经很惊讶了虽然语气和脸色凶到可以吓哭人
1029	如果心不敞开，就算再好的药物用在你身上也没用。
1030	[衰]新年没有新气象，吃没吃好，耍没耍好，睡没睡好，鼻子痛，耳朵痛，各种痛[衰]。
1031	世界末日有他陪着你就好了，哥要拯救世界去了。如果明天大家看到太阳照常升起，那就说明我成功了，不用感谢我，这都是应该的。（转）
1032	我喜欢上了一个叫做周黑鸭的人
1033	darling的小侄子被开水烫伤了，正在医院治疗，才一岁多，就要承受这么大的痛，希望小家伙能早日康复[心]
1034	193X年冬，XX城的天冷的刺骨，大户X家的气氛也是格外的承重，大少爷被老爷打折了腿扔在门外。冰天雪地里，路上连只鸟都没有，他看上去一点都不介意，就这么静静地躺着，嘴角噙着似有似无的笑。没有人知道，他藏在胸襟里的手，紧紧攥着一根链子。
1035	Style伤心难过的时候就像一个人坐着远行的车子，不住的看着远处的风景，却发现没有一样是属于你的!
1036	不知道这场比赛有没有感动世界，但确确实实在这个凌晨让我心潮澎湃难以平静。非洲雄狮的激情，杀气，那群相互呼喊绝不停息的战斗欲望印象深刻难以忘怀。当然，正常比赛让我难以抑制的呐喊的时刻就是克洛泽进球那一刻，那个连续四届进球的飞翔的男人……为K神欢呼，泪奔，期待！德意志战车，加油
1037	哈哈哈，迟来的消息！我们也不用上早读！
1038	我想湿啊、今天弄砸了、哎、怎么过年呢、呜呜、、
1039	火车，硬座，冷似冬天。。。抵不住困意歪倒在无人座上，冷得蜷成一团。。。后来不知不觉竟甜蜜入睡…睡好醒来，发现身上多一条薄毛毯，瞬间恍然大悟，心里一阵暖流…谢谢你，好后悔没亲自对你说谢谢！！！
1040	是的我不会关心别人可是我连自己都照顾不好
1041	满足自己的生活境遇,珍惜人生中的爱情,错过了学会放弃,未来的需要憧憬,心态需要平衡。祝福平淡的生活更加充实。善待周围人事,不欲,不贪,不妄。明天还是崭新的开始!永远都不要对明天失望。
1042	幸福不在于有多雄厚的资本，多登对的外表，而是心甘情愿滴为对方着想，有执子之手，与子偕老的信念，有相濡以沫的感觉
1043	处于这种状态的人可以说自己得到了幸福心灵十分充实和宁静，既不怀恋过去也不奢望将来，放任光阴的流逝而紧紧掌握现在，不论它持续的长短都不留下前后接续的痕迹，无匮乏之感也无享受之感，不快乐也不忧愁，既无所求也无所惧，而只感受到自己的存在，而且这种状态继续存在。——卢梭
1044	幸福就是翻看以前的日记，想起曾经在青涩岁月中经历的欢喜和烦恼，想起曾经的单纯和傻气，想起那个让自己怦然心动的名字。合上日记，嘴角情不自禁浮起一抹微笑。
1045	奋斗是怎么回事？理想又是什么？你打算拿它怎么办？
1046	我们之间的关系只剩下利益就只能靠单方面恬不知耻的讨好呵呵真让人
1047	今天输了，我怎么感觉到开心反而不伤心呢？？怎么回事[晕][晕][晕][晕][晕]
1048	这将会使你的一天璀璨[嘻嘻]
1049	卧槽首页全是[拜拜]
1050	湖南这样推于正我也是醉了。。。。。这个嘴脸真的是。。。。
1051	阳光依旧明媚，五星红旗依然伊人，生活自然幸福。
1052	此刻想你花牡丹！
1053	[嘻嘻][嘻嘻]五一上哪玩[挖鼻屎][挖鼻屎]
1054	小时候幸福是件很简单的事，长大后简单是件很幸福的事。
1055	每逢大会就跌！
1056	我不会去做让你原谅我让你不恨我的话我能做的就只有陪伴
1057	在夜店喝冰水观察别人是一件蛮有趣的事。。。
1058	西瓜吃多了，起来尿尿，这是一个多可笑的事情啊[哼][哼][哼]
1059	“我想买辆坦克。”“那就买呗。”“买不起啊，那么贵。”“拿信用卡刷呀。”“刷了信用卡要还的，还不起怎么办？”“怕什么，你有坦克。”
1060	想哭可是哭不出来，想和人交流但是交流了两句又没话可说。我尝试了做运动，外出散心，养花等等的一切行动，甚至还去接了个拍杀人案的活儿，依然调不动积极性。和我妈的电话粥也在20分钟内（以往是50分钟以上）就打完了。电话薄、QQ、微信上翻了一圈也找不到人说话。只有大学同学说，你只能熬
1061	温岭一6岁女童小思怡3年前遇车祸致残亲生母亲拿走52万赔偿款后弃女离去——小思怡因无户口遭遇上学难。有些人真的令人摒弃，有些人真的令人感动！希望当地警方及时帮助小思怡，圆他的上学梦！祈祷！[悲伤]
1062	(･'ω'･)小盆友快回家だよ
1063	六点半起十点半睡
1064	最近感觉好累。心太累~不再爱了~~
1065	我想用我的青春做什么。。。
1066	若要人不知，除非己莫为，做敢做说不敢说。真是装纯被人伦！顶多也就是个金玉其外败絮其中，还算夸你了！现在又要上演一出浪子回头金不换吗？哈哈哈哈！！！【--妈呀我的门牙怎么掉了
1067	下周要军训了，希望不要被晒黑。
1068	我想学画画凭什么不让我学?我想报美术特长生凭什么不让我报?
1069	不知道谁偷用了我的刮腋毛刀不敢再用了扎的有点难受所以偷偷吃了7颗多味花生洗发水（透明瓶）用了近半个月一点也没少且越来越稀大概又是有人用了吧
1070	终于，又放假了！！
1071	一想到明天麻麻会把她那部旧的手机给我我就好高兴[手机坏了好几个月了
1072	客人：要一个汉堡。店员：要不要配一份薯条呢？客人：不用谢谢。店员：身体被切碎，在高温油地狱挣扎过，就算慢慢变得软塌塌，只是为听到一句“挺好吃的”而咬牙坚持着，但一旦卖剩下就会被立刻倒掉的薯条到底有着怎样的人生啊…客人：那再来份薯条。。。
1073	不要管别人，你是你，永远变不了别人，做自己。你可以办到。。。坚持执着，勇气，耐心，无私。。加油
1074	我应该怎么做、[呵呵]
1075	火炉创伤后遗症---杭图一秒变大卖场～～～
1076	最近挺无聊的。。。。
1077	不想起床～可还有好多工作要做。。。
1078	看到水母的实体了，蓬蓬的透明浅白色往斜上方游，跟电影上的一样，太萌了。然后都说雁过无痕之类的，但是我发现水流过是有痕迹的，对于这点水底的沙可以证明。还有，第一次坐大邮轮在海上转了一圈，而桅杆上恰好打着之前看虞美人之坡里的旗语，感觉很特别。
1079	为了12108为了自己想要的以后。
1080	神马时候才能赚到人生中第一个100万。。。每天n多机会打手边过就是自己够不到的感觉好心塞帮别人做资产配置自己没有资产可以配置的感觉好心塞。。。加油吧少女
1081	谁拿我耳机阿？它很便宜，陪我了一年多，心情不好的时候都用它。草他妈我现在很烦躁！
1082	让我失忆吧。。。神。。
1083	我一直在想到底是对还是错？
1084	梦见不想见的人
1085	多爱你都绝口不提让所有深爱都成为秘密
1086	💪💪好男人的口号：📣老婆削我千百遍，我待老婆如初恋。老婆虐我千百回，我誓今生永相随。老婆骂我心不堵，我当自己是保姆。就当老婆是上帝，俯首作揖不离弃！
1087	很好的生活便是自由，爱人，和钱。自由=自我，爱人=慰籍，钱=所有。
1088	有些想你了，你知道吗？
1089	就算我们没有联系了，无论以后我们算什么？朋友？陌生人？还是…我现在只是希望你这次理论考试一定能过…加油吧，我也只能默默的为你祈祷，默默为你加油！
1090	每次发完说说和微博都会下意识的赞一击，就像这样。
1091	给你我的心能否请你别遗弃
1092	窝居然从开学到现在还没用到200_(з」∠)_
1093	[雪][雪][雪][雪][雪]冻死了
1094	上课进行时。。。。想睡觉。。。肿么办＝＝
1095	准备好了吗？
1096	是不是只有最悲惨的时候，才能遇见那个一生的Mr.right。那我暂时是不是就没有机会遇到呢！
1097	还有人到图书馆7楼睡觉吗？[睡觉][睡觉]
1098	周杰伦你的歌敢不敢再好听点
1099	事实或许真的是那样吧,尽管我其实一直在骗自己,可我再没勇气去打扰你了。不想你再因为我而受伤害了,好好的消失在你世界里吧。
1100	把喜欢的文捧在手里翻页的感觉真是，啊，无与伦比。
1101	到现在才知道你的生日是不是特别不孝
1102	爱要大声说出来。
1103	夜已过半，不要跟我说起烧烤2字啊，一说就饿了····[可怜][可怜]情何以堪呐~~
1104	在朋友圈里公然撒娇的女子都应该被拖出来打五十大板
1105	那貌似很高深的老师说，上次搬家卖了两百斤书。我正在默默换算这两百斤书大概好多本的时候，旁边那个贱人迅速反应，一斤6毛钱，200斤！120块钱！！！
1106	最难过的不是自己痛得快晕过去而是我们班高187重75kg的男生都背不动我[失望]
1107	最近有人使用您的密码试图登录您的Google帐户-我们阻止了此次登录尝试，以防黑客入侵您的帐户。请查看该登录尝试的详细信息：
1108	我说过我不会打扰你，不会来闹你，可那不代表我不会想你念，深深的想念的。我亲爱的小木子
1109	我的鼻子就像没拧紧的水龙头
1110	无聊时，干么都无聊[奥特曼][奥特曼]
1111	每个女人都是天生的演员
1112	内什么萱萱晋级，是顺应了网络潮流么?
1113	要不要这么一直下打湿完了[生病]
1114	查看完整图片
1115	无助的时候会干嘛，难过的时候会干嘛，失落的时候会干嘛，在没有遇到这些问题的时候，想过没有，遇到了你是怎样的心情怎样的表情[衰]。
1116	自从有了爱疯，好多人上扣扣从来不隐身了。
1117	很多法官都是硕士以上的学位，对部门法非常熟悉，但可惜是法官知法却不守法，只听领导的命令。很多律师都号称为人权而奋斗，但可惜的是有些律师连最基本的法律逻辑和法理知识都没有，办案全凭情绪。知法的不守法，所谓的护法者却不知法。这两种人殊途同归，都是对法治的伤害。中国法治的悲哀。
1118	今天女朋友跟我说我俩重新认识一下吧，我说好，随后拉黑她重新加了一下，拒加！她竟然拒加了！！！！我这是被甩了么
1119	为什么每次我不带[温暖帽子]的时候风就刮的特别大，今天出门带一顶[温暖帽子]竟一点风都不带刮的，我可以把冬天的风藏起来么，等我带[温暖帽子]的时候再用[挖鼻屎][泪]
1120	今天又看到了媳妇可爱的一面[偷笑][偷笑][偷笑][偷笑][偷笑][偷笑]
1121	尼玛为什么要我明信片的小天使们离我的距离那么远_(3」L)_
1122	沈从文回忆小时候，小学生中间定过几条“奖惩律”：见仇远走者，罚钱一文；被打起包不哭哼者，赏钱一文；在别处被二人以上围打不伤者，赏钱二文；被人骂娘二句受到挑战而不敢动手者，罚钱二文。
1123	昨晚的药吃多了，睡到现在才醒，可还是做梦了，梦到他说想我了…
1124	，今天终于买到《纳兰词》了~
1125	每日签到（7）今天开始看来要放弃中午休息时间了～加油坚持
1126	我怀念的。。。
1127	吃饭刷微博发现一一家三口的微博爸爸经常的@一下儿子告诉儿子今儿做错了事改了就好要做男子汉妈妈时而发点育儿感慨希望儿子茁壮成长爸妈之间还互相夸一下对方做的好事情这种温馨真羡煞旁人啊[太开心][太开心]
1128	有时候也很无奈对头
1129	一个十八岁的女生能和十五岁女生相比较么不就是大了三岁不就是多带了一个包不就是多穿了一双高跟鞋不就是多穿了一条短裤有什么好比较
1130	终于知道homework为什么是不可数名词了，因为TMD作业永远都写不完
1131	对面的姑娘学习特别努力。书页翻得特别用力，哗哗作响，写字写得掷地有声，换笔啪啪的往桌上扔，情到深处，手之舞之……我坐在她的对面就好像感受到了一场激情昂扬的交响演奏会，反而更加消极了〒_〒
1132	今天颓废了一整天，我好想你好想你好想你[伤心][伤心][伤心]
1133	最近在每个不自觉想起过去的时刻不停的告诉自己，忘了吧，都忘了吧，忘得干干净净的吧。我一直让自己平静的面对亲情，爱情，友情，试着不贪心，习惯在感情上的失去和得到，习惯失去大于获得，习惯的认为这是应该的，没有为什么，没有~
1134	最好的日子是星期六。因为星期天可以睡到8；00多。然后老妈不在中午就不用去食堂次饭了。
1135	晚上粗去操场冒着冷风走了一个小时，回来之后左脸便出现一大片紫红紫红的类高原红，还烧烧的。跪求明早起来后能恢复原样。我愿意一个月不吃肉！我不要变猪肝脸！[泪][泪][泪]
1136	果然是催泪型的电影，大半夜的睡不着了，也许最幸福的事就是可以牵着一个人的手直至老去~~~~~
1137	捉住人的某一痛处就没完没了，，受不了，[哼][哼][哼]
1138	刚刚在想怎么没有人设计一款软件可以站在手机上测体重然后我就被我的智商惊呆了[疑问]
1139	就是有一个人陪你无聊，难得的是你们两个都不觉得无聊。
1140	，我原谅你了，在已走失的时光里…
1141	坑爹的交通·
1142	陪在孩子身边，看着其快乐的成长就是当父母的最大幸福！
1143	你看，我们都在认真的工作，却依旧得不到所有人的认可，所以我们并不是神，连神都会被世人怨恨呢，我们又怎么能做到完美呢。
1144	多么想说不要走，多么想说留下吧。可是我却无法开口。
1145	因为第一次受到的委屈太大而心塞[泪流满面]因为你只觉得ta在气头上不理解我要我低头而心塞[泪流满面]因为没有勇气让你伤心而心塞[泪流满面]因为怕你走开而心塞[泪流满面]因为我总是口是心非而心塞[泪流满面]因为越来越在乎而心塞[泪流满面]因为最近真的很心塞[泪流满面][泪流满面]
1146	昨天快递找钱给我的时候里面掺了一张20元假币，今天买东西的时候被别人提醒了才发现。然后今天又遇到那个快递，我说，你找了假钱给我。他若无其事安慰我说，“这个可以用出去的。”(｀д´╬)
1147	白天上网好阿[哈哈][兔子]晚上上网卡的要死真的是气死人急死人[哼][怒][怒]
1148	那些汉化AB的条漫还不忘写上“A是属于C的，B是属于D”的人是什么心态，还不如不做
1149	中秋放假一天，为了公司，拼了[威武][威武][威武]
1150	洗个澡洗出一大堆的思念😭我想您了.太多的回忆像放电影一样一幕幕浮现在眼前..心如刀割...
1151	对什么都没兴趣了！！！肿么办
1152	可爱！！！
1153	［琼琼学说］精诚无间，百折不挠，高考之压力所不能屈，学习之困苦所不能扰。吾志所向，一往无前，愈挫愈奋，再接再厉。
1154	又受刺激了呵呵呵
1155	没关系[做鬼脸]
1156	我攒了好多个对不起，能不能换一个我喜欢你，但是最终收到的还是那句对不起。
1157	我想说你“张颖，朋友同事说的都不错[怒]你该补脑了”早上把昨晚加班写的总结拉在家了，下午把银行卡丢了，晚上烧水忘记关火又把锅给烧烂个洞！你。。。[泪]改名吧，张有才！[衰]
1158	到家的感觉真好，明天我也开始上班了。
1159	还有一个星期就能离开上海了，好开心。。
1160	自私得那么明显就是欺负人了。偏偏叫我撞见，有点讨厌啊。佳节将至，过一阵子再作不迟。
1161	如果对方多替彼此想想，还会有生气，伤心吗？谁又会舍得故意气你，伤你。难道你就不会想想他也是有苦衷得吗？/流泪
1162	！！！好坑爹的语文。。。。
1163	自从戴了镜框之后天天乱发脾气，我知道这三个字很廉价，而且你们也看不到，我也没办法说出口，也纠正不了这个突如其来的坏习惯，但是左边的小天使跟我说还是要认个错哒[悲伤][委屈]
1164	有时候会被这种莫名其妙前后脚的默契给惊讶到
1165	少年中国太霸气了！赵文卓太帅气了！学武的小孩真的让人很心疼啊。但是这个节目真的看得我眼泪花儿都包起了。鸡皮疙瘩起了一层又一层。
1166	你能告诉我，咱们该怎么走下去吗，我真的很迷茫。
1167	俺会骑电动车了
1168	三点多喂完奶就一直眼光光清醒到现在，翻来复去就是无法再次入睡，今天还得一个人带孩子。[泪][抓狂]
1169	突然之间很无语！或许是太多的话不知从何说起，对谁诉说，该怎么倾诉！对不起，自己。
1170	我手机头有你的三个号我就向三个号都发了生日快乐只收到一条＂你是不是发错了哟＂我能回啥子？看样子我大概是发错了吧我还给你发啥子生日快乐呵呵我硬是吃多了胀到了
1171	我心里最脆弱的一根神经是单亲，每一个单亲的故事总是能颠复我的心情。我害怕失去，害怕别人失去。也许关心WZ，关心DX，关心DD关心X都是这样吧。。。希望SG好好的。。。。
1172	上课上到直接睡着。。。窝槽我该怎么办。。。
1173	我不希望我所接触的人都欺骗我
1174	看着别人总是手牵着手，心里太酸了！感觉自己不属于好孤独好寂寞！看着远处的风景我只想牵着你的手！
1175	继捕人达鱼之后，我的室友又创造了六指魔琴。。。
1176	明明都一样还非要骗自己这个与众不同
1177	莱昂纳多·迪卡普里奥，竟然还能记得全名
1178	哪天能没有烦心事？[抓狂][抓狂]
1179	学渣日日夜夜写作业时流的泪，就是选择读研时脑子进的水
1180	啥都不想干。好想一觉不醒……等下关电脑去听听置鲇的声音去。可惜还会天亮呢。无聊时近来就想听听置鲇的声音。好听，喜欢置鲇。不想做不喜欢的事情。不想没有热情像机器一样的生活。但是不能。
1181	遇到好事就伸手的人，碰到难处就躲闪的人。[鄙视]
1182	脑机抽了，纠结啊，想shi啊
1183	好无聊的一天
1184	其实我一直都知道，却也还是想让你把我看的重要些再重要些，但还是别了，这种小事我自己来就好了。你只要看着我的微笑就好。
1185	腿被不明生物咬到，肿起一大片硬块[汗]
1186	需要鼓起勇气的事情可真多[右哼哼][左哼哼]
1187	都说我们刘家出美女，为了不拖后腿，我要更加坚定的减肥了！
1188	心情特别不好
1189	加油吧，9班的同学，我们不能再倒数第一了，一模好好加油，到了中考再加油吧！
1190	当你就在我身旁时我却不珍惜现在无法看到你时我特别着急特别的不安能不能再给我一次珍惜呢?
1191	花街，右手，好像少了对手。
1192	看完分手合约，虽然剧情有点狗血，但是还是有那么点感人，对比致青春，彭于晏演技完爆韩庚。
1193	无聊死了
1194	是不是该纪念下呢，第一次这样盼星星盼月亮的！！！[泪][泪][泪]
1195	和好友邵的一段关于幸福的对话，他说即便是可以天天吃雪糕有个好爸爸一起玩游戏也不感到幸福，而我说有个麻麻给我做美食狠幸福呢！[花心]
1196	如果你听不见内心真实的声音，你一生的时间都会花在别人要求你做的事情上。
1197	我很幸福[哈哈][哈哈][哈哈]活在当下，畅想未来，加油每一天[兔子]
1198	有些人你不需要，却在你需要的时候永远出现，有些人你需要，却在你需要的时候永远不见。我讨厌至极这种感受。
1199	[衰][委屈]每次都这时才想起还有个iPad哼
1200	他们在讨论《悲惨世界》，然后问作者是谁？我的心底浮现出“雨果”，然后一个女生答，雨果，他笑了，说是巴尔扎克，我心里想幸好自己没说出口，然后，然后，然后，我百度了（有问题问百度），中文系的人也不是都***哎呀喂
1201	我最痛恨人家欺骗我了……极其痛恨……
1202	跑不了步的感觉好似阳痿
1203	最近不管是什么标记都会中啊！
1204	我可以永远笑着扮演妳的配角在妳的背后自己煎熬如果妳不想要想退出要趁早我没有非要壹起到老我可以不问感觉继续为爱讨好冷眼的看着妳的骄傲若有情太难了想别恋要趁早就算迷恋妳的拥抱忘了就好[太开心]
1205	我用Instagram也就为了看看博士神盾李四宅总的幸福生活而已啊啊啊啊啊啊
1206	既然材料给你了，就不怕你抄，但是拜托你能不能不要原封不动的抄，只字不改的抄。你让我如何对你，我5天12个小时睡眠，写的全套文件，你根本不用心改，从来都不用心做。我们坐班的时候，你就在旁边玩，一玩就是一天，我们不在的时候，你坐到下午就闪人，我们楼上楼下跑清资料的时候，你还是在玩
1207	失去的都以另一种方式回归了
1208	马云大佬祝福你，望你带着大学生，往前冲！！！[给力][给力][给力][给力]
1209	我真是越来越不喜欢男生这种生物了···
1210	真想抽自己[抓狂][抓狂][抓狂][生病][泪][泪]
1211	电脑中毒了，重装系统，啥都没了！谢了个特，法了个克，妈了个B的！
1212	某人不爱我了[泪][泪]发张你照片都不搞，小气得很[怒][哼][怒骂][抓狂][怒骂][怒骂][伤心]不要你回复我。我已经恨上你了。
1213	对不起，是我们太抢眼了，引得那么多人围观
1214	不管你多晚才回家，总会有一个熟悉的身影在街口期盼你早点回家，然后对你说包好了水饺就等你回来了，你唯一能做的就是放下一切，然后微笑着说，妈！我回来了！
1215	我又坐反了公交车……又坐反了……
1216	SONOKO打五折也买不起[泪流满面]
1217	小酌怡情，豪饮伤身。--周璇？[奥特曼]
1218	头上撞了个大包T^T
1219	招我出去把。。[泪]
1220	两位美女不多言，对人言行也很贤。不知怎么一回事，彼此之间心不甜。
1221	因为一个破单位整天上个破班，此时此刻心情燥的不想说任何话了。[拜拜]他妈的我是上班不是卖到这里了
1222	幸福是一条道路，往前走需要勇气，转个弯需要智慧；牵手需要勇气，放手需要智慧；原谅别人需要云淡风清，放过自己需要海阔天空！
1223	羽绒服拿到手里的时候我以为是短款，尼吗穿到身上竟然快到膝盖？这是什么情况，在我心目中我没想过我是这么矮的！
1224	月亮像钩子一样挂在天空上
1225	早上起床看见妈妈把饭菜做好，端到我面前的桌子前。还有什么不开心呢。[馋嘴]
1226	不敢直视自己的画，各种挫，暑假买了板子我要一日一图练习！恩，除了去看漫展的几天不能画…嘛，我要成为触啊啊啊
1227	就是被蛇咬过两次，又经历过别人一辈子都不会经历的痛苦，两次地震自己建的房子都塌了，最伤心心酸的就是要体验两次大震。已经不喜欢在这里生活了。
1228	。以后又会是同学喏。
1229	原来我真的杀了他
1230	人生就是那么
1231	特别委屈，工作上的事。很难做到不犯错误，每一次犯错误仿佛都有比较曲折的经历。只是有时候是自己失误确实不应该的，有时候就特别冤枉。你想解释人家根本不屑的，对她们而言过程并不重要，结果才重要。我有种很想下班的感觉，心里不舒服，什么都不想管了。
1232	困了就睡，也是一种幸福。晚安~
1233	有时候，发微博发说说只是为了说给某个人听，只是很多时候，说者有意听者无心！你是不是也有同感？
1234	得到一个关心你的人是一件多么幸福的事。
1235	尼玛躲在楼上还能听到一辆接一辆的低音轰油门声Furious
1236	单曲循环，一天，所以最近事多
1237	好累不过一想到很快就可以到你们的国家就有一股忍不住的兴奋感[哈哈]
1238	加油加油吧......
1239	因为“人数不足，课程取消”被退选了「俄罗斯文化探秘」[拜拜]，该投「唐诗宋词鉴赏」怀抱[拜拜][拜拜]，已经看见了要写作文的未来。
1240	求你们中午不黑那么好学生收拾东西得吗我操!!!睡觉不黑打呼噜得吗我操!!!早上不黑开水那么大声起床动作不黑那么大声可以吗我操睡睡睡尼玛阿恼火得黑稳丢[愤怒][鄙视]
1241	我做过很多后悔的事，爱过你是其中一件，不能继续爱你，是我最后悔的一件事
1242	我该说心情不爽
1243	topit.me收录优美图片网站被关闭了！！
1244	反正爱理不理的早就该习惯了不是吗空头支票一般的一句话最后还是信以为真
1245	明明说是白菜馅儿的包子，结果咬一口都是葱。。
1246	你好，来使用吧。
1247	一般我不会生气！一般我说话声音适中！我很少生气！一旦我正在的生气！说话比较大声一点！也就是说你没有救了！当我生气不想理会的时候！我会选择去帮助该帮助的人！干什么都好！只要快乐就好！也就说助人为乐！☺当不快乐的时候劲量去寻找快乐吧！让生气再少一点点！让美丽在多一点点！
1248	对2012年的自己弱弱的说声对不起
1249	对于我，我想和你说声对不起，这一年里的你，一直过得不好是吗。
1250	真正让人绝望的，不是水平，而是冷漠。
1251	中午和一个好久未联系的朋友打了电话，很开心。。一切都很好。。
1252	你以为自己很幽默聪明阿！mlgb
1253	是幸福来的太快还是也的幻想…这幸福不属于我。。。
1254	彼此沉默太久就连主动都需要勇气
1255	有幸福在，困也是美的！
1256	爱说哈哈的，大都活泼可爱有颗淑女心，但改不了是真汉子的事实。哈哈。看到这句我释怀了。
1257	对于傅叫兽的什么作文题，真心是无力去吐槽。全是槽点！还说别人梦想与梦分不清楚，我看十有八九他自己出题时也搞晕了，自己材料给了梦，却叫人以梦想为题，连“呵呵”我都懒得评价。就这样的题目还好意思一直在吹嘘，让我只好写一篇史上最烂的作文，好做到物以类聚了。😒
1258	昨天我的包被抢了，我很伤心，为了这件事我哭了这一个晚上，我实在想不通，我到底哪里不如我的包。
1259	oh~给我你的心，oh~请你别离去。。我爱你爱你爱你爱你。。。。。。……
1260	我会永远相信！
1261	工作太忙以至于加班。出办公楼一下子就闻到暮色里刚刚被修剪过的青草的香，于是欢喜
1262	阿啊啊啊北京师范大学！！！[酷][威武][鼓掌]
1263	亲们！想我了吗？哪些人自己懂的。。。。。。。。此时我想念着大家
1264	没了你，有什么幸福
1265	既然你忙,我没有什么理由去打扰你!
1266	在这个本该像少女般跑跑跳跳的阳光明媚的春天里，窝腿却疼到蹲厕所都不能超过两分钟，药膏买来也是三天才想起来涂一次(ㄒoㄒ)（张静拍着我的肩说跳绳不用急等我能跳的时候再跳我真是爱死她了双取向已被激活wwwww
1267	当你想念一个人的时候就给他打个电话，人家换号码了，还怎么想念？
1268	幸福就是结束了辛苦的工作，客户和销售说着非常感谢，微笑离开的时刻；幸福就是踩着满商场的圣诞音乐给家人买礼物，满载而归的时刻；幸福就是有时间静下心来学习，也有时间单独出门聚会的时刻！好吧，是滴，明天妈咪又要去聚餐咯～[可爱][耶]感谢妈咪有个无敌乖宝和靠得住的后援团！[爱你]
1269	我们可能真的不是什么天作之合，空有一颗爱彼此的心、不愿放手。最终遍体鳞伤……
1270	……无奈的思绪无奈的情，无奈的思念无奈的爱，只能想却看不见，只能念却触摸不到，也许一个拥抱胜过万语千言，可是好难……相隔千里，但我的心从未远离，我的思念你可懂？我的心愿你可明白？高山流水觅知音，你是我心中的知音，不是世界上没有比你更好的，是我的心已经为你驻足不愿再寻觅。
1271	是不是不该那么早就说绝望？本以为自己拼一下就能过往往自己太高估自己的实力很多事不是你拼命就能做到不是你努力就能成功太多的悔恨说不出口现在剩下发呆哭泣无助无从下手还有什么？
1272	真感谢失败时。就能成功。
1273	又看见了傻逼本来很窝火后来看到了她的自拍整个人的不快突然就一扫而光我好坏哦哈哈哈哈哈哈
1274	被需要是一种幸福，不盲目追求永无止境的欲望是一种幸福，简单的生活是一种幸福，知足，就是幸福。[给力]
1275	把我带到你身旁
1276	两分钟之前刚醒来，看着微博，突然电话接进来[威武]，M打电话来的。这么早，今天是周六，一大早就打来慰问电话么？[爱你][爱你][爱你][爱你]，公共婚姻备受瞩目，而我们的小幸福依然继续[兔子][兔子]！秋意凉、有你，前行，便不再孤独！[爱心传递]
1277	头要不要这疼眼睛要不要这肿期末考要不要这烦人[泪][泪]
1278	看完《赌神》系列我印象最深刻的居然是每个跟了高进的女人都死得很惨………[抓狂][抓狂][抓狂]
1279	有事做有所期待，日子就是幸福的！
1280	在命运面前，我好像是个婊子。当我要放弃的时候，命运给我一只烧鸡，我刚想过去吃，它又给了我一个大嘴巴子。我说去你妈了个逼的吧，劳资不吃了，它又塞到了我嘴里。吃完之后发现，这就是一坨屎。
1281	在地铁里发呆，回过神来，才发现泪水已在眼里打转，后知后觉，害人害己[泪][泪][泪]
1282	[1012]人，永远怕的不是令你恐惧的事物本身。
1283	什么叫快乐？就是掩饰自己的悲伤对每个人微笑。
1284	广场一枚铜币悲伤得很隐密它在许愿池里轻轻叹息。。。如果我遇见你是一场悲剧我可以让生命就这样毫无意义。。。
1285	[阴天][神马][流星][拳头]→天马流星拳
1286	对不起又冲你们发火了很烦你们把我当成一个无坚不摧的汉子你们忘了吧当初我也是会在你们怀里撒娇的小女孩我从来没怪过你们给我的关心少你们也别怪我不争气好么我真的真的很爱很爱你们
1287	我的核心竞争力是：每天比正常人早醒个3-4个小时。
1288	有一种爱叫做东方不败
1289	每次用风筒吹衣服，都会不经意想起，在我儿时，父亲总会在大冬天在我洗好澡之前，替我把被子里面吹暖。暖了身体，更暖了心！
1290	[思考][思考][思考][思考][思考][思考][思考][思考][思考][思考][思考][思考][思考][思考][思考][思考][思考][思考][思考][思考][思考][思考][思考][思考][思考][思考][思考][思考][思考][思考][思考][思考][思考][思考][思考][思考][思考][思考][思考][思考]
1291	这是你想要的小幸福吗？「转」有木有好温馨的感觉。。
1292	我的手机呀，对不起[泪]。一年不到的时间就让你伤痕累累，KT的外壳也这边缺一点，那边少一块的[汗]。时不时害你罢工[衰]。你可要再挺住一年呀[给力]，别给我出状况[给力]。
1293	又要去上学咯[泪][泪]
1294	觉得缺某东西→_→点开某宝搜→_→随便点个进去→_→点开评价发现不是水军就是凑合过→_→这个德性还是别买了→_→关浏览器→_→还是缺东西。
1295	攻击指数100。无血。
1296	新的试题来了，新一轮恶战啊…饭厅…！中国，我爱你！
1297	荷兰可唔可以快啲出局😷
1298	今天宿舍午睡，大约还有一个小时才上课，一个闹钟突然响起来了，响了有那么久那位同学还没弄停，突然有个同学很愤怒地大喊一声关灯！！之后全宿舍都笑了
1299	我也步入了虽然还有事不干不行但是可以明天再做所以今天还是先睡觉吧的程度[蜡烛]
1300	同事A说：中午吃那鸡太撑人了，一下午没消化。同事B说：那你只能再吃只黄鼠狼了。[c无语]
1301	也会致头晕，呵护心灵多做操。1、列表化解操：写出目前最心烦的事、次要的事和小事，自劝自解或试着忘记，想想“知足常乐”等话。2、自寻乐趣操：喂喂金鱼、逗逗鸟，让生活不再无聊。3、回忆美景操：舒服地坐卧在沙发或床上，用美好回忆带来好心情。
1302	索了一个香吻，好开心，还是小男人最可爱了[哈哈][哈哈][哈哈]
1303	一个人总在仰望和羡慕着别人的幸福，一回头，却发现，自己正被别人仰望和羡慕着。其实，谁都是幸福的。只是，你的幸福，常常感受在别人心里。
1304	朋友的朋友一起打牌，输了10块钱，结果被媳妇当众数落了一顿，我看到他挺可怜的，就安慰他说：你还算好的，前两天我在菜市场远远看到一个男人被他老婆大骂，那才叫丢脸！结果，他听完却哭了，说到：那也是我！[黑线][黑线][黑线]
1305	累并快乐着。♥明天还有大事要办。睡！
1306	最喜欢广播突然播学友哥的情歌啦。~亲切感[偷乐]
1307	今天假期第二天，难得起早八点半准时到达出入境办证厅，被告知早上号已取完！下午再来！！旁边一大姐说七点半已排到二十几[晕][晕]你们那些在汕头待着的人难道就一定要和我这种请假赶回户籍地还要审查备案的人挤时间吗[泪]
1308	年龄越来越大，你害怕什么木有随年龄增长呀？我呀，觉得自己的情商一直木有怎么增长过~[泪][泪][泪][泪][泪][泪][泪][泪]
1309	幸福之一是支付宝里天天有钱，不幸福之一是支付宝里经常性没钱。2013年开始我沦为后者了。
1310	一位邻居家的儿子结婚了。祝福。
1311	知道一个人开了电脑却不能玩游戏的痛苦吗[抓狂]
1312	情绪又变差了。。觉得好多事情没做完，但是一天又过去了，又要回家了。。
1313	=L=每一个丈母娘都喜欢有钱的女婿
1314	话说阴云蔽日，倒霉的日子从早上开始。大早上的见了那个傻子三次。更甚的是，他竟然跟本小姐招手。本以为搞错了，再回头他竟然冲本小姐傻笑，[抓狂]我的早饭差点吐出来。。[泪]阴魂不散，已经在雨里好几个小时了，现在还在经管对面。。。
1315	奇迹，是不会在容易的道路上绽放的。也许，在所有不被看好，无人尝试的选择背后，会有不曾见到的可能，不曾设计的未知。未知会让人恐惧，引人好奇，但也因此证明你的勇气，成就你的自信。相信，在每一个死胡同的尽头，都有另一片希望的天空，在无路可走时迫使我们腾空而起，而，那就是奇迹。
1316	无论生活经历什么，都不要忘记快乐，因为快乐的人才是幸福的
1317	看到两个世界的人因为我的联系勾搭一块去了，我真像对某某说：别只看外表啊，他很装有木有！巨抠有木有！很极品有木有！超自私有木有！胆小怕事有木有！jp男有木有。。。
1318	当你不用回答你是不是幸福的时候就是你最大的幸福
1319	有些缘分来了相遇了认识了但是真的容纳不进他的生活里那么那个缘分给来干嘛拿来制造空气更好==
1320	另一手机以挂了，微信暂时不用了求谁有闲置的智能手机不用，借我用二个月，小贝壳谢了。也可以物换物，有兴趣私信我。
1321	诺基亚竟然被微软收购了，唉，市场太残酷~~想想诺基亚以前是何等风光啊，看来不创新不进步只有被市场淘汰的份。
1322	帮爸妈做了晚餐开心
1323	请问道歉与警察的关系？
1324	总是会在不经意间，喜欢上一些人或事……然后脑子力全是它们，想忘都忘不了……[月亮]
1325	水瓶突然烂了吓了一大跳刚收拾干净煎鸡蛋咬了一口又大爆浆又收拾半天这是闹哪样啊闹哪样QAQAQ
1326	什么时候才能给她
1327	一日办公室众妹纸聊天，甲说没钱结了婚以后也不会幸福，乙说只要感情好就会幸福，扫地阿姨边拖地边说，你们还年轻不懂事，说只要床上合得来就会幸福的。众妹纸默默的都离开办公室去上洗手间了。
1328	小心翼翼的，再小心翼翼的，这种喜欢要用行动，不要文字记录！
1329	太多的琐事牵绊现在我的生活，我也多想要一个人自由的飞，蝴蝶也好，飞蛾也罢；渺小的微不足道，我还是活着不对吗？别有一番滋味。
1330	在家好好歇一天睡到自然醒干点儿自己想干的事儿对我来说都是奢侈
1331	拿我爸手机给我妈打电话，发现我妈在我爸手机里存的名字叫做“老小孩”，老爸看着不苟言笑，其实还挺浪漫[偷笑]
1332	可爱的小外甥女让我愈发的想结婚后要一个女儿，
1333	上学是一件特痛苦的事情不过每天可以见到你我就心满意足了可是没想到你那么重口味
1334	有你真好。
1335	自作孽不可活也！！好好反省，重新做人
1336	梦境再真，终究是假的；现实再假，终究是真的。所以无论梦到什么全是假的
1337	碰到一不讲理的.....脸皮比地球壳还厚[怒骂][伤心]...
1338	很多人认为的幸福是“你能给予我什么”。其实，一切的希望，那些寄托在别人身上的快乐都是暂时的，任何人在你生活中都只是配角。幸福，那是在内心生长出来的力量，那是一件只与自己有关的事。
1339	好多感受堆积起来会不会憋出病来或许吧
1340	可遇不可求
1341	浮沉浪似人潮哪会没有思念
1342	无节操的自愿加班让我碎了一地[衰]
1343	不知心上的你过的怎样，学习很苦，很累。但我不愿看你颓废。荒废学业。
1344	习惯并不是一成不变的。
1345	现在一个正式工都碉堡了
1346	我最爱的他，因为我的贪心，也让你受到伤害，但我是爱你的。
1347	时间都去哪了5×604洗涤说明低温弱洗不可漂白中温熨烫
1348	委屈谁能懂？谁能说？[泪][泪][泪]好想什么都不管，赶快抽离，负能量别跟着我！！！
1349	易经起名、改名测名、宝宝起名、公司名称、商标设计------联系QQ：928750058八卦预测、学业健康、事业财运、婚姻工作、投资策划------电话：18291816664家居风水、阴宅风水、公墓风水、企业风水、开张择日------微信号：WWW18863
1350	财务管理老师说学生上课时是4月1号下课是2月14号。[汗]
1351	@[可爱]
1352	下雨天，烤火+睡觉。
1353	简短的对话吵醒在睡觉的你,好难过,计聪啸,对不起啊。
1354	只有不贪心才会得到更多，抱着一颗知足的心才会感觉很
1355	和妹妹视频聊天，妹妹快到当妈妈了，看到她流露出的幸福，我也觉得很幸福，也很开心。幸福，是因为有爱，各种关系中流动的爱。
1356	无眠夜想对你说一声晚安
1357	潘长江和蔡明的那个小品，太特么……太特么……太特么了。
1358	我特别特别喜欢和姥姥聊天，讲话，不知道为什么和姥姥说会话就不会再钻牛角尖。我喜欢厚德载物乐观豁达的小姥姥和刚正不阿倔强可爱的小姥爷。么么～
1359	小明告诉妈妈，今天客人来家里玩的时候，哥哥放了一颗图钉在客人的椅子上，被我看到了。妈妈说：“那你是怎么做的呢？”小明说：“我在一旁站着，等客人刚要坐下来的时候，我快速将椅子从他后面拿走了。”[哈哈]
1360	等等等看看看然后考虑考虑考虑
1361	在彬彬的世界里高中是万能的，我说六级不过，她说你读高中的肯定过啦，我说国贸不会，她说你读高中肯定会啦，我说的所有不会，，一句你读高中的就解决😨😨高中不是万能的行么😪😪
1362	凭什么这样。谁受的委屈多一点、我有说过你们什么吗？我受了委屈，我对你们吭声过吗？我恨你们。很恨很恨、[伤心][伤心]
1363	[泪][泪][泪][泪][泪]
1364	千言万语不如吻你[心]
1365	昨天，广东惠州最高气温达到35℃。上午10点左右，两名女士因为一人不小心将雪糕擦到另一人身上，在大街上争吵了一个半小时。最后其中一个因中暑头晕倒地，被送进了医院。目睹了整个事件的刘先生称：“我活了42年，她们两个是我见过最无聊的人”。
1366	卧槽！太他妈做作了！[偷笑][偷笑]我绝逼没有爆粗口，那不是我，绝逼不是我[嘘][阴险]
1367	工作失误，[泪]被领导批～认真啊～
1368	为什么我每天转发了这么多次中奖，只中了一次回民烧烤的奖，还因为那一天有事没有吃到烤全羊~~~~~~难道真的是我的脸不够拉仇恨！！！！！！
1369	！！做什么人？[怒]
1370	父亲性情沉着，为人友善，凡事爱讲理，却不是一本正经之人，也幽默滑稽。他叫我要善良，要懂礼，要大度，要谦逊，要乐于助人。
1371	真是有点伤不起啊、、、
1372	总会为那么一句恰到好处的温言细语而决定生死相随…
1373	「我是我的电影里的主角，如果你愿意配合，那我也算你一个。如果你不愿意，编剧也是我，把你写死得了。」[哈哈]
1374	我也有我的难处，你们可以不理解可以随便污蔑，应付式的相处，我没必要那么傻，真？有多真？假？有多假？其实大家心知肚明。忍？谁要忍谁？讨厌？讨好？谁要讨好？可笑吗？自己选择的，有的责任就一定要承担？不想？要怪谁？有资格吗？尽管不想去面对，可是却逃避不了。可笑至极的人[冷笑]
1375	有快乐就会有痛苦，有人生活在快乐中，内心却是总在痛苦中煎熬………
1376	soconfused!!releventmarket怎么延伸出这么多东西。。。。。。到底要查神马
1377	为什么滑雪要这么早出发难道你们不知道姐的周末习惯么哎困呀郁闷呀车上补觉吧[睡觉][睡觉][睡觉][睡觉][睡觉]
1378	面对同一个事物，用积极还是消极的心态去观察它，其所呈现的价值和意义大不一样。我们要保持对可能性的关注，而不是对不可能性的关注，当不可能性笼罩在一个人的头上时，他会发现满眼都是不可能。如果满眼都是不可能性，那满眼都是陷阱，就看不到馅饼了。
1379	要吃就吃最好的。
1380	对自己说对不起，我活得不够精彩；对儿子说对不起，妈妈没有你想的美；对老公说对不起，是距离产生了美；对别人说对不起，同性相斥啊！哈哈哈哈哈哈哈，心的一年，就从对不起开始吧！[耶][鲜花]
1381	最悲伤的事情莫过于我再也不能说：“我还小。。。”
1382	原要去外地讲课一周，告诉孩子们，他们无异议，或许已经习惯我外出。课代表睿和瑜说要帮我上课，不麻烦其他老师代课[挤眼]后取消外出，告诉孩子们，他们欢呼：[耶]回家告诉老爸，他也连说好好好——之前觉得走时，他也没有异议。爸和学生都是我的支持者，也都需要我，我平凡的生命也有她的价值。
1383	是我太笨，用了十八年的时间才弄明白爱其实并不容易。
1384	又要开学了……
1385	洗完澡厚后的坏习惯就是爱拼命咬手指边的皮不管是好是坏！！！以至于一个星期前咬的到现在还没好
1386	治疗灰色心理暗示的十项塔达守则：1.以微笑取代愁眉苦脸；2.幽默地与自己说说话；3.接触他人的生命；4.留些时间聆听自己；5.以欢愉和热情款待自己；6.发挥你的想象力；7.重拾生活；8.敲进幽默的世界；9.试着变成不同的；10.更多耐心，常怀感谢。[呵呵]-[嘻嘻]-[抱抱]-[哈哈]-[哈哈]
1387	腿必须要够细够细够细够细、、像我这样的不如截肢吧。
1388	男人对女人说，“对不起，我不该去年和你过完七夕节，今年就害你过光棍节的。何况你都怀孕了，我真不是人！”女人流着泪说：“没关系！是我对不起你，我更不该刚和你过完七夕情人节，就让你赶上愚人节了！”男人无语。
1389	罗技无线鼠大小重量按键方方面面最顺手就是M525，结果唯独这个停产换代，1,2,3,7都各种健在。升级就正常升级吧，还直接升成适合win8系统、还变得很轻、还不灵敏了，各种不好用。
1390	之前不开心的都抵消了^^
1391	军事理论的老师怎么没个正经。。。我的耳朵受到了性骚扰。好惊恐。。。
1392	自以为是的人
1393	最近有点烦躁啊！我管没想讲了!有些事想起来就鬼火挫!囊个就遭我遇到了喃!!!一天还想东想西滴!晓得一天想啷个多有的没的住懒样喔!铲你满啊!!!!!!唉！
1394	我的个心噢～裂心～
1395	不看了。
1396	姑娘的第三个他，和她一样有着自己的故事。姑娘没有问他，他也没有问姑娘。他们只是安静得相处，头靠着头一起窝在有阳光的角落看书。他们都曾在自己的泥泞里跌打滚爬，弄过一身尘土伤痕，他们曾都在自己的世界里哭喊着长大，最后却微笑着走到了对方的身边。如果有什么算合适，那这大概就是。
1397	微博的赞是个很神秘的东西''
1398	邻居在放国歌……
1399	幸福是两个人一起去遍地球所有想去的地方。
1400	为什么所有的学校都放了，就我们还被关着！！！烦死了啊啊啊
1401	每次挂纸的时候都下雨。
1402	只想在画纸糊墙的房子里安居乐业🏡
1403	『在热辣的太阳里来回奔波汗水浸透衣衫洗完澡倒头就睡』
1404	你去死吧。
1405	看来我已经错过第一次了。。。。【人在什么年龄最幸福？23岁和69岁】伦敦经济学院经济研究中心专家发现，23岁和69岁的人最幸福。因为大多数20岁出头的人还没有经历过令人沮丧的挫折，未满70岁的人已学会不为追悔往昔而难过。
1406	好久没有睡过这么饱的觉了。今天起来阳光明媚。很舒服。。。[呵呵]今天起来没有感觉到累。。。感觉好舒服。。。[呵呵]天天这样就爽了。
1407	吃饭时听到旁边居然有人问叶烁是谁演的！再抬头一看，哎呀我去，那女的真土，怪不得不认识魏总！
1408	哪怕一句话，也会令人高兴
1409	挤粉刺闭口的那段时间是我唯一希望皮肤状况再差一点的时刻…
1410	人生到头来就是不断的放下，而最让人痛心的则是我们都来不及好好地告别。最敬爱的外公外婆您过得可好。思念的心如此沉重！！
1411	今天真他妈不顺。。。
1412	有些人，因为一句话，或者一件事，就永远从我的生命里消失了。我现在好害怕这样啊。
1413	什么最无聊，被人耍的团团转
1414	我一直觉得wkl家的大大挺奇怪的，每次都这样，放着音乐类的投票不去投，放着音乐类的榜单不去打，但是只要港台地区有什么那种所谓的男神女神之类的投票她们倒是投得挺来劲......[呵呵]去年《台北沉睡了》在音悦台打榜告急，一直到歌曲下榜我都没看到几个大大发过打榜的相关微博......[拜拜]
1415	刚买一个四阶魔方，就是不会呀，只会三阶的，呵
1416	微感腿酸肚痛,然后自己不要脸的想明天还是好好休息一下吧[兔子]
1417	学习好就可以被老师请去放片，学习不好就想放也不行吗？我不是歧视学习好的人，相反我很欣赏，但我不喜欢老师的有色眼镜。
1418	无论从哪看到你，心里都有种说不出的感觉。表面装作很镇定，其实内心深处还是有些回忆浮现在脑海里，这些记忆都是你带给我的各种欢乐。现实喜欢折磨我，没关系我只希望你能开心就好，哪怕我没身份与你分享，只要我能看到你的笑容，这是我最大的安慰。
1419	谢谢罗大叔
1420	你跟每个男的玩我都吃醋[心]爱你就是要占有你不喜欢你跟别的男的玩不为别的就因为你是我女人[心][猪头]
1421	又买唔到
1422	如此晴朗的日子，从佘山远望，仍只是一片灰茫茫！
1423	[礼物]自己对自己就像个惊喜[礼物]小小的期待短暂寒假
1424	愿我的想念能带给你快乐，愿我的想念可以让你温暖，愿我的想念可以让你安心，让这份想念寄出我的牵挂，愿我的牵挂可以让你一切安好，我就会安心。
1425	当把身边最好的朋友都让我给得罪的时候，一句「对不起」真的管用吗？此时此刻好想奶奶，您离开的第二个团圆节依然这么冷清，我现在只想抱着您哭一场，让您摸着我的头。
1426	让自己的心伤了很多次
1427	弃我去者昨日之日不可留（杀之！）乱我心者今日之日多烦忧（剐之！）
1428	看完这一章节，麻木的不想说话，借用大冰语录与你共勉！不管是欠别人，还是欠自己，你曾欠下过多少个“对不起”/时间无情第一，它才不在乎你是否还是一个孩子，你只要稍一耽搁、稍一犹豫，它立马帮你决定故事的结局/它会把你欠下的对不起，变成还不起/又把会把很多对不起，变成来不及。
1429	就是早上上厕所的时候马桶堵了[衰]
1430	看到一个中国官方的数字，从1970到2010年，中国总共发生了2.9亿次流产手术。
1431	我真的很不孝，爸妈这么为我着想…
1432	原以为是我迟到了却发现在等的还是我
1433	[过年啦]做一个淡淡的人，不浮不躁，不争不抢，不去计较浮华之事，不是不追求，只是不去强求。淡然地过着自己的生活，不要轰轰烈烈，只求安安心心。[moc围观]
1434	对不起亲爱的妈妈让你伤心了虽然有时候我也会因为你的过激而变得很难过我其实还是很爱你的我知道你养育我很不容易很艰辛你说你把我生下来就是希望我可以过得快乐生活得幸福你说我是个好孩子可是好孩子是不会让妈妈哭的我以后不会这样了我会好好地活下去
1435	“你以为生活就是一出狗血剧？错啦！生活是一部电视机，你播到的所有台都是狗血剧。”
1436	还不想睡…还是买不到杯子…我心塞…[泪][泪][泪]
1437	不是你房子有多大,而是房里的笑声有多甜；幸福不是在你成功时的喝彩多热烈,而是失意时有个声音对你说朋友别倒下！幸福不是你听过多少甜言蜜语,而是你伤心落泪时有人对你说没事,有我在！祝友谊长存！[握手][握手][爱你][爱你]
1438	突然想到
1439	嫉妒心真的可以杀死猫吗？
1440	某位同学说：你喜欢左立根本是因为喜欢看他耍朋友[挖鼻屎]
1441	明早八点采访客栈老板。要记得啊………
1442	等抄完那七章内容，老娘这只手就废了！！！
1443	为长沙坠井女孩儿祈福，希望奇迹会发生，希望她平安。
1444	偏偏这个时候下雨害我全身湿透
1445	@今天我们就上午有课。下午都没有课了。小伙伴们我该做啥呢？谁有课我去替谁上课吧！！
1446	这个暑假就是看漫画，吐别人的槽
1447	马克一下今年目前为止最晚睡的一天。
1448	下班路上接到老公电话，一副宠溺的语气说：＂老婆，今天双十一诶，你有钱购物吗？＂我一听感动的差点泪奔，这是要随便花的节奏吗？＂没有诶老公。＂然后，小猴子在电话那头欢快地说：＂那就好，我就放心了！＂然后挂了电话
1449	怎么现在看着带小孩的妈妈都好年轻呢，是我老了，还是该结婚生孩子啦啊。
1450	午饭过后，随便看了个视频，错过午睡的点，往返复刷了微博、人人、空间各三遍之后，觉得什么都做不想做了，焦躁不安。突然意识到，尼玛！无聊来袭!本次持续约两个小时危险程度三星。被朋友、歌还有大汗淋漓的运动解救了。养成良好作息，无聊请关机，外出！[感冒]
1451	你好。
1452	小伙伴们都好忙。
1453	有专家说无坐火车票应该实行半价制，元芳看了一眼公交车。。。
1454	晚收到延误短信想改签全部满员延误四小时排队等起飞一小时机舱空调冷得浑身起鸡皮疙瘩旁边的中年胖男不停地抖腿降落时云层上的闪电雷暴吓得浑身出汗这些我都忍了，最可恨的是餐食居然是芹！菜！胡！萝！卜！炒牛肉！否极泰来否极泰来！
1455	“要留住身边的女人，就让她知道你时刻在想她；要留住身边的男人就让他知道你随时会离开他。”有没有道理啊[思考][思考][思考][思考][思考][晕][晕][晕][晕][晕][晕][晕][晕][晕][晕][晕][晕][晕][晕]
1456	好不容易回家了[泪]准备开电脑了[泪]都开机马上就要玩了[泪]一声乒里乓啷主机灯就熄了[衰]尼玛就这样莫名其妙地烧了[抓狂]电脑里面一堆辛苦下载整理的东西还没备份就这样没了[蜡烛][蜡烛][蜡烛][蜡烛][蜡烛]
1457	睡前酝酿选择手机斗地主是件太不理智的决定
1458	爸爸妈妈等着我带礼物凯旋归来[爱你][爱你]
1459	刚回来，“想吃什么啊？给你钱买去！你来看电视吧我去做菜”然后，“你今年去不去旅游啊”回来之后，“这么迟才回家！不一天到晚在外面瞎玩”接着，“每天在家上网好吃懒做！别人都考研赚钱出国了！谁谁谁孩子从来不搞学习人家都是个一本你说”我猜如果我真的看书我妈会让我别装
1460	要去嘉兴做个小手术啊。。好害怕！
1461	感觉自己真的挺麻烦你的
1462	春晚现场舞台真美，什么时候能去现场看啊，哈哈。相声还是德云社听的爽。大家过年好！！！心想事成！！！[嘻嘻][嘻嘻][嘻嘻][嘻嘻][嘻嘻][嘻嘻]
1463	幸福就是和妹妹两个人在家里用小勺子挖西瓜吃。
1464	吃了个药，说是排毒的，头晕不说，去趟洗手间马桶盖都还没打开，头晕的受不了，直接坐在马桶盖上，居然睡着了，醒来是半小时以后的事情了。人才啊。一下午五个小时，跑了不下二十次厕所，医生所谓的排毒不是给我的泻药吧，什么叫做前胸贴后背，现在的身材真适合穿旗袍，劫数啊，回家睡觉去[泪]
1465	Girl：宝贝，特别的日子里，特别道一声[亲亲][亲亲][鼓掌][花心][太开心][心][心]要乖乖回来哦[雪][雪][手套][温暖帽子][雪人][雪人]
1466	画个球啊。回家放羊吧。
1467	你永远也不知道你最最绝望的时候是什么样子。
1468	恶心恶心恶心恶心恶心恶心恶心恶心恶心恶心恶心恶心恶心恶心恶心恶心恶心恶心恶心恶心恶心恶心恶心恶心恶心恶心恶心他妈的恶心透了。想到就恶心。他妈的去死吧。恶心。
1469	最近特别爱听抓狂快抓狂快抓狂要怎样不然你想要怎样谁怕谁看谁先让谁投降[哼]神经病！
1470	每看一部电视剧、电影就会喜欢上一个男主角或女主角0.0（戴眼镜的悲哀：一起床找不到眼镜！！！）
1471	bb~不知道为什么自己很想很想你~看到合照眼泪有点不自觉留下来了~是我还爱着你吗？？可是我们已经分开了~我不能骗自己说不爱你~可是结局已经变成这样了~你和我一起不开心的~那我就应该彻底放手~乖乖认真读书哦~知道吗~然后放假你就可以休息啦~今天不爽的事希望你不要去想不要不开心~我真的
1472	真心想要回家。[酷]
1473	看了半年多以前下载的一个WeWillRockYou的翻唱视频，当时我在三个女歌手里只认识碧姐和懒妮，今天又一次重回才发现还有一个是粉红
1474	你哪只眼睛看我说我喜欢他们了，再说了我喜欢谁那是我的事。你爱怎样那是你的事[拜拜][拜拜][拜拜][拜拜][拜拜][拜拜][拜拜]
1475	今早搭车，一老奶奶给另一更老奶奶让座，车上有空座位，她只是想让她更方便。[心]
1476	短信，电话，线上消息。我开始让一些人渐渐淡出我的生活。不相信这个世界有什么可以永远。你不是我的，我也不是你的。我的心那么小，可以遇见的人不多，可以付出的，亦只有那么几个。记忆里残存的温柔，终会抵不过眼前平时的幸福。所以，我们亦只能看见眼前，然后简单的生活，区别的，只是心而已
1477	刚看einsplus的节目，有从便便挣钱的。给他个订单，他会给你讨厌的人送一份包装精美的（大象）便便礼物。[黑线]
1478	谁告诉我我还有选择吗
1479	永远都是按自己的主观想法来揣度人家的喜好！想吃梦龙你一个人吃就是了，买上一大袋子算你牛掰啊？凭什么要人家陪你一起吃还得违心赔上特SB的高兴表情！他妈的，老娘今儿个就不高兴了就不配合了[怒骂]
1480	“应该是觉紧你也需要你能让我当你心里第一名”而你也和我想的一样
1481	就算是电影，尴尬的场面我还是看不下去。。。
1482	朋友们欢迎大家加我微视，搜索香奈儿就可以了。
1483	无聊来于想奋斗却英雄无用武之地。
1484	苦的不是等待。而是等待过后没有结果！
1485	在宿舍被蚂蚁咬了好可怜看它小小只可是咬人好痛啊
1486	致每一个我伤害过的人。原谅不原谅也只能这样啦，因为快要过年了！哇哈哈啊哇哈哈呀过年送旺啦送旺哦！恩啊伊呀，准备过个开心年噢。晚安全太平人，呼哈哈！SO打哈，SO打哈
1487	。我去，劳资是女的，为什么头像和昵称改不了？
1488	感谢轮大提供现成的模板[哈哈]
1489	我真的很烦
1490	白天中，游小桥，路小溪；夜晚里，睡草地，看流星。[太开心]
1491	这阴凉的夜，暖暖的被窝和电脑，好快乐
1492	小年已到，男友打电话问女友在家忙啥里？女友一笑说在家忙着想你里，女友问男友你是否寂寞了，寂寞就来我家我给你做肉肉吃，感受家的温暖。男友一听乐了笑着说我马上就到
1493	新的一天，新的奋斗！南宁这个天，还真是热啊…………
1494	我以为这辈子都伤及不到的人却因为我受伤了，我以为这辈子都不会伤害的人却被我亲手捅了一刀
1495	一无所有,就是奋斗的理由❗
1496	刚刚又一个年轻美貌女孩跑过来推销，几次叫她不要浪费时间找其他人去。非得填写信息，只能帮帮她，写了个姓（百家姓挑一个）号码150开头后八位自编[嘻嘻][嘻嘻]真的不好意思啦[做鬼脸]
1497	误关我储物柜的门不说还一副事不关己的傻逼态度话都讲不清楚怪不得都快大四狗了还在做英语六级祝你六月倒挂
1498	支持以上说法
1499	感冒了。[睡觉][睡觉]
