0	来回一趟象我们两个人要两千五百块美金.	我们有急事需要来回往返
1	这个就被这门功课给卡下来了.	这门功课挂科了
2	王琦瑶有一种本领,她能够将日常生活变成一份礼物,使你一下子看见了它	王琦瑶对于生活的态度非常消极
3	联合国儿童基金会的数据资料表明,由于水体污染引起的疾病每年就造成4000万儿童的死亡	水体污染引起的疾病每年就造成无数儿童有不同程度的重症。
4	哎没问题的,你不要担心了.	你要对这件事有信心。
5	北京有著名的琉璃厂、天津在改造旧城区时还新建了一条文化街	天津城区丝毫没有文化气息
6	你说真看,谁看啊	是他说的真看
7	你也跟人讲道理,最后被别人把鼻子打出血了	“你”去了医院
8	经过一年多的筹划,肯德基家乡鸡在距荣华鸡仅数百米处行动了	肯德基还未引入中国
9	愿意被骚扰了吗,所以我后来又看那位男记者写了篇文章,那个基本意思就是说,你真是不知好歹	写这篇文章的是一位女记者。
10	饭还切在火上,另一个火上炖着蛋羹	另一个火上炖的是老母鸡汤。
11	结果有一回真有人点多了,自助餐从来没见真有人剩多了罚款	有人曾经在自助餐厅剩多了但并未被罚款。
12	美苏两个超级大国,以及几乎所有的欧洲国家都被卷入这场有关欧洲前途和稳定的争论	欧洲的未来是确定的、清晰的
13	停止长江、黄河上中游天然林采伐,东北、内蒙古林区和其他天然林区要限量采伐或者停止采伐	今后将会以从其他地区购买木材为主。
14	来到井底车场,江泽民低头上了矿车,和山西省委书记李立功、矿长王季仁坐在一起	山西省委书记是李立功
15	抓好传染病、地方病、青少年近视防治	要采取措施预防传染病、地方病、青少年近视防治
16	我得等他渡过了河,摆好了阵势,咱再打,一打他输了	战争发生在上午
17	但是同样貌美如花可以是顶配可以是标配呀	“花”代表丑
18	一方面,广大群众对此早有议论	群众之前就有议论
19	拿不回家我就搁马依呢公司里头完了.	“我”一定要把这个东西拿回家。
20	开创高水平对外开放新局面	高水平对外开放不是最终开放格局
21	刚刚过去的1988年,是我国社会主义现代化事业继续向前发展的一年	现在是1987年
22	规则越简约透明,监管越有力有效	监管有效依赖于规则的透明
23	呃,那没,我们早就好了.	我和其他人一起
24	而且就有的时候,女的比男的还厉害,而且有的时候这武汉人吵起架来,它最后变成一种围观下的炫耀	武汉人吵架也在开放的地方,也在私密的地方
25	这时,几个红领巾跑跳着挤过来,一位女孩儿一拍手:噢,有《中外名人名言》啦	几个红领巾有男的也有女的
26	加强出生缺陷预防工作	加强出生缺陷鼓励工作
27	加快文化走出去,发展文化贸易,加强国际传播能力建设,提升国家文化软实力	文化贸易得到了政策支持。
28	五是改进社会治理方式,保持社会和谐稳定	社会治理有待改善
29	不道德,真的是不道德	等地铁的过程中无端插队被大家责骂。
30	哎,还-啊,我没有上去看啊.	我已经上去看过了。
31	这一类的眼泪,他不知见过有多少,虽都是一挥而去,可光是沉淀下来的,也有一层底了,略有波澜也会泛起	这些眼泪对他的心理产生了一定的影响
32	著名电影演员陈毅市长的扮演者刘希田也兴致勃勃地来了	因为被打劫,著名电影演员陈毅市长的扮演者刘希田来到我市时满脸怒容
33	我当然很有兴趣去看,因为他让我想起70年代一本书,可能前几年在内地也有出版	我有兴趣去看一本书
34	又想过去曾在一起吃过许多次饭,加起来大约也没这一顿吃的多	主人公与对方是初次见面
35	我是旧诗新诗一句也记不得的	我记不得诗
36	制定西部开发开放新的政策措施,西部地区企业所得税优惠等政策到期后继续执行	西部地区企业所得税优惠政策促使企业向西部发展
37	她的眼睛逐着那光影,眼看它陡地消失,屋里渐渐暗了	她是一个盲人
38	同时控制加工工业的发展规模和速度,使它们同基础产业的发展相协调	基础产业出现泡沫
39	比如10个人排着队推您的话,你把他这胳膊给他凹下去了	放心吧!您不会受到外力的干扰!
40	在即将召开的特别国会上要通过1989年度(1989年4月至1990年3月)补充财政预算案	常规国会的财政预算案有待完善。
41	你要回来啦,就住在我这老房.	我有房
42	他哭了片刻,才一步一回头地离去,到了出口又折回头再看上一眼	他哭了
43	所以你看人家这文章里谈到中国社会方方面面的问题,你们就注意到了如夫人	中国社会方方面面的问题在文章里都有体现
44	密特朗重申建立欧洲联盟的设想	欧洲走向统一的愿望还很遥远
45	这一斗嘴可说是接上了头,彼此都有些领略对方的厉害,自然生出了好斗心,有些按捺不住的兴奋	双方经常斗嘴
46	要实行稳健的货币政策,适当增加货币供应量,把握好金融调控力度,保持人民币币值稳定	目前处于物物交换的状态
47	《锵锵三人行》,咱们说学逗唱武林大会现在开始	武林大会和说学逗唱无关
48	她甚至还写信给重庆的丈夫,逼他捐一些钱给赈灾委员会,为王琦瑶的竞选再添筹码	丈夫拒绝了她的请求
49	任何一项,现在所有的比赛,任何一项比赛,它都有它的规则,规则不一样,所以它产生的效果也不一样	比赛效果各有差异
50	当务之急是要狠刹乱收费等不正之风,坚决取消国家明令禁止的各种收费项目	这几年乱收费现象越来越猖獗。
51	因此,这流言说到底是有一些痛的,尽管痛的不是地方,倒也是钻心钻肺的	这留言让我欢欣雀跃
52	我说这么多年在台湾您都干什么	朋友不会说国语
53	人民日报记者孟晓云	孟晓云在人民日报工作
54	大力优化创新生态,调动各类创新主体积极性	创造积极性没有提高的可能性了。
55	何况你找多了,证明你认识的人多,显得你很高明,既然你高明能再找人,何必再找我	你在找人办一件难事
56	,“我瞅你咋地	我没看你
57	我们要统一思想、坚定信心,抓住机遇、知难而进,团结一致、艰苦奋斗,争取把今年各个方面的工作做得更好	这是美国总统特朗普的讲稿
58	对,出席大会的时候还自我调侃,说这个整个场面,我是个科学家,我不是摇滚明星	我喜欢自我调侃
59	解释太多了,所以最后沦为《无题》	《无题 》的解释不止一种
60	那里的夜晚在向他招手,是如何的摄人魂魄	他喜欢那里的夜晚
61	《锵锵三人行》今天咱们也玩回真的,把徐晓冬先生请来了	徐晓冬先生非常喜欢《锵锵三人行》。
62	你也跟人讲道理,最后被别人把鼻子打出血了	“你”是个习惯无理取闹的人
63	这是记者邬志荣、劳有林、李培红报道的	这则新闻的记者署名不只是一个人。
64	那里的决心和信念,全是温柔如水	那里的决心和信念过于柔软,由此难以持久。
65	为期两天的中共深圳市委工作会议结束了	工作会议的举办时间历时两个月。
66	加强同发展中国家团结与合作,维护发展中国家共同利益	建立发展中国家发展联合会
67	我是江南西路紫山大街19号居民	我经常往返江南西路紫山大街。
68	这一回轮到王琦瑶脸红了,红过了才说:那她才真是没福气呢	王琦瑶说:她没福气
69	过年的腊肉香里,就有着它的召唤	它的召唤,使腊肉更难吃了
70	同时还应该看到,我们既面临着严峻的考验,也存在着巨大的希望和机遇	即使浑浑噩噩,对前路一无所知,也没有关系。
71	育幼园开,我就把她送了.	她刚要上育幼园
72	家里没有,我妈那有一个.	家里没有的东西我妈那只有一个。
73	这样做究竟对美国有什么好处	这样做了与美国是有联系的
74	挺好的,叫枝梅注意安全哦.	我不会和枝梅一起做某件事。
75	在这里你永远不会有足够的空闲去哀悼逝去的东西,挤都来不及呢	逝去的东西令人痛惜
76	但是不光是中国,日本,整个东亚文化都有这个特点就是被权力影响很深	不止东亚文化有这个特点
77	生产这10亿多吨煤,全国煤矿工人要流下400多万吨汗水	煤矿工人做的是苦力活。
78	深化“互联网+政务服务”,各地探索推广一批有特色的改革举措,企业和群众办事便利度不断提高	在这个国家,互联网使用率不到1%。
79	所以到最后把这个蛋糕做大了	蛋糕做小了
80	蒋丽莉又说:早来你不在,晚来你不在,中午来你也不在	你故意躲着姜丽莉
81	加强与世界各国的友好交往,为国内经济平稳较快发展创造有利的外部环境	我国将向世界各国宣战。
82	制定医药卫生体制改革方案并公开征求意见	医药卫生体制改革方案已经实行
83	岁尾年初,西宁街头一些旨在扩大销售、方便群众的商品展销会相继出台	西宁街头的商品展销会一夜之间全都出台
84	虽是豁达的话,也是要有十二分把握撑腰的	只要有五分的把握就可以随便说话
85	他说真正想要让大家注意你,去掉你这一切奢华的面貌,改成特别特别简单的不修饰、不装饰、朴素至极	他是一名老师
86	他是医生在那种情况、语境下他也会上这个当,你知道吗	他是女性
87	抓紧研究出台鼓励消费的政策措施,积极发展消费信贷	信贷消费有利于刺激消费需求
88	公路桥和铁路桥的100个桥墩,已完成62个,正施工的35个	园丁本来是101个桥墩,后来去掉了一个
89	他说,7个月的战乱至少给科威特造成500亿美元的经济损失,死伤人数迄今不详	科威特战乱还将继续发生。
90	郭老师,您怎么说	郭老师的建议会被采纳。
91	不过,德克勒克宣布的这些改革措施丝毫没有触动种族隔离制度的基础	德克勒克是第一个要改革种族隔离制度的领导人
92	加强外债的全口径管理,控制规模,优化结构,加强监测预警,提高外债的偿还能力	外债结构需要优化
93	那个名称叫《酒鬼蔷薇事件》(酒鬼蔷薇圣斗事件),在日本引起轰动	日本人大部分没看过《酒鬼蔷薇事件》及相关报道
94	深化国有大型企业公司制、股份制改革,建立健全现代企业制度	私有企业也将进行改革
95	入屋犯法罪一经定罪判囚十四年,最高判囚十四年	入屋犯法罪要承担很严重的后果。
96	完善文化经济政策,正确处理精神产品社会效益与经济效益的关系,把社会效益放在首位	在文化经济政策的框架中,社会效益的考虑优先级高于经济效益
97	仅从我国的电子工业而言,去年全年生产增长中的产值的75%转入库存	我国电子工业去年的发展状态有些下滑。
98	我们也不好老过说,过多说他.	我们昨天说过他
99	现在财政赤字和累计国债余额占当年国内生产总值的比重,还低于国际公认的警戒线,是可以承受的	政府承受不住这个赤字和国债比重
100	于欢案讨债者本身已违法	讨债者违反的是《合同法》
101	在武昌八铺街,市装卸公司九站司机杨立学驾驶一辆巨型铲土车将泥土填入闸口	武昌有一条八铺街
102	我跟你说,这节日,因为我一个是在政协的时候整天讨论,后来我还有一个身份是中央文史研究馆,也整天讨论	我曾和别人一起讨论过节日相关的话题
103	最后一次见是什么样的情景	那时我和朋友一起去的
104	以往中国人生活辞典里的粗粮和细粮的含义正发生着意味深长的变化	粗粮和细粮在现代中国肯定有变化
105	沙米尔的讲话为中东和平进程设置了新的障碍	沙米尔是哑巴
106	您今年才七十几,考虑什么	听话人与说话人是父子
107	他是医生在那种情况、语境下他也会上这个当,你知道吗	他事业了
108	分明是不由己的事情,到头还是苦自己	这件事由不得自己
109	我觉得就是说我们经常看到某一种现象,大家都聊,我们锵锵聊一个话题	我们只聊被大家忽视的现象。
110	哦你要去泰山,咱们去旧金山哈.	他们都要去泰山玩。
111	二是扎实打好三大攻坚战,重点任务取得积极进展	一是扎实打好三大攻坚战,重点任务取得积极进展
112	过去你有过宏伟理想,可以原谅,但那是幼稚不成熟,不懂得事物的发展规律	现在懂事了,不能够再轻易原谅
113	哦,果真名不虚传	有名无实
114	嗯,买计算机也要钱啊.	我有考虑买计算机的打算。
115	改进对外贸出口企业考核的内容和方法	外贸出口企业的考核方法会在明天产生很大的变化
116	全面推进周边外交,巩固睦邻友好,深化互利合作	外交是我国目前最重要的政治策略。
117	可以办可以办超重行李哎.	要排队等待办理
118	后来,索性就搬过去住了	是小张搬去与小李住宿舍
119	四是深入实施创新驱动发展战略,创新能力和效率进一步提升	创新能力和效率已经取得一定的提升。
120	前者虽是有着些超凡脱俗的想头,行起来还是脚踏实地	行动很敷衍
121	赫拉维同叙利亚总统阿萨德就结束黎巴嫩危机和双边关系问题进行了会谈	赫拉维和阿萨德不止进行了一次会谈
122	花开依旧,人去楼空	世上所有的楼都是满的
123	村里人称这座庙为关帝庙	这座关帝庙香火很旺盛
124	然后又解释说,实在没办法,这是自己小学时的老师,不同别人,好歹给弄顿饭,招待过去就完	我对小学老师心怀感恩
125	他这是仁者无畏,是吧	他是先天下之忧而忧的范仲淹
126	改革和加强应急管理,及时有效应对重大自然灾害,生产安全事故总量和重特大事故数量继续下降	当前的应急管理还不完善
127	哎,如果他能那什么的话.	如果他能那什么,全世界人都能了
128	爸爸小王这个事情,他们家里这个事情.	小王是男性
129	要把这些方针、政策和措施真正落到实处,还要依靠人民群众共同奋斗	人民群众是重要的力量组成部分
130	李放把这事放在了心上	这件事情是别的的一件与李放毫不相干的小事。
131	因为我几次去俄罗斯,我一唱起那些旧歌来,他们说感谢你,你让我们居然想起了那么古老的歌曲	我在俄罗斯唱过歌
132	我怕活不久了,趁还能走动,赶来看看他	我对他有一定的感情
133	倒把这个事,前两个又稍微平衡了一点,我现在基本上看完三篇以后,你觉得这个事情大致的原貌,你也知道一点	我目前只看完了一篇。
134	扶持中医药和民族医药事业发展	中医药和民族医院相辅相成
135	这时李家院子挤满了参观的人	很多人到李家的院子里参观陨石遗迹
136	市政府是如何看待的呢	市政府不负责解决城市发生的事情
137	这时李家院子挤满了参观的人	很多人在李家的院子里
138	阿姨,帮帮忙,我们都晓得你阿姨心肠好,对人慷慨	这是在路上向阿姨寻求的帮助。
139	起初,他们不敢相信是真的,后来,确信无疑了,便陷入一筹莫展	他们一直对这件事情深信不疑。
140	种族主义不除,南非同前线国家及整个黑非洲的关系就不可能彻底改善,国际孤立状态不可能解除	南非同前线国家关系友好。
141	所以说不是在于他而是在于你自己	他要承担相应的责任。
142	王琦瑶猛醒过来,说:我有什么不同意的	没有人过问王琦瑶的观点。
143	老婆一有这种脸色,肯定有好事	“我”了解老婆
144	具体地说,自民党安倍派和渡边派(原中曾根派)分别坚持推举本派的森喜朗和佐藤孝行入阁	这两位被举荐人是自愿参与的
145	一列列客车怀着渴望而来载着满足而去	客车上人很多
146	要把这些方针、政策和措施真正落到实处,还要依靠人民群众共同奋斗	这些方针、政策和措施还没有真正落到实处
147	哦,爸有的事儿也烦人.	爸的所有事儿都烦人
148	在这城市许多水泥筑成的蚁穴一样的格子里,盛着和撑持着这静	城市很大,很拥挤
149	大力推进基层民主建设,切实发挥企业职工代表大会、城镇居民委员会和农村村民委员会的作用	只要农村的基层民主搞好了,基层民主建设就能成功
150	其实,苏宁对现代战争的研究和思考早在10年前就开始了	10年前苏宁还活着
151	继红姑娘羞涩地一笑说:包地也能来钱,不想到陌生的地方去找陌生人啦	继红姑娘现在在她昨天第一次到的城市
152	因为我记得我看着那个水一滴一滴一滴的往下滴	我想让我的理由更加充分
153	要健全民主制度,丰富民主形式,拓宽民主渠道,依法实行民主选举、民主决策、民主管理、民主监督	民主制度还需完善。
154	过去一年,国防和军队建设扎实推进,全军和武警部队展现出新的风貌和战斗力水平	国防和军队建设在过去一年继续建设
155	便宜,这地方什么东西都有啊.	某个人带领说话者来到了这个地方
156	他说田朴珺把男人变成了婴儿,让他们感觉到这个,这个是他自己找到一件事情的本质	田朴珺给男人的这种感觉是基于母爱。
157	去年我国同阿根廷、巴西签订了多项科技合作协定,双边合作进入了新的领域,这对促进南南合作具有重要意义	我国和阿根廷、巴西的合作促进了北北合作
158	立壮志,勇拼搏,亚运立新功的标语下,合影留念	标语是关于奥运会的
159	还是在这儿玩游戏呢,这个.	还有除了在这玩游戏外的其他选择
160	她再怎么梳理都弄不好,心里直骂自己没事找事,还骂理发店没有金钢钻,却偏要揽磁器活	她是去把长发剪成短发了
161	国有企业改革进一步深化	国有企业改革目前在进行中
162	程先生的眼光和导演是不同的,导演要的是性格,程先生只要美	程先生扮演的角色是女人
163	也就是从一个极端走向另一个极端	两个极端都对人不利
164	想到底是些年轻人,在一起不分你我,只顾着高兴,也是福分,大人不该去扫他们的兴	大人们可以做到去扫年轻人的兴
165	这对一个拥有近5千名职工、单班日产3千多台电视机的大厂意味着什么,恐怕是不言而喻的	这个电视机大厂5000多名职工
166	那没事,那个不用考虑车的事.	他有车子能接送大家。
167	实践证明中国共产党十一届三中全会以来的路线是正确的	十一届三中全会提出了三条路线
168	其一,从关心特区事业出发,批评失误,出谋献策	国家内所有区域执行一模一样的政策
169	但是,不积跬步,无以致千里	致千里的人之前一定有做到积跬步
170	它其实就是两个字:活着	乐观地活着比悲观地活着更轻松。
171	深入贯彻全面依法治国基本方略,严格遵守宪法法律,把政府活动全面纳入法治轨道	我国大部分居民对于依法治国方略已经有明确的认识
172	嗯,今天星期六我们这儿,嗯哼.	昨天是星期天
173	但是,不积跬步,无以致千里	积跬步就不能致千里
174	小平同志精神健旺,谈兴甚浓	小平同志的精神萎靡
175	虽然是走马灯一样地交着男朋友,一个个都是过眼烟云,这一份嫁妆却月月年年地积累起来,天长日久的样子	她单身多年
176	我觉得怎么穿了一身大红裙子,要从武汉飞到巴黎,还是一家三口	我穿了大红裙子
177	推进资本市场改革开放和稳定发展,扩大企业债券发行规模,逐步提高企业直接融资比重	直接提高企业融资比例比逐步更有效
178	楼下是嘈杂的小马路,水果摊前的灯光和馄饨铺的油烟汽混淆着,扑面而来	楼下是一片宽广的草地。
179	还有些被父亲性侵,性侵完以后,亲生父亲	所有的父亲都不会性侵自己的孩子
180	德国统一问题困扰欧共体	欧共体永远不会解体
181	她几乎要成为蒋家的一员,到哪都跟着的	她几乎要成为蒋家的一员。
182	现在银行储蓄存款比较多,通过财政债券将一部分储蓄转化为对基础设施的投资,不会过量发行货币	财政债券是借用储蓄的方式,会还。
183	强奸等同于杀人 所以判得很重	强奸不会被审判。
184	所以假期事实上还不能放松.	假期不能过每天玩乐的日子
185	他有笔资金么,我看他.	他借了一笔钱
186	我刚刚带-带-带来的时候啊.	他昨天带走的时候啊
187	对,这次电话等于这样子.	电话内容和对方所说是一致的
188	呃,现在正在办签证哎.	在场有人有办签证的需求
189	轶君这次在美国,我看咱们微博里有人建议我们聊特朗普	我最近浏览了微博
190	因为这里边有几个,第一,比如李小牧说,日本歌舞伎町,我们的歌舞伎町都挺好的,北京干嘛要拆三里屯脏街啊	我觉得我们歌舞伎町形象差
191	把培育新的区域经济带作为推动发展的战略支撑	要培育五个新经济区域
192	元旦之前,别的家长都向阿姨们送东西,或多或少,意思意思,惟独小林家没有意思,于是迹象就出现在孩子身上	小林家的行为没有带来影响。
193	有谁比王琦瑶更晓得时间呢	事实上有人比王琦瑶更晓得时间
194	继续积极推进社会保障制度改革,减轻企业办社会的负担,为企业平等参与市场竞争创造条件	社会保障制度改革有利于企业平等参与市场竞争。
195	康明逊从王琦瑶处出来,在静夜的马路上骑着自行车,平白地得了王琦瑶的爱,是负了债似的,心头重得很	康明逊对能得到王琦瑶的喜欢感到无比的开心。
196	从根本上说,市场活力和社会创造力源于亿万人民积极性的发挥	市场活力和社会创造力有其源头动力。
197	嗯,让他事先来一个电话.	他事先打个电话来,才能和我约定见面的时间和地点
198	要稳定和完善出口政策,加快通关便利化改革,扩大跨境电子商务试点	通关便利化改革一年之内可以完善
199	北京亚运精神,还是放眼世界,博采众长的精神	亚运会精神是消极负面的
200	国有大中型企业是国民经济的支柱,国有企业改革是经济体制改革的重点和难点	国有大中型企业占国民经济的重要部分。
201	说是闹饥荒,却好像从早到晚都在吃	吃的是草根
202	嗯,今天天风凉了,好了.	今天刮了一天热风
203	支持工会、共青团、妇联等群团组织更好发挥作用	商会也属于这批群团组织范畴。
204	因为我后来想他也是他生日啦.	我和他同一天生日。
205	要很辛苦,你要家里娶一个很凶的老婆才能戒掉,那我成功了	戒掉并不容易。
206	他来找爸爸,就是他现在.	他很久没看见他的爸爸,想念他了
207	因此,这流言说到底是有一些痛的,尽管痛的不是地方,倒也是钻心钻肺的	我丝毫不受任何流言的影响
208	有些人,有些人打电话去问了.	打电话的人是有问题要问
209	实施建筑能效提升、节能产品惠民工程,发展清洁生产、绿色低碳技术和循环经济,提高应对气候变化能力	目前有开发出清洁生产的案例
210	不晓得他在那儿,说没在家睡觉.	没有人认识他
211	学习雷锋,重要的是要抓住实质	学习雷锋最重要的是避开实质。
212	实施全面规范、公开透明的预算制度	预算制度可以不遵守规定胡乱来
213	所以对热闹的世界杯充耳不闻	我们都不喜欢看世界杯
214	他们不太懂,哎,你那边,你别说他.	说话人和你不是同一边
215	所有的宏观经济管理部门和监督部门,都要切实负起责任来,加强对消费需求的控制和监督	宏观经济管理部门和监督部门也有其它工作要做
216	那么,我打的话,一般也都是.	我是在打电话
217	他是硬把人家赶走	对于赶走人家,他在当时认为没有任何商量的余地。
218	那两人也觉不吉祥,又见王琦瑶神色有异,便不敢再说下去	那两人说的事与王琦瑶无关
219	我要从你那儿弄张支票回来.	我需要一张支票。
220	我不是网上查的,吴先生亲口跟我讲,坐在桌子前面跟我讲	网上查到的可信度不如吴先生亲口讲的
221	怎么还要再写,写了之后.	已经写了一部分
222	老婆所在的单位,和小林的单位差不多,让人愉快的时候不多	老婆和小林在工作时都有消极情绪
223	程先生又不便大声,只得压低了声音,里边就是不开门,待他认了输准备走开,却听那门锁略地一声开了	屋子里面空荡荡的,大家全都出门了。
224	到那时,加强和改善宏观调整的本质就是深化改革,当可以看得更为明晰	当前加强宏调的工作开展遇到阻力
225	到了这时候,小林老婆不想再给保姆说好话,说,要辞马上辞,立即就走	这时只有小林老婆和保姆在对话
226	小丰,,小丰不会比她高吧,小丰.	小丰一辈子肚子生活,从未与别人见过面、交流过
227	结果这个巴黎圣日耳曼按理说也没这么多钱买,为什么呢	巴黎圣日耳曼买通了对手踢假球
228	严家师母快把王琦瑶的门槛踩平了,王琦瑶却还没去过严家一次	王琦瑶不喜欢严家师母总是来
229	不久前,国务院专门召开了全国性会议,部署加强工程质量管理的工作	会议没得出任何结论
230	有利于优化投资环境,扩大同国外的合作交流	这个政策对经济没有任何意义。
231	但是同样貌美如花可以是顶配可以是标配呀	说话者为男权主义者
232	那个飞机票我们一个人的往返才一千块钱.	我们两个人坐飞机,往返一共花了一千块钱
233	哎,她在完全没道理,后来.	后来她改变了
234	有个,有个厚一点儿的毛衣.	只有一件秋衣可供选择。
235	这“三条保障线”,是目前条件下有中国特色社会保障制度的重要组成部分	人民对这三条保障很满意
236	萨克斯管里夹带着唱片的走针声,嘶嘶的,就有了些贴肤可感的意思	唱片走针的嘶嘶声只能维持两分钟,然后就静音了
237	我们还说要把贝贝送回中国呢.	贝贝是中国的
238	人民代表大会制度是我国的根本政治制度	我国没有根本政治制度这一说。
239	哦,把周健颐背心寄过来啦.	周健颐的背心被邮寄了。
240	送走送亲人,宋村长邀记者一块儿找新娘讨教棉花经	宋村长家在新娘家隔壁。
241	这个感兴趣是什么	他不喜欢和别人提起自己感兴趣的事。
242	呐就我跟我姐姐然后参加旅行团啦,嘿.	我只有哥哥
243	是权力使然,也是人生苦短	人们都希望自己的人生可以是漫长的,这样可以有更多的时间完成自己想要完成的事情。
244	下午三点的阳光都是似曾相识,说不出个过去,现在,和将来,一万年都是如此,别说几十年的人生了	一万年的时间能说得清楚
245	加强生态系统保护修复	人们完全不重视生态系统保护修复
246	抓紧建设主要江河控制性工程	目前江河存在一定的问题
247	联合国儿童基金会的数据资料表明,由于水体污染引起的疾病每年就造成4000万儿童的死亡	水体污染对于儿童伤害很大甚至引起死亡。
248	阿二说:我已经证明了呀	阿二证明对了
249	此时此地,代价是未明的代价,前途是未明的前途,王琦瑶的心却是平静的	王琦瑶内心平静是假装出来的
250	大力优化创新生态,调动各类创新主体积极性	改革创新准入制度可以提高创新积极性。
251	由于实行了紧缩金融的方针,信贷规模得到控制	有资格实行信用贷款的群体缩小了
252	他闭着眼睛,感觉到有阳光照在脸上,也是有些疲累的暖意	他睁大了眼睛。
253	我现在都与有荣焉了,过去我跟人总是强调说我是河北人,现在我大约含含糊糊的说我老家北京的	我现在觉得河北人不如北京人光荣。
254	对,咱懂都不懂人家搞的这个学术	咱认识到自己的不足
255	元旦之前,别的家长都向阿姨们送东西,或多或少,意思意思,惟独小林家没有意思,于是迹象就出现在孩子身上	阿姨因为没有收到东西而区别对待小林家的孩子。
256	这些衣服,都是要与她共赴前程的,是她孤独中的伴侣	这些衣服对她来说很重要
257	近11时,乔石同志的车启动了,站在陵园门口的徐俊雅和她的女儿,眼里闪着泪花	徐俊雅和女儿都哭了
258	我想给他十块钱他肯定不要.	我把十块钱给了他的儿子
259	关心和加强残疾人事业	残疾人事业无人关注
260	注意把社会力量办学的积极性引导到支持发展基础教育和职业技术教育的方向上来	去年该国家出台扶持政策引导社会力量积极办学。
261	他心里唱着歌,是那种童贞的悲喜交加的歌,在月夜里的邬桥走来走去	他是个哑巴
262	西德和日本提高利率使美国联邦储备委员会(中央银行)降低利率变得更加困难	西德和日本的态度让美国很为难。
263	但是,必须清醒地看到,令广大干部群众担忧的腐败现象依然存在,如贪赃枉法、腐化堕落等等,有些还比较严重	贪赃枉法、腐化堕落等现象令广大干部群众担忧
264	七五期间开始,国家又投资将武汉市区的部分土堤改建为钢筋泥凝土防水墙	武汉市区的土堤上一年就已经全部改建完毕
265	国民经济计划和国家预算经全国人民代表大会审议通过后,国务院各部门和各级政府要坚决贯彻执行	各级政府在贯彻执行的过程中遇到不同的困难
266	我还特地去找了一个叫张先生,把他的微信公众号	我之前已经做了其他事情。
267	计算所政策所都是自己挣钱.	政策所所有资金全部来源于国家
268	我没想出好办法,这个事是个大事	这个事很小
269	你要理解它那个字面的意思	它是一只活的老虎。
270	党中央、国务院把人民群众的身体健康和生命安全放在第一位,及时研究和部署防治非典工作	保证经济发展是非典防治工作的首要目标。
271	那么,要获得增储上产的新突破,是四面出击、甩开勘探,还是收缩阵地、突出重点呢	四面出击和突出重点两种方式都可以作为增储上产的方法
272	这么断断续续买下的东西,却已存够有两三个箱子	东西太多了
273	你这个的不要太晚了回宿舍,早点得了.	我希望你很晚回宿舍。
274	你看同样张维迎教授这个演讲就很感觉像是个学者之文,他拿数据,拿什么,得出一个结论	张维迎做演讲得出的结论中包含了他近两年最新的研究成果
275	今年首次将就业优先政策置于宏观政策层面,旨在强化各方面重视就业、支持就业的导向	政府不重视就业
276	在清理中查处了一批违法违纪案件,其中包括一些大案要案	此次清理没有任何成果
277	开放与改革相伴而生、相互促进	先改革后开放是正确道路
278	21点:法国总统签署了正式的作战命令	作战之前要签署正式的作战命令
279	她心里焦灼,嘴上都起了干皮	事情很难解决。
280	蒋丽莉轻轻地唤他,他不是不答应而是听不见	他听不见别人的声音。
281	我也曾经想去自首,但县里党政领导接到对我的举报后就通风报信给我,要保我,要我算了,不要泄漏出去	我和县里的党政领导同流合污收受贿赂。
282	蒋丽莉听了王琦瑶这一席话,心想方才被她看成小孩并不吃亏,这些道理是可与做她母亲的人去平齐的	蒋丽莉被王琦瑶看做孩子
283	对啊,上次秀真有跟我讲.	秀真上次还和我说了别的事情
284	我们先看看当时伤者的一些情况	说话的人职业是记者
285	此时的长虹厂领导并没有慌了心神,乱了阵脚	现场发生了一些不可测的事情需要领导出面
286	点心是前一回就说好由谁负责,因是在她这里,总是由她准备的多,虽是增加开销的,她也情愿	在谁那就由谁准备点心
287	深化利率市场化改革,降低实际利率水平	利率市场化改革已经完成了。
288	但也有很多右翼骂我,我也开着店,我们家老婆很讨厌我搞这种事情	我老婆对我惟命是从
289	哎我一眼就把他看见了.	我和他是在上大学的时候认识的。
290	加强民族团结,维护祖国统一,促进共同发展,是全国各族人民的根本利益所在	加强民族团结不利于全国各族人民的根本利益
291	在清理中查处了一批违法违纪案件,其中包括一些大案要案	有一些大案要案算是违法违纪案件
292	所谓的电机开发完全成了骗人的幌子	电机开发具有十足的可靠度
293	昨天还看到顾颉刚的一个毕业发言,不是,他叫葛兆光	看完葛兆光的毕业发言,我很受启发
294	有时候你也会挺烦的	烦的时间占很小一部分
295	就是说当时他们签了一个协议,就是乐视要去美国,这个是真的大媒体说的,这不是谣言	所有媒体都在关注其他事情
296	散会后,几个负责人边走边议论说:刁市长动真格啦	几个负责人参加了会议
297	努力保证今年对外贸易的持续发展,对稳定经济全局非常重要	对外贸易不是第一年发展起来
298	但是我想我又反过来,我年轻的时候是不是也这么追过,但是觉得也没有这么狂热,所以我是不能理解	我年轻的时候追过
299	需要我们学习秦大河那种勇于开拓、为国争光的精神	勇于开拓、为国争光的精神值得提倡。
300	是,你看他讲这个很有意思	他以前是一个非常古板严肃的人
301	之后,程先生就再不提照相的事了	之后,程先生仍然执着于照相的事。
302	个,到上海那个外文书店去买书,然后.	我是去那买生活用品的
303	你一动就会碰壁,一转弯也会碰壁,壁缝里传出的尽是油烟味	你现在很危险
304	加大对书刊、音像盗版活动的打击力度	市场中只有正版书刊、音像
305	实施稳定外贸增长的政策,改善海关、检验检疫等监管服务	目前有外贸
306	这话虽是恭维,却还是触到了严家师母的痛处,到底是年纪不饶人的	严家师母的年纪不小了
307	观音殿的下边,就那个大池子下边,我上次去了,非常牛逼	观音殿在那个地方的上面
308	哦,你说那个,你再说一遍.	我知道你说的是哪个
309	12月6日晚,中国京剧院在人民剧场演出革命现代京剧《红灯记》	中国京剧院不单排演传统剧目,也可以演出现代京剧。
310	这一切都说明,在具备雄厚经济实力的今天,日本希望通过对世界新秩序形成作出贡献而成为政治大国	世界尚未形成新秩序
311	我不是网上查的,吴先生亲口跟我讲,坐在桌子前面跟我讲	吴先生在咖啡厅跟我讲的
312	加强企业对外投资合作的金融支持,拓宽对外投资渠道	企业有加强对外投资合作计划
313	要切实加强国有资产管理,做好清产核资工作,保证国有资产保值增值	清产核资工作是国有资产管理唯一要做的事情。
314	赫拉维同叙利亚总统阿萨德就结束黎巴嫩危机和双边关系问题进行了会谈	黎巴嫩危机必须在双方的协同下解决
315	北京街头积压的报纸,大约有半数是以代销形式委托报摊儿经营的	一些人还保留着去报摊买报纸的习惯。
316	那那个票等我回来再说,不要弄.	那个票要由我亲手来弄。
317	严师母说她女儿还小得很,他就说情愿等,等白了头也不悔的	严师母育有一儿一女。
318	正确理解国家对少数民族的大力帮助和少数民族对国家贡献的关系	边疆少数民族有时需要文化上真正的理解和认同甚于经济上的扶持
319	坚持实行企业、社会、财政各负担三分之一的办法	由企业、社会、财政共同负担
320	吊了点针吗,倒好一点.	我妹妹感冒了。
321	寄到我原来地方就行了.	“我”现在有很多住处
322	巩固全民基本医保,通过改革整合城乡居民基本医疗保险制度	城市化程度达到百分之百,乡村不存在
323	房上的瓦是黑,水里的桥墩是黑,还是唯有她一身红	这里没有任何河流与湖泊
324	加大基础设施和基础产业投资力度,在能源、交通、水利等方面建成和开工一批重大项目	电力将会加大投入
325	万一我睁开眼睛那个医生跟我说的是,大的像西瓜不是草莓那怎么办	我体内长了结石。
326	呃是尚献跟他爸爸在家.	尚献和他爸爸在家看电视。
327	啊,我知道,知道,知道知道.	有人给我安排了工作,我表示知道
328	压减和规范督查检查考核事项,实施“互联网+督查”	督察工作会跟互联网结合起来
329	中国经济正在迅速发展,市场前景非常广阔	中国市场达到饱和
330	小泥肠主要是让孩子吃的,其他三个菜是让小林、小林老婆和保姆吃的	这顿饭是我给小林一家安排的
331	让我又想到了咱们中国,甚至想到了跟您风格、跟王老师最近都有关的新闻和话题	您和王老师都是我很尊敬的人。
332	是因为最先的时候,台南台独的立委说陈星搞出这个事情来,它的背后其实马英九应该负责	这件事有不良影响
333	因为我后来想他也是他生日啦.	我从来不认识他。
334	整个演出过程中,观众热情高涨,掌声、叫好声不绝于耳	有观众来看这场演出
335	那太好了,那您们就舒服多了.	我心里其实一点也不高兴
336	完善重大科技项目组织管理	科技项目组织管理存在缺陷
337	他说:蒋丽莉,你坐好,我给例照张相吧	他说了些什么
338	然而,这一切却要无情地毁于一旦	这一切能永远存在着
339	完善汽车消费政策,加快发展二手车市场和汽车租赁市场,引导和促进汽车合理消费	发展汽车租赁可以促进汽车合理消费
340	王琦瑶从此便对说媒的人婉言谢绝,她知道再介绍谁也跳不出教书先生这个案自	媒人给王琦瑶介绍的都是教书先生
341	散会后,几个负责人边走边议论说:刁市长动真格啦	刁市长参加了会议
342	这个我看到那个莽弟回来以后吧.	我可以决定这件事
343	新华社记者郑庆求人民日报记者陈维佛	郑庆认识陈维佛
344	他,捧出一大摞资料卷宗呵呵笑着	他是一名警察,此时需要看卷宗
345	呃,那个谁啊,吴痕回来以后吧.	吴痕说了会回来,但一次次拖延着
346	7点1刻,两位副市长准时赶到	市长副职只有一个。
347	推动户籍制度改革,实行不同规模城市差别化落户政策	城市具有不同规模
348	保护和发展少数民族优秀传统文化	少数民族优秀传统文化十分稀少需要我们的保护
349	改革和加强应急管理,及时有效应对重大自然灾害,生产安全事故总量和重特大事故数量继续下降	我国当前有自然灾害的隐患,所以要加强应急管理
350	速溶咖啡、生日大蛋糕市场看好	速溶咖啡和生日大蛋糕的市场销售总量始终低迷。
351	张永红说:倒不是要吃现成,而是要吃些老本,两手空空从头来起,到老也看不见曙光	张永红是一名演说家。
352	最没有个人自由就是晚会,最没有私心就是晚会,怀着私心来的程先生,自然是要失望了	晚会延期举办了
353	这半天,直到此时,王琦瑶才生出些类似希望的好奇,她想:这一天将怎样结束呢	这一天如何结束,王琦瑶并不很在意
354	花店里的花是为她们馨售一空的,为的是庆贺她们入围	花店还有一些花在出售
355	我国首次进行大区域普通人群遗传和流行病学调查	我国生物学取得了重大进展。
356	城监部门人员再三与唐某交涉时,他态度傲慢,一意孤行	城监部门人员今天没有执行任何任务
357	近年来,台湾海峡两岸关系发生了显著的变化	之前的两岸关系进展缓慢
358	我知道,我知道,我,我理解您这个.	我对您这个有一定的了解。
359	在治理整顿中积极发展对外开放	发展对外开放是治理整顿的前提条件。
360	此时此刻,薇薇已不知多少次地在镜子前装扮成新娘	薇薇是在婚纱店里
361	他可能是八月底,八月二十八号上美国去.	他非常想去美国
362	现在什么阶级斗争呢	人人平等都是一个阶级
363	什么叫陶醉,这就是陶醉	说话人在做梦
364	蒋丽莉早就邀请王琦瑶与她同住,王琦瑶一直没有答应,如今搬去了,把蒋丽莉喜欢的,提前三天就在收拾房间	蒋丽莉和王琦瑶是大学同学
365	当前我们采取的许多治理整顿措施,本身就是深化改革的重要内容	在深化改革方面,我们不是不作为的
366	妈,银行的事,我给问过了哦.	我曾经向比人打听过银行的事。
367	可是这是很多医生都,对不起	我做了对不起别人的事
368	全村69名70岁以上的老人全来了	全村80岁以上的老人都来了
369	宋广志话音刚落,李沐荪委员立即表示反对,法律是个严肃的问题	宋广志的提议遭到了反对
370	人们将密切注视,日本今后将以何种形式扩大自己的国际影响,从而达到成为政治大国的目的	人们密切关注着日本和美国两个国家
371	其实我觉得我们现在讲社会比较开放了,成年人包括像陈冠希那事当时让我评我是不评的,为什么	当时没有评论主要是没人问我
372	于是他们每天至少有一顿是在一起吃了	他们每天最多能在一起吃一顿饭
373	哦,我们这可整天响往美国呢.	我们现在不在或无法去美国
374	中方的主将聂卫平也有可能第一次不用上场而结束比赛	聂卫平是中方的
375	一个廉洁的干部,树立了正确的人生观、价值观,弘扬敬业乐业精神	贪官污吏敬业乐业
376	那头一回搂着萨沙睡时,她抚摸着萨沙,那皮肤薄得几乎透明,肋骨是细软的,不由心想:他还是个孩子呢	萨沙是个小孩子。
377	没有,没有,给别人,你给别人.	我现在很高兴地收下了你给的东西
378	蒋丽莉振作了一些,她讽刺地一笑,说:你程先生再牵记王琦瑶,王琦瑶却并不牵记你,你的心可不是白费了	蒋丽莉说话之前笑了
379	经过一年多的筹划,肯德基家乡鸡在距荣华鸡仅数百米处行动了	荣华鸡比肯德基家乡鸡更受当地人的喜爱
380	我国首次进行大区域普通人群遗传和流行病学调查	我国今年5月将进行第二次该调查。
381	呃,我看不错,这姑娘,挺老实的.	说话人是个瞎子。
382	两个月来,黎巴嫩依然处于政治危机中,教派之间的武装流血冲突时有发生	黎巴嫩的教派拥有武器
383	经济外交、人文交流成果丰硕	关系向好,对彼此都有好处
384	萨沙也是主人的样子,见面就说和毛毛娘舅一起做东	毛毛娘舅知道萨沙长什么样
385	程先生恢复了他的摄影间,在那里度过他的节假日	程先生非常喜欢摄影。
386	所以,我觉得基本面还是赞赏	我有仔细考量过基本面
387	但老张又不是你的亲兄弟,人家是单位的副局长,老找人家也不好	我总是让老张帮忙
388	七百六加四百九,一千二百五嗯,还行.	十加四百九是五百
389	老伴见状说道:这事可不要宣扬出去,一些人知道了会骂我们的	这件事后来被宣扬出去了。
390	巩固全民基本医保,通过改革整合城乡居民基本医疗保险制度	老百姓们都非常关注医保政策
391	又想给人带沟里去	并不是主观上想把别人带沟里,而是无心之失。
392	当孩子求助无门时 可能会形成奴性	事事有回响能减少孩子心理上的奴性认识。
393	今年,要使全国80%以上的人口地区普及九年义务教育,扫除青壮年文盲300万人左右	我国已有50%以上的人口地区普及了九年义务教育。
394	格子,今天我给你介绍一下张晓舟老师	我对张晓舟老师一无所知
395	但是他并未满足于已取得的成绩,还想干一番大事业	没有人认为他做的不错
396	我问售票员:今天你这窗口卖出多少张票	从来没有人问过售票员一天卖了多少张票
397	实施新的企业所得税法,统一内外资企业和个人房地产税收制度	企业所得税保持原状态
398	2008年工作回顾	现在是2009年。
399	呃以后的,以后有这机会的.	以后有机会的时候会优先当下本需要该机会人。
400	近几年来外贸体制改革的方向是正确的,成绩是主要的	外贸体制改革从去年开始实行。
401	五是市场秩序不规范,市场监管和执法不到位,社会诚信体系不健全	社会诚信体系建设不完全
402	为了保卫国家安全,必须加强国防现代化建设	国防建设可以逐渐实现现代化。
403	晚宴之后,他说用他的车送王小姐回家	王小姐的车牌今天限号
404	包括《华尔街日报》、《纽约时报》很多是机器在写的,写的也很漂亮	机器写的文章也可以很出色。
405	我有这么认真吗,一点都不色情	没有人认为我很认真
406	这项活动,备受外省市兄弟公司及上海市文艺院团的好评	该公司位于海外
407	从长远看,解决教育经费不足的问题,只靠增加政府财政拨款是不够的	补足教育经费还需要其他手段
408	他不是说我的照片、我的奖杯被人家拿,不是的	被人家拿走的是我的奖状。
409	同有关国家一道,防范和化解金融风险,促进亚洲乃至世界经济的稳定增长	我们要和有关国家一起努力
410	你-你带-带她到医院去看一下.	她觉得她不需要去医院
411	科学技术要发展,全民教育是基础	国家只愿给全民教育投入少量的资源。
412	修完,在家的事还挺多.	家里有很多事情,需要做的事情很多
413	蒋丽莉伏在老张的背上,嗅到他很浓烈的脑油的气味,心里涌起一股软弱的温情	老张一直在上海,蒋丽莉一直留在湖北老家
414	这叫当年的语境就是老牌帝国主义埋下的火药桶,挑的我们第三世界群众斗群众	我们之所以会和其他国家战斗,纯粹是因为我们无理取闹。
415	写到文件里头,回头万一有什么事儿.	写到文件里可以多一重保障
416	长脚向她走近一步,扑通跪在了她的床前,颤声说:你帮帮忙,先借我一点,等我掉过头来一定加倍还你	她不会借钱给长脚
417	最后不还是靠我自己解决	一开始,我就解决了这个问题
418	中央对地方均衡性转移支付增长10.9%	中央对地方的其他支持也增加了
419	正在安徽视察的李鹏总理,心情焦虑	李鹏总理来到安徽视察基础设施建设
420	传统文化的语言去解释这个事嘛	用传统文化的语言去解释这件事更有说服力
421	他说用比特币来支付是吧	比特币可以用来交易。
422	特朗普当选并未对美国造成特别冲击	特朗普当选未造成冲击
423	他们想不出一点办法,围着草坪走了一圈又一圈	他们想出了个好办法
424	它在马路的顶端上,似乎就要结束了,走进去却洞开一个天地	只要到马路的顶端就会发现新天地
425	每天有豆腐店的伙计来送老豆腐	豆腐店不做老豆腐
426	桌上丢了一把修指甲的小剪子,还有几张棉纸,上面有指甲油的印子	刚刚离开这里的只可能是女性
427	然后我听见你声音,我就等着了嘛.	我忽视了你的声音。
428	房上的瓦是黑,水里的桥墩是黑,还是唯有她一身红	这里至少有一座桥
429	第一天来的时候,就已经到傍晚了.	要走了
430	他说田朴珺把男人变成了婴儿,让他们感觉到这个,这个是他自己找到一件事情的本质	这是别人帮他找到的。
431	美日经济前景的反差,也是造成美元和日元升、贬的原因	日本的经济前景比美国好。
432	王琦瑶在打针的同时,还从里弄办的羊毛衫加工厂里接一点活	王琦瑶感冒了
433	大部分属于后者的这种	前者的数据参考价值高于后者
434	跟着杨老就开心了	杨老是个人人讨厌的老头
435	记者问一个模样挺年轻的警察	警察已经在上个月过完了他59岁的生日
436	下调增值税税率,扩大享受税收优惠小微企业范围,出台鼓励研发创新等税收政策	小微企业是经济主力。
437	这正应了天网恢恢,疏而不漏一说,也是我省纠正行业不正之风的开场锣鼓,着实发人警醒,增人信心	我省预计在服务行业展开不正之风纠正行动。
438	一开房门,却见王琦瑶靠在床上,看连环画,身边还放了有一沓连环画	王琦瑶是我的孩子
439	这个曹操一听问旁边的刘备,就问两个字,“何如”。	曹操问刘备很多问题。
440	你是看到什么黄道吉日决定穿衣服	你今天和往常没有什么不同。
441	据了解,尽管23日下午的会议,缺席、溜号者众,但晚上吃会议伙食和看电影时,缺席者却比下午少得多	晚上的会议伙食非常好吃
442	王琦瑶碰了个钉子,要说的话又咽回肚子,停了一会儿,笑着说:可别把光阴都玩过去了,后悔就来不及	王琦瑶在碰钉子之后什么话也没说
443	在生死存亡的关键时刻,党和政府除了坚决平暴,别无选择	党和政府正面临关键选择。
444	加强行政监察,纠正行业不正之风	行政监察是检查的一种
445	学生再和他一起到北京.	学生和他已经在北京了
446	作为新闻舆论机关,本报同仁一如既往支持他们的工作	本报同仁以前也支持他们
447	一个王琦瑶出嫁,另一个王琦瑶便来做伴娘,带着点凭吊的意思,还是送行的意思	王琦瑶是女性
448	外贸企业要进一步加强和改善经营管理,努力挖掘潜力,提高资金使用率	资金使用率越低越好。
449	加强生态系统保护修复	生态系统遭到的破坏严重
450	积极引导居民增加文化、娱乐、体育健身和旅游等消费,拓宽服务性消费领域	所有居民都没有文化消费
451	它是怎么发展起来的	发展起来的不是人。
452	计算所政策所都是自己挣钱.	计算所通过个人行为挣钱
453	她的眼睛逐着那光影,眼看它陡地消失,屋里渐渐暗了	屋子里还有另外一个人
454	王琦瑶又笑了,说:这个程先生啊2好像程先生是个顽皮的小孩	王琦瑶真的觉得程先生就像小孩。
455	阿姨,帮帮忙,我们都晓得你阿姨心肠好,对人慷慨	我们其实和阿姨不熟悉。
456	他讲到一点就是,快速反馈,快速奖赏	他觉得及时奖励必须被重视。
457	Wabi-Sabi那是他当中的一个概念	他对Wabi-Sabi有所认知。
458	它什么时候开始这样了,就会有一点点接近人,但是这个反省智力是如何产生的	它以前不太接近人类
459	国内锅炉市场今年预测需求量为7万蒸吨,而全国实际生产能力达13万蒸吨	锅炉市场价格下调。
460	总觉得,呃也未必准是肝癌.	一定会是除了肝癌以外的癌症
461	要努力增加城乡居民收入,提高居民购买力水平	增加城乡居民收入是提购买力的必要条件
462	明显降低企业社保缴费负担	参与社保不需要缴费
463	注册手机不一定是一人一机吧	手机不需要自己注册
464	就是说他作为一个当时还应该是外籍华人,来说香港不能乱,要珍惜这个祖国等等	他是个华人
465	孩子还在哇哇大哭,任志庆却昏死过去,鲜血从他身上流出	任志庆神志不清醒。
466	祥云,不得不开始对特区市场进行一番认真的思索并采取应变对策	祥云是特区的区长
467	甚至你这个受捐的人到台上来发表一番带着眼泪的演讲	我准备凭空捏造自己接受过捐助后,有多么感恩与幸运的演讲稿。
468	万一她是很丑的一个女的,因为忧郁症死了,我会不会难过呢	忧郁症会致人死亡。
469	继续做好财政税收工作,大力增收节支,严格依法征税,保证重点支出	严格依法征税就能够取缔一切违反税法的行为
470	轶君这次在美国,我看咱们微博里有人建议我们聊特朗普	之前有人在微博里给咱提建议了
471	《锵锵三人行》,咱们说学逗唱武林大会现在开始	即将表演三人节目
472	所以,他其实后来他一直是双重国籍,美国是默许双重国籍的	他的祖国是美国
473	好呀,好呀,那就,这个,这个,.	不要这个
474	两种弄底的脚步声也是两种,前种是清脆响亮的,后种却是吃进去,闷在肚里的	小孩子的脚步声是闷在肚里的
475	构建和谐医患关系	医患关系不需要和谐
476	其实,何止是周末,平时家门口兵也不时有往家里溜的	家门口兵往家里溜是因为想偷懒
477	关键是要更新观念	更新观念与否并不重要,观念的更新并不能带来帮助
478	今年,要使全国80%以上的人口地区普及九年义务教育,扫除青壮年文盲300万人左右	去年扫除文盲获得了极大成就。
479	然后跟,跟我回信告诉我这个地址.	这是编辑部发给一位作家的话。
480	就感受到这种所谓客户的压力	感到压力是因为时间紧迫,任务重。
481	注意把社会力量办学的积极性引导到支持发展基础教育和职业技术教育的方向上来	该国家办学全部收归国有,不存在社会办学力量。
482	强化企业技术创新主体地位,将提高研发费用加计扣除比例政策扩大至所有企业	世界上不只有以家企业
483	车走后,狼藉一片	车一直在一个地方,没有动过
484	秦大河代表了中国	秦大河是美国人。
485	答案,无疑是肯定的	答案是肯定的这件事非常明确
486	呃,写信已经给你写了,反正这个.	写信的人不认识字
487	呃,那个我们可以去接你哎,我都.	我们接你路上得花30分钟
488	她只这一眼就把王琦瑶视作了可亲可近	王琦瑶正在持刀抢劫她
489	我们这边特冷,我们现在.	这个地方现在要穿很厚的衣服。
490	堂屋里,仅有的一桌两椅,为杨大娘的话默默地做着注脚	堂屋里只有他一个人
491	名不符实的撤军方案	这个撤军方案轰动影响世界
492	可能我还能帮,联系联系.	他帮不上什么忙。
493	人们不禁要问:沈太福拿10亿多元集资款都干什么去了	沈太福那十亿多元是自己的家产
494	中间有一个女士是她的一个朋友已经死了,她还在那儿舍不得放手,在那拽着,一起漂着	她的朋友为她而死
495	全面实施国家基本公共卫生服务项目,农村免费孕前检查使600万个家庭受益	农村免费孕前检查使4万家庭受益
496	拿不回家我就搁马依呢公司里头完了.	这个东西拿不拿回家无所谓。
497	加强重大动植物疫病防控	禽流感不用防控。
498	李主任把她又搂得紧一些,心里感叹:看她是个孩子,可女人会的她都会	她看起来像个小孩
499	各级干部都要廉洁自律,勤勤恳恳,励精图治,和广大人民群众保持血肉般的联系,全心全意为人民服务	各级干部也算是人民
500	特别是一些小国担心共同体的地区发展基金向东德转移而影响自身的经济发展	命运共同体不是绝对有益的,还要有些不利影响
501	呃,就小其和我在这睡.	我和小其在一个地方睡觉
502	博士,博士,还没到后	博士后和博士都是学位
503	他们在炉边还做着一些简单的游戏,用一根鞋底线系起来挑棚棚	他们约好了每天都到炉边玩游戏
504	所以到最后把这个蛋糕做大了	做大的蛋糕是一个
505	呃,你可记住要注意身体.	“你”向朋友抱怨最近身体不太舒服
506	他是直接向你宣誓他的权威的,向你宣誓他的权力的	他间接向你宣誓他的权威
507	交通运输的紧张状况,已经成为当前我国经济和社会生活中的突出问题,必须把发展交通运输放在更为重要的地位	发展交通运输在当前发展中占据重要地位
508	他们想不出一点办法,围着草坪走了一圈又一圈	他们一共五个人
509	第一部 六、片厂	第二部第六节的标题名是“片厂”
510	啊之前是有有一些净图案帮他处理啊.	他是设计师
511	事后发现,此人随身携带了3张身份证,其中两张为化名的假身份证	此人没有随身携带的物品
512	咱们来看一下,看看就知道了	咱们没有兴趣去看
513	瑶胞给省委书记写信	这个省有少数民族同胞居住。
514	可以,雪蓝早上不在不在家吃.	早上至少有一个人在家吃。
515	不仅在八五期间,而且到本世纪末,东部地区都将承担全国原油产量的大头	八五期间东部地区承担了全国原油产量的大头。
516	我是那个,那个,那个威海回来.	我的老家在威海。
517	之后,程先生就再不提照相的事了	程先生对照相的事从来不感兴趣。
518	21点:法国总统签署了正式的作战命令	法国总统用钢笔签署正式的作战命令
519	当然你可以说,俺说的是一个是天上,一个是人间	不管是我的表达还是这件事都只是唯一解
520	早晨起来,会想一想:今天会有什么好事情发生	他从不希望会有好事发生
521	推进公租房和廉租房并轨运行	公租房和廉租房可以并轨进行。
522	切实转变工作作风	工作作风建设有待改善
523	越是刻意追求,苦心经营,越是不达	做法会影响结果。
524	当然了,当然我这身材等于男模横着放,所以我不走秀,我坐秀	人类已经进化到只有大脑没有身体了
525	桥一顶一顶地从船上过去,好像进了一扇一扇的门	桥洞无法容纳任何一个船只
526	许久,才融入黑夜	融入黑夜是自然的不是人为的
527	这就给执政党实施分化瓦解,各个击破的策略,提供了可乘之机	大家意见分歧很大
528	真的,真的,我看过有那个案例,你想今天的孩子你也不要以为他发育挺早的	我没看过那个案例
529	那是高速公路快,一会儿到了.	我们最后没有走高速公路
530	对标全面建成小康社会任务,扎实推进脱贫攻坚和乡村振兴	脱贫攻坚和乡村振兴完成就一定能实现全面建成小康社会
531	健全激励约束机制和尽职免责机制,营造干部愿干事、敢干事、能干成事的环境	各项机制已经十分完善
532	她们住到八月十号以后吧.	八月十号她们就要走了。
533	整个演出过程中,观众热情高涨,掌声、叫好声不绝于耳	观众人数超过千人
534	这城市马路上的时尚多亏有了张永红这样的女孩,才可保持最好的面目	张永红住在城市里
535	城乡居民消费水平稳步上升,精神文化生活不断丰富	这个地区既有城市居民,也有乡村居民
536	增强保险业风险保障功能	保险也只有风险保障功能
537	严家师母说:看看,这不是得寸进尺,慢慢地就陪他玩起来了	他是一个小孩子
538	他先还是有点不起劲,觉得王琦瑶是马路上成群结队的女性中的一个,唤不起创作的灵感	王琦瑶是女性
539	就在这边,就是我这工厂师父.	我有工厂工作经历
540	说着时下的流行语和街头传闻,天外奇谈一般,让人目瞪口呆的	这个人是一个说唱歌手。
541	还有个反革命犯,是特务机关任命了的,判十年,不认罪,强词夺理,动不动还发脾气,在犯人中很孤立	反革命犯已经认罪了
542	吴淳的舅舅啊,给寄来的.	吴淳的舅舅人很好
543	落实好支持居民购买自住性和改善性住房的信贷、税收和其他政策	自住性和改善性住房的信贷、税收标准是不同的
544	她把脖颈都羞红了,可还是拒绝	无论对方怎么赞颂她的舞姿,她还是不愿大秀舞蹈。
545	但是如果《三国演义》把这篇文章写出来了,就没人看了	文章已经发表了
546	不过他们自己,他们给的钱多啊.	他们给的钱多,所以选择他们
547	小平同志侃侃而谈	所有人都跟小平同志说过话
548	对,咱懂都不懂人家搞的这个学术	这些学术,我全懂
549	努力促进祖国和平统一大业	实现祖国和平统一大业非常重要
550	他们的行动就是对雷锋精神过时论的最生动的批驳	他们没有进行一致的活动
551	看着他受累的样子,王琦瑶难免也会想:他这是为了什么	王琦瑶知道他做的是没有意义的
552	他们销售的电器是国家早就明令不准面市的	他们销售电器。
553	哦,爸有的事儿也烦人.	爸一直都有事儿
554	对,对,许辉据说年轻.	许辉据是一个年轻人
555	慢慢来啊,有人在帮我找了.	我丢了东西很开心
556	整个手术时间为2小时,针插在心脏里约30分钟	还有一个半小时针没有插在心脏上
557	然而,这一切却要无情地毁于一旦	全部都要被毁
558	国内生产总值突破3万亿元大关,比上年增长百分之十三点四	近年来国内生产总值连续增长
559	囊中的艰涩,常使他感到心里的艰涩	他情绪一直非常好
560	我给您扎一针,您那个明清的文物文玩,犀角杯这算什么	犀角杯价值连城。
561	同时,各成员国内要求维护自身利益的呼声目前正在上升	只有一个成员国
562	现在的问题是什么,我今天在香港电视新闻上看到说是越南华裔,这个医生	今天我家电视坏了
563	子东也是那个年代的名字	耀祖也是那个时代的名字
564	中央财政收支差额通过发行国债来加以解决,不再向银行透支	银行已经没有能力向中央财政透支
565	老谋深算的肯德基公司也在紧锣密鼓,筹划着在上海乃至全中国谋取进一步发展的新招	肯德基又准备对中国使出大招,让自己在中国的收益更高了。
566	各项改革必须紧紧围绕治理整顿这个中心,做到有利于压缩需求,调整结构,有利于增加有效供给,提高经济效益	改革是为了提高效益
567	不错的话,下次明年再好好再念一年书.	明年不会念书
568	人家都说他精神焕发的.	他表面精神,实际已经很虚了
569	希望两岸能尽早坐到一起来,进行对话、谈判	某些资本主义国家的阻挠是两岸还没有走到一起的主要原因
570	我跟你说,这节日,因为我一个是在政协的时候整天讨论,后来我还有一个身份是中央文史研究馆,也整天讨论	我和别人讨论过国庆节
571	认真贯彻执行《企业法》和《破产法》,继续推行厂长负责制,理顺企业内部的领导关系	《企业法》已经颁布十年了
572	这天,薇薇睡到中午还不起来,两顿饭都没吃	薇薇很困
573	加强与主要大国沟通对话与协调合作,深化同周边国家关系,拓展与发展中国家互利合作	中国将建立第二个一带一路
574	呃,你可记住要注意身体.	“你”是有身体的生物
575	你说这个,我刚才还看了一个,有一个研究,这个咱们不一定想到,就是说你以为年少无知是被骗的原因吗	与我讨论的朋友们都没考虑到这一点。
576	电梯悄无声息地上来,她走进去,回过身时,看见程先生站在门边,正目送她	程先生和她一起坐电梯
577	已经写又写了一封,然后就是隔了.	(他)写过信了。
578	广西电子商场里的新鲜事22名大学毕业生站柜台非同凡响	这件事发生在广西桂林
579	美国打击的目标是:伊拉克核设施、化学武器基地、导弹基地和空军基地	美国想让伊拉克依附于它。
580	采取果断措施,集中力量抗击非典	采取的措施是高效的
581	法国大选马克龙获胜,韩国大选	马克龙没有任何群众基础。
582	推进一流大学和一流学科建设,支持中西部建设有特色、高水平大学	中西部一流大学少
583	上次感冒,嗯,感冒了两天.	上次不仅感冒还发烧了。
584	稳步推进城镇化,改善农民进城就业环境,加强农民工培训,多渠道扩大农村劳动力转移就业	稳步推进城镇化后农民工生活水平越来越低
585	话说回来,世事都是辩证的	不是所有人都同意这个观点
586	呃,她现在还在搞一个原先那样结婚证.	她有受法律保护的婚姻
587	说两句话,我就问一下.	说太多的话浪费时间。
588	她要说累了,就由长脚说些新鲜事给她听	她喜欢听新鲜事
589	促进文化事业和文化产业健康发展	当前有文化事业和文化产业
590	桌上酒精灯还燃着,一会儿便烧干了,自己灭了,空气中顿时充满浓郁的酒精味,有些呛鼻的	酒精灯使用的是水
591	老汉叫杨老章,81岁,家住头陀区北洋镇新建村	杨老章还是个年轻小伙儿
592	事实上,他回避而并没有放弃集团思想,集团概念恰恰是种族隔离制度的基础	种族隔离制度在当今已经没有了思想基础
593	国务院向部分国有重点企业派出稽察特派员的试点工作,取得初步成效	稽查特派员的工作取得了初步成效
594	曾经有一晚,他结束了一段夜生活,看看时间还早,又余兴未休,骑车走过平安里,不知不觉就弯了进去	他的生活与大多数人不同。
595	他要回来,见我不在,一定会怪我	他让我在这个地方等他回来
596	而蒋丽莉却变得格外矜持,问十句不定答一句的	问第十二句时蒋回答了我
597	向中等职业学校中来自城市经济困难家庭和农村的学生提供助学金,每人每年1500元,惠及90%的在校生	中等职业学校中的学生有5%来自城市富裕家庭
598	加强统计工作和发挥统计监督的作用	加强统计工作和发挥统计监督的作用对国家经济有利
599	在继续发展和完善商品市场的同时,积极发展各类生产要素市场	商品市场和生产要素市场之间没有联系
600	登记完了以后就出来了,对.	登记的过程很漫长。
601	这是一个多么令人触目惊心的比例	这样的比例之前见过很多次
602	治理整顿本身的难度很大,还会在某些方面带来一些新的困难,但如果不坚持治理整顿,各方面的困难会更大	治理整顿可以独立于各个方面
603	先是在空地上走,四处都扔了木板旧布	有人或者动物在这走着
604	窗帘上透进些微天光,映在王琦瑶的脸上	王琦瑶所待的地方有窗帘
605	正是为了避开杭州市内交通拥挤地段,才不得不选了这样的涌潮地区修桥,这在世界上都是没有先例的	法律规定涌潮地区不可以修桥
606	二万巨款撒向街头失而复得	二万块钱撒在了街头
607	他们说着最最闲来无事的闲话,每一个字都是从心底里吐出来,带着肚腹间的暖意	他们在闲聊。
608	具体地说,自民党安倍派和渡边派(原中曾根派)分别坚持推举本派的森喜朗和佐藤孝行入阁	最终入阁人员将由民众投票选择
609	9点05分,毛岸青、邵华带着儿子毛新宇来到毛主席坐像前,献上花篮,静默,鞠躬、留影	毛岸青、邵华是在19日那天来到毛主席的坐像前
610	李主任把她又搂得紧一些,心里感叹:看她是个孩子,可女人会的她都会	李主任和她有一定的年龄差距
611	矿车发出咣当咣当的滚动声,驶向矿井深处	矿井在地下
612	中央对地方均衡性转移支付增长10.9%	地方对中央也有转移支付
613	对,他的情况跟上海那个男的不太一样,英国的这个更危险	他最近面临危险情况。
614	商业城纺织商场关经理告诉我们(出录音)	我们上个星期才与纺织商场的关经理取得联系。
615	你看那百货公司床上用品柜台前挤来挤去的女人们,有一大半是来买嫁妆的,不是为自己也是为女儿	百货公司几乎全是女人来
616	你要回来啦,就住在我这老房.	我没房
617	各项改革必须紧紧围绕治理整顿这个中心,做到有利于压缩需求,调整结构,有利于增加有效供给,提高经济效益	改革中需求可以无限扩大
618	三扇镜的梳妆桌上,粉缸里粉总像是受了潮,有点税湿的,生发膏却已经干了底	主人公有梳妆打扮的习惯
619	继续清理开发区,整顿规范土地市场	此举有利于开发区可持续发展
620	深入开展国务院大督查,推动改革发展政策和部署落实	改革发展需要政策的部署落实
621	我就说你的这个意见够格当新泽西州的州长了	新泽西州没有州长这个职务。
622	但是,清理、压缩的目标尚未达到,任务还十分艰巨	目标很难达到
623	王琦瑶当然也不会认真,只是有点喜欢自己和阮玲玉的相像	王琦瑶和阮玲玉关系还行
624	我的朋友圈,我周围可是已经有两个作家,已经是无胆英雄了,你有可能是第三个吗	我周围的两位作家已经是无胆英雄了。
625	比如说坐飞机,你记得吗	我在逼供对方回答我的问题。
626	学生再和他一起到北京.	他会单独去北京
627	全程三个小时,这个孩子一直在哭	孩子在这个过程中深深地睡去了
628	支持工会、共青团、妇联等群团组织更好发挥作用	群团组织获得了社会各界的支持。
629	不久前,国务院专门召开了全国性会议,部署加强工程质量管理的工作	会议全过程所有人保持沉默
630	然而,古巴、也门和其它一些国家一直要求立即取消对伊拉克的制裁	也门不想和伊拉克作对
631	您是会长,我是会长助理	您是我上司。
632	他现在主要的是每天一场球.	他每天和女朋友一起打一场球。
633	就等于说一个小女生即便把一个男的当成偶像,也并不等于她愿意跟你上床	女生通常崇拜男性偶像
634	对于成绩特别突出的大学生营业员,公司理所当然予以重用	分数倒数第一的大学生被公司录用了。
635	天安门广场啊,我为你哭泣	我就站在天安门广场上哭泣。
636	对,北京台的一个节目,是	电视里没有北京台。
637	我现在一千多块钱,我一个月.	我对这个现状不满意
638	由于外贸出口增长速度大幅度回落和国内需求对经济拉动的力度不够,上半年经济增长速度出现减缓趋势	国内需求与经济增长速度有关
639	做这方面研究,尽管你以前没有做过.	“我”不认字
640	多日来的石头落了地,王琦瑶长出一口气,竟觉着一阵晕眩	王琦瑶心中悬着的大石迟迟没有落地。
641	此间记者们相互打电话,是不是又一次狼来了	记者不可以使用电话交流。
642	你是夸他这稿子是	这稿子被你骂了
643	就那个同学那次给咱家来了个电话.	咱家安装了电话
644	台湾的二月还是一月吧.	台湾属于中国的一部分
645	《锵锵三人行》,李菁今天够黄的	李菁在节目中展现了一些黄色内容。
646	加强后勤建设和改革,提高后勤保障能力	后勤经费与工作人员增多
647	毕竟,德克勒克提出的改革和谈判措施有助于结束南非的种族对立状态,缓和国内的紧张局势	德克勒克是南非政府官员
648	为了推动我国工程科学技术的发展,国务院决定成立中国工程院,筹备工作正在进行	人民政协通过了筹备申请
649	它将给日本90年代的政局带来重大影响	它指的是一个科技产品的发明
650	那人就对严师母说:严先生近来还好吗	严先生与严师母是夫妻
651	人们都知道长脚是去香港同他的表兄弟见面,张永红还等待他给自己买香港最流行的时装	长脚的表兄弟在香港
652	两种弄底的脚步声也是两种,前种是清脆响亮的,后种却是吃进去,闷在肚里的	晴天的脚步声是清脆响亮的
653	塘格木农场医院在地震中全部倒塌,医务人员的家也全部消失	农场医院倒塌了
654	坚持依法治军方针,加强正规化建设	依法治军方针需要坚持
655	爸爸小王这个事情,他们家里这个事情.	小王家暴了
656	但是,进入80年代以来,南方国家陷入困境,经济状况严重恶化	南方国家经济恶化对其发展造成不利影响
657	答案,无疑是肯定的	我对答案一无所知
658	《摔跤吧爸爸》不是商业片吗	《摔跤吧爸爸》同时是文艺片和商业片
659	所以,我就说真的是体会到闻过则喜,又有人提意见了,要是个好意见,我们的事业就进步	这个人提的意见是好意见
660	哦,花椒拌一拌是嘛,好的.	花椒可以和别的拌一拌
661	一幅幅的,在暗沉沉,鳞次栉比的屋顶上拉过	世界上有很多形容词可以形容屋顶
662	我的朋友圈,我周围可是已经有两个作家,已经是无胆英雄了,你有可能是第三个吗	“你”可能也会成为无胆英雄。
663	我们先看看当时伤者的一些情况	伤者被人发现了
664	许多老一辈武汉人都知道,武汉曾有一条相当兴隆的文化街,就在汉口交通路	武汉政府准备修缮文化街,振兴文化街。
665	她把脖颈都羞红了,可还是拒绝	她最终答应了那个要求。
666	许多家庭都爱养金鱼,却经常为换水喂食而费神,主人若稍有疏忽,鱼儿就会因水中缺氧而窒息	经济条件好的家庭会雇佣专业人士来养金鱼
667	种族主义不除,南非同前线国家及整个黑非洲的关系就不可能彻底改善,国际孤立状态不可能解除	种族主义对南非的未来发展没有影响。
668	到锅里它不甘心接受成为盘中餐、碗中汤的命运,还得跳,是悲剧英雄	这个句子是作家写的
669	我省的电冰箱生产就出现过这样的情况,生产企业一时达50多家	这种情况去年七月也有
670	但是,贵州家用电器厂的优质服务是建立在过硬的产品质量基础上的	贵州家用电器厂的服务倍受好评
671	努力保持对外贸易稳定增长	什么不用管,对外贸易可以很稳定地增长。
672	王琦瑶无须提防她有妒忌之心,也无须对她有妒忌之心,相反,她还对她怀有一些同情,因为她的丑	王琦瑶和她关系比较好,总是形影不离
673	我我正要卖正要卖车呐.	我要卖的车是奔驰品牌。
674	他这么容易调回来,又这么胆大妄为继续作案,是因为他了解内情,有恃无恐呢,还是他手眼通天,后台很硬呢	他一直都在外地
675	第三封可能已经有了吧.	第三封信已经完成
676	我现在也没数,但是我觉得应该可以啊.	我相信他自己可以 。
677	没办法,你只-只好这样.	解决办法很多
678	要有计划、有步骤地加强教师培训工作,扩大教师的来源和培养途径	加强教师培训工作可以随意进行,无需计划、步骤。
679	稳定汽车消费,继续执行新能源汽车购置优惠政策,推动充电、加氢等设施建设	新能源汽车购置优惠政策在此前也在实施
680	不是学分儿,得写论文啦,得做项.	这位同学已经圆满完成了论文并参加了各个项目
681	七届人大一次会议以后,国务院组织国家教委等有关部门就教育工作中的一系列重大问题进行了广泛深入的研讨	国务院十分重视国家教育部门的工作
682	我行走在北京天安门广场,发现身旁的人流正一股股向毛主席纪念堂涌去	毛主席纪念堂在天安门广场内
683	西电东送规模扩大	西电东送规模在扩大。
684	秦大河代表了中国	秦大河是奥运代表。
685	她走近去,本想埋怨他,却见他在流泪	她很生气,根本不想理他,走远了。
686	我跟你说,这节日,因为我一个是在政协的时候整天讨论,后来我还有一个身份是中央文史研究馆,也整天讨论	我曾在中央文史研究馆工作
687	实行政务公开,加强民主管理和社会监督,充分发挥人民对政府的监督作用	人民对政府有监督的作用
688	这次,我们再访东坝头一带,茫茫黄沙已经不见踪影,眼底尽是一望无际的麦海	我对东坝头一带有很深的了解。
689	话音刚落,一个身着灰色西服的中年人接过话筒,他的第一句话是:黄牌是压力也是动力……	中年人今天穿了一套白色休闲服
690	我钱学森是一个中国共产党的党员了	中国共产党有至少一个党员。
691	投资者的资金大笔大笔地被蚕食,钱款一天一天地减少,沈太福在想金蝉脱完之计	沈太福进行过投资
692	人家语言不通,不照样跑么.	比赛前,他和几个当地人谈得很投机。
693	那您相信大力士龙武就像在电视上一样没把他推出圈吗	龙武不是一个大力士
694	清理规范各类涉企收费,推动降低用能、用网和物流等成本	不需要降低物流成本
695	自由贸易区建设、与主要经贸伙伴的经济对话、同发展中国家的互利合作取得新进展	和发展中国家的合作只是一方受益。
696	篮子嘛,一块钱,一块钱啊.	这个篮子是竹篮子。
697	对,但是李老师,您说像这个许某某,你觉得是可以解释的吗	我是李老师的长辈
698	我们皇上吃丹药死的多了,为什么	皇上吃丹药的原因非常多
699	统筹整合涉农资金	国家一点都不想管理涉农资金
700	王琦瑶就说:人是个旧人,穿什么新衣服也没用	新衣服是买的
701	我国政府将继续执行独立自主的和平外交政策,并把加强同各国的经济、科技合作放到更加重要的地位	我国外交政策中最重要的就是与各国的经济、科技合作
702	这时李家院子挤满了参观的人	这地方所有的人都姓王
703	我们室可以,这整个所不行啊.	我们室不可以
704	邬桥的夜晚,真是要多静有多静,不一会儿,就听见沙沙的下露水声	邬桥的治安很好
705	他听不懂今天的莫斯科街头年轻人聊天的这套嗑	莫斯科街头有一些年轻人
706	首钢通过改革,把这种积极性释放出来了,转化成强大的物质力量,创造出了巨大的财富,这是公有制约胜利	首钢的改革是时代发展的要求。
707	他要回来,见我不在,一定会怪我	他脾气很大
708	思想认识提高了,观念转变了,思想上的疙瘩就容易解开了	用别的方法也能解开思想上的疙瘩
709	我跟你说这你不要忽略我们祖国,你这个一不在你算是错过了祖国日新月异的各条战线上	祖国未来没有任何发展可言
710	吊了点针吗,倒好一点.	明天就可以出院了。
711	这里哪有,不如洋葱汤,是力所能及,倒比较正宗	这里有且是最正宗的,是力所能及的
712	我就举一个例子,我有时候也管闲事,比如说在故宫里头,好多地方写着不让用闪光灯照相,一堆人在那儿用	故宫允许别人用闪光灯照相。
713	这些问题,有的是发展过程中产生的,有的是工作不到位造成的	发展过程中产生了问题。
714	她心里焦灼,嘴上都起了干皮	嘴巴起皮,一定是因为心里着急。
715	坚定维护国家的主权、安全和发展利益,保障我国公民和法人在海外的合法权益	我国公民和法人在国外也具有正当的合法权益。
716	但是我觉得作为一个母亲,如果别人对你孩子这种暴力的举动,不管你打没打到,你肯定会生气的	你打的是一位女孩
717	由于西德和日本最近紧缩银根,美国华尔街股市被逼得走钢丝	西德和日本的经济波动能影响到美国
718	这里是新街口四环路的人行道、废纸、果皮、脏布块、脏棉絮到处可见	有人走在这条街上的时候吃了水果
719	事实上,他回避而并没有放弃集团思想,集团概念恰恰是种族隔离制度的基础	他是一位决策者,他的决定会影响种族隔离制度的实施
720	我是打过,我是打过,就是没人接.	我不会打电话
721	哎,那个,这个,这个.	这个和那个不同类
722	孙庆湘沉思片刻说:没有准备,说两句吧,不对的请领导批评	会议有领导出席
723	他当时每次喝酒喝大,有一次喝酒喝得太大我就把他拽到我们家,因为我知道他一定最后以吐出来为终点	他总是喝醉
724	可是你刚才说什么症	这一病症人人皆知
725	阿二觉得是应当行动的时候了	阿二不知道自己该做什么
726	总是他一个人排着,然后家里老老少少的来到	家里有七口人
727	在电视广告节目中,人们看到十次万家乐,也难见沈乐满一面,前者已成为消费者倾慕的名牌,后者却鲜为人知	沈乐满在全国知名度很高
728	这日子是无须数的,冬装脱下了,换上春装,接着春装也嫌厚了	这种现象是由于当地的地势造成的
729	他们销售的电器是国家早就明令不准面市的	他们只销售电器。
730	只有正确对待历史,才能更好地开创未来	对待历史的态度对于未来具有决定性作用
731	这观点好像是人民大学一个专门研究婚姻的一个专家说的话	说话人自己也不太确定这个观点的来源
732	金秋十月,关中原野出现了农机流动劳务市场	关中原野农机交流农务市场最繁忙的时间是冬季
733	继续执行阶段性降低失业和工伤保险费率政策	失业可以是阶段的,人失业了还有机会再就业。
734	她所在的工厂为她举行了追悼会,悼词中说她与剥削阶级家庭划清界限,一生都没有停止对加入共产党的追求	现场气氛严肃
735	育幼园开,我就把她送了.	她已经十岁了
736	他就说:这怎么是吃出来的呢	他从来没有考虑到吃这个问题
737	他们三人似乎感到某种威慑,有些偎在一起的样子	他们三个不是分开的
738	稳步发展期货市场	期货市场陷于停滞,需要稳步发展。
739	我们也不必去追究是谁按的门铃,总是那有权力有承诺的人	没人按门铃
740	你就是咱们凤凰电视里头也没有出现过那种词,就是平常咱们用打X的那个词,对不对	打x这个词经常被使用
741	对,我受点委屈,我挣点钱	我现在手里有钱。
742	她几乎要成为蒋家的一员,到哪都跟着的	她本来不是蒋家的一员。
743	圣诞节也不允许过	今年只有圣诞节不允许过
744	吴佩珍先有些不耐烦,又因为有点胆大,就拉王琦瑶去别处看	吴佩珍胆子很小
745	竞选期间,为了拉选票,朝野政党一致喊出了坚持大米自给的口号	政党上位需要博取支持
746	持续深化农村改革,广袤乡村必将焕发新的生机活力	农村改革的推进将加大对高素质青年人才的需求
747	可是,效果依然不佳,其中的一些商品因无人问津长期积压,最后累计亏损500万元	商品积压是因为没有人买
748	根本的问题,在于领导要真心实意地相信群众,依靠群众,使英雄有用武之地,为志士敞开报国之门	领导相信和依靠群众只是最表层的问题
749	啊,对对,上学校去了.	上学校的人是老师
750	他说:我是一个部长,买了劣质鞋能及时退换	他是一个科长。
751	1989年初,由于种种原因,此前不久还象皇帝女儿一般的彩电身价陡然下跌,成了可怜巴巴的灰姑娘	彩电在1989年初之前很贵重
752	一是发扬社会主义民主,充分发挥民主党派的作用	这是在描述中国的社会主义制度
753	不是上大学,我读博士班	我下半年就要从博士班毕业了
754	今年好象还可以,就是他在.	他是说话者的男朋友
755	他呐,那房子还没动迁呢.	说话人不知道他的房子迁了没有
756	对这个公式如何理解	世界上存在有公司这种东西
757	但是你,但是你申请不到这玩意儿.	这玩意儿需要申请
758	企业吸纳符合条件的高校毕业生就业,可按规定享受相关就业扶持政策	企业一直招收低价童工
759	祥云,不得不开始对特区市场进行一番认真的思索并采取应变对策	祥云是去年开始对特区有了解的
760	好呀,好呀,那就,这个,这个,.	不要别的
761	无论采取经济手段还是行政手段,都要尽可能制定必要的法规和制度,避免主观随意性	在实施计划之前,做决策的人会尽量避免个人主观随意性
762	他寝室的床上、桌子上常常摊满各种书籍,来了客人找个座位都困难	客人总是能很容易地在他寝室找到座位。
763	六一这跟社会主义关系比较密切,是1949年11月在莫斯科开的一个跟世界儿童有关系的会议	六一与1949年在莫斯科开的一个会议关系密切。
764	切尼访日之行有三点引人注目:	切尼会讲日语
765	政府的一切权力都是人民赋予的,必须对人民负责,为人民谋利益,接受人民监督	政府可以独立于人民之外
766	当年他年轻气盛,什么都可在手里握成燕粉	他曾经年轻过
767	你需要的话,我可以跟你寄过去的.	现在这个东西不在你那里
768	改革是今年政府工作的首要任务	政府任务不止一个
769	他真是不知道,真是不懂得	他需要对这个东西加以学习
770	首届中国国际进口博览会成功举办,海南自贸试验区启动建设	中国国际进口博览会是全世界最大的进口博览会
771	我得等他渡过了河,摆好了阵势,咱再打,一打他输了	他们在下象棋
772	对,一群人围着我,然后我说有什么事	我和他们早就相识了,非常默契
773	这叫当年的语境就是老牌帝国主义埋下的火药桶,挑的我们第三世界群众斗群众	帝国主义之所以挑破离间是为了鹬蚌相争,渔翁得利。
774	进一步做好海外侨胞和归侨、侨眷的工作,充分发挥他们在促进祖国统一和民族振兴中的独特作用	海外侨胞和归侨、侨眷发挥的作用比较独特。
775	所以,除了对她的时代满意,薇薇还为她的城市很骄傲	薇薇对时代满意,但不为城市骄傲。
776	另也以经济手段制裁,如加强查税等	加强查税没有作用
777	同时,也不能只顾眼前,采取损害长期发展的短期强刺激政策,产生新的风险隐患	新的风险隐患很可怕
778	国际形势总体缓和,但是危机频繁发生,动荡此伏彼起,天下并不太平	国际形势总体缓和,所以天下太平
779	学习雷锋,重要的是要抓住实质	学习毛泽东,重要的是抓住实质。
780	我是旧诗新诗一句也记不得的	旧诗新诗我全都记得
781	这些年,看上去他对女人的心似乎是淡了,其实却是更严格,是有点真心难求的苦衷	他很重视真心
782	这项主张最早由法国和苏联共同提出,得到了阿拉伯各国的广泛支持	法国和苏联并未共同提出某项主张
783	现在这叫茂明水灾重点啊.	茂明发生过水灾
784	呃,很好的国家,生活费又,又低.	居民生活花费低是国家好坏的标准之一不是不被认可的
785	但恰是这些比重占整个行业百分之七十多的产品,去年遇到了市场疲软的形势	今年市场情况有所好转
786	1999年,我们将庆祝新中国成立五十周年,迎接澳门回归祖国,做好各项工作的意义十分重大	1949年新中国成立
787	元旦之前,别的家长都向阿姨们送东西,或多或少,意思意思,惟独小林家没有意思,于是迹象就出现在孩子身上	小林家不知道应该给阿姨送东西。
788	北京有著名的琉璃厂、天津在改造旧城区时还新建了一条文化街	天津也有琉璃厂
789	现有土地承包关系要保持稳定并长久不变,赋予农民包括离乡农民工更加充分而有保障的土地承包经营权	离乡农民工也拥有被赋予更充分土地承包经营权的权利
790	我们要深化同发展中国家的友好合作,探索合作的新渠道、新形式,支持广大发展中国家联合自强	我国经常与国家树敌
791	今年第一季度,全国企业总亏损面达37%	第一季度全国所有企业都实现盈利
792	气候好,房价,地方比较小.	这个地方很多人都喜欢。
793	台湾经济部官员解释这些举措时说,是为了防止将来台湾经济受制于中共	当前有了这些举措
794	雨天里则想,天出太阳李主任就来	在上一个雨天里李主任来了
795	改革是今年政府工作的首要任务	改革得到拥护
796	有必要,上岁数的,上岁数的,真的提醒大家,可以做做这个检查	这个检查刚刚开始推广
797	完善农村水电路气信等基础设施,改造农村危房260万户,改建农村公路20万公里	农村基本没有公路
798	你教育,你教育那就对了.	我做了错事
799	是丈夫老张背了她去的医院,没有费什么周折,诊断便下来了	丈夫老张为妻子的病感到懊悔
800	她就觉得你应该让给我	她对这件事的态度很坚决
801	哎嗯,在这一段时间嗯不要不要同房.	这一段时间最好同房。
802	村老年协会最后评出11床好被褥、20件好衣服,给11个好媳妇、3个好婆婆戴了红花、发了奖	好媳妇好婆婆是由于这11床好被褥,20件好衣服得奖的。
803	也不吐,也不掉头发,没有任何反应.	实验没有任何状况
804	这要作为政府的一项基本工作制度,长期坚持下去	这项基本工作制度对政府有利。
805	还要长啊,哎,剪了头发更好看了.	这个人没有头发
806	适当提高金融机构存款准备金率,控制货币信贷过快增长势头	大幅提高金融机构存款准备金率
807	她笑着说:你没办法做,也没办法说吗	对于“没办法做”这一点,她颇有微词。
808	加强律师、公证等法律服务,做好法律援助工作	公证不是法律服务
809	对,他说他是年轻的头儿么.	他很有能力
810	加强政法队伍建设,发挥公安机关和武警部队在维护社会稳定中的重要作用	社会稳定是接下来工作的重点
811	嗯不讲,早就不讲了,就一个半月.	一个半月之后就可以讲了
812	八月十五号可能就开始正式上学,然后.	正式上学时间还没有完全确定
813	支持大型商业银行多渠道补充资本,增强信贷投放能力,鼓励增加制造业中长期贷款和信用贷款	制造业对于经济无足轻重。
814	提高产业发展和集聚人口能力,促进农业转移人口就近从业	就近从业是就业的其中一种方式
815	到家里也没让他洗个脸	他可能是客人。
816	集中力量攻克一批关键性技术	关键性技术已经被攻克了。
817	我国恢复对香港和澳门行使主权的时间日益临近	我国目前为止还没有恢复对香港和澳门的主权
818	北约人士说:我们十分担心苏联将顶不住比预计更快地撤军的压力,因为我们会因此失去对整个进程的控制	苏联顶住了撤军压力
819	这个老板如果他发现你买了一本你自己喜爱的书,他甚至高兴的能再送给你一本书	老板愿意送你一本书是有可能的
820	如果你不能引起警觉,就像玫瑾老师说的,无知,她不知道,她不知道后来能出现这种情况	不能引起警觉是无知的一种表现
821	那晒台上又搭出半间被屋,天井也封了顶,做了灶间	灶间蛮小的
822	这一日,她接到东西售出的通知,就到旧货行去领钱,正往外走,却听有人叫她,回头一看,竟是程先生	她知道程先生会在那和她见面
823	昔日,风吹过来,都是罗曼蒂克,法国梧桐也是使者	法国梧桐带来了浪漫
824	——国家财力明显增强	国家去年的财力比今年强
825	对,很高级的,但现在胆机到了一定时间要换胆了,一个胆要上千块,我就在发愁了	现在的胆机很高级,里面的胆可以终身使用
826	总是我在你家吃饭,今天终于可以请你在我家吃饭了	“我”有个家。
827	出去找房子去,你知道吗.	住在现在的房子可以没有压力地听音乐、晒太阳。
828	加大改革分量扩大对外开放	改革开放百害而无一利
829	对,所以他就要有另外的问题.	他从不提问题
830	大力发展特色现代农业,扶持农产品精深加工和销售,发展农村二三产业,加快小城镇建设,壮大县域经济	农村有二三产业
831	是从楼缝中挤过来的变了形的风,他看上去没什么声色,心却是活跃的,甚至有些歌舞的感觉	他走在马路上吹风
832	真花多少钱都合算用,你知道吗.	花钱不必考虑合算用
833	就像野史,都有不同的方式去解释历史	野史能够正确解释历史
834	记者问一个模样挺年轻的警察	记者都不懂、疑惑的地方,有问题
835	深化医保支付方式改革,优化医保支出结构	医疗支出结构有待完善,存在一定问题
836	嗯,他们都住在鼓城啊.	他们不知道鼓城在哪里
837	人家语言不通,不照样跑么.	他虽然语言不通,但还是获得了田径比赛的亚军。
838	此间记者们相互打电话,是不是又一次狼来了	记者们没有交流过。
839	小林在她家房间里走来走去,指着那核桃心木的五斗橱说:这是一件老货	小林要卖掉五斗橱。
840	此时此刻,薇薇已不知多少次地在镜子前装扮成新娘	薇薇穿的是新郎的西服
841	这将使美国政府更难为弥补财政赤字筹集资金	美国政府现有资金足够弥补财政赤字。
842	在复杂多变的国际形势下,我国坚定不移地奉行独立自主的和平外交政策,外交工作取得新的成就	独立自主的外交政策会一直作为我国的外交政策。
843	一下来都搬里面呃或者买行李票.	直接放在外面
844	中美之间保持的高层接触和对话,对推动两国关系的发展起了重要作用	中美高层之间将继续保持联系
845	它是那种最卑贱的草籽,风吹到石头缝里也照样生根开花	草籽长大后会变成参天大树
846	我们还说要把贝贝送回中国呢.	贝贝和中国没有任何关系
847	这在当前新技术层出不穷,竞争对手如林的情况下不是件容易事	在该领域获得一席之地很难
848	以后我都要到国外的,没什么好看.	有很多需要的
849	段长陈瑞祥患有心脏病和关节炎,衣袋里装着各种药片,而他却坚持连续施工5个月,每天都超过10个小时以上	陈瑞祥的身体状况很好,没有任何病症
850	我跟你说我能理解,你知道这些大医生平常求他的人多,他有时候确实有一种放言无忌的这种语言的态度	有很多人有求于医生
851	终于想出了这样一个高招:以发展节能电机为名,以商利息为诱饵,以签订技术开发合同的形式,向社会广泛集资	之前没有想到这个招数
852	三大群众组织继续团结广大职工、青年、妇女,为建设有中国特色的社会主义做出了重要的贡献	三大群众组织对社会主义建设有贡献
853	清单之外的,一律不得实施审批	清单是今年一月出台的
854	呀,呀,先寄一部分过来.	这些东西可以分成几部分
855	还有个反革命犯,是特务机关任命了的,判十年,不认罪,强词夺理,动不动还发脾气,在犯人中很孤立	反革命犯经常发脾气
856	对治安混乱地区进行重点整治	目前恶势力正在扩大
857	抓紧制定配套措施,认真落实出口退税机制改革方案	退税机制改革一定会取得巨大的成效
858	晚宴之后,他说用他的车送王小姐回家	“他”是个穷光蛋
859	此时,大娘还躺在病床上昏迷不醒,大小便失禁	大娘无法知道自己需要上厕所。
860	开业之初,商场经营的确是百分之百的国货,准确地说,全是产自中国大陆的商品	开业后一段时间,可能有外国商品
861	哦,呃,我告诉你啊阿嗲说呀.	我父亲特意嘱咐我要把这件事告诉你。
862	多年来,宁夏话剧团为农民演戏,为振兴话剧做出了突出贡献,受到中央有关部委和宁夏党政部门的充分肯定	宁夏话剧团每年都要在农村进行表演
863	我们知道坐飞机种种不合理嘛,超卖是一个	另一个不合理之处在于长时间延误不安排住宿
864	就像野史,都有不同的方式去解释历史	野史有不同的方式解释历史
865	蒋丽莉的脸刷地红了,她退后几步,坐到沙发上,脸朝着窗外,一言不发	蒋丽莉是个女孩子
866	他还提出,大联合应以实施内阁制为前提	“他”是坚定的无政府主义者
867	你生活条件好是应该的.	你的生活条件比大多数人差
868	于是,深圳就有了一小袋狗食标价一百七十元港币的行情	深圳一大袋狗食标价三百元港币
869	美国法律讲究程序性 利弊权衡是把双刃剑	美国法律程序性很强
870	艺-艺术也得自由贩卖儿一点儿.	相当多的人想着艺术得是白给的。
871	你比如说你不能指望查老师有一段是纽约客水平,另外一段知音水平,这是不可能的	查老师的水平是恒定的
872	之前在中国居住期间,未曾受过刑事处分.	被描述人现在不在中国
873	啊,他们装了空调,不常开.	他们打算明年买个空调
874	上海的弄堂是藏不住大苦衷的	小李生活在上海的弄堂
875	完善重大科技项目组织管理	将投入巨额经费资金
876	所长薛频认为,这是高能最可宝贵的资本	所长对高能目前的情况有看法
877	广西电子商场里的新鲜事22名大学毕业生站柜台非同凡响	大学毕业生中有一半是男的
878	在我们的概念当中,我们的政府和权力中心掌握着很多的资源	说话者从美国来
879	太阳有些潮到,照在打错地板上,蜡也像要化似的	现在是午夜
880	什么叫喝洗脚水,闹了半天是喝犀角水,他们认为这东西能够	喝了犀角水可以美容养颜
881	新华社记者朱克川	朱克川在新华社工作了很久
882	到八月份以后,去上学啊.	八月份放暑假
883	谁就说,你也不说话	你有自闭症
884	政府干的,都应是人民盼的	人民希望政府可以加快推进民生工程
885	对门印度女人就说过,看他们家那土样,一家子农村人	他们家旁边有邻居住
886	真的战斗啊,没讲两句,在视频看到真的名不虚传,讲两句就打要揍	有冲突发生了
887	你大哥他们不回去就对了.	我有不少于一个大哥
888	但迄今双方各持己见,没有获得任何成果	双方对这个问题的争议很大
889	实施积极的财政政策	2021年国家将实行积极的财政政策
890	那个乌龟很有意思,乌龟比王八有意思	相比于王八,主人更喜欢那个乌龟
891	再有就是我们的大部分电视台都吃不饱,时间都是空着,你就反复的播广告总会有一点收益	一些电视台资金有限
892	这也是上海的小姐同其他小姐的不同之处,她们是主动权在握,相信人的力量	上海小姐主动权在握。
893	它累了:跑了整整一天一夜	它跑得非常慢
894	完善汽车消费政策,加快发展二手车市场和汽车租赁市场,引导和促进汽车合理消费	汽车消费税率提高使得民众不满
895	她也只学了一个多小时,便能熟练地操作小麻雀了	她未经学习即可熟练操作小麻雀。
896	倘若说王琦瑶也有过婚姻的话	王琦瑶和李少爷有些暧昧
897	她是下班后从杨树浦过来,调了几部车,头发蓬乱着,鞋面上全是灰,声音嘶哑	她现在有些疲倦了
898	当然,积压最多的还是些外省市的报纸	这里的报纸时常发生积压。
899	蒋丽莉找定了王琦瑶做她的知心,王琦瑶是逃不脱的	蒋丽莉比较霸道
900	他的一举手,一投足都是牵一发动千钧	他有影响力
901	继续有领导、有秩序地发展短期资金市场,组织好资金拆借和其他多种形式的资金融通,为生产和流通服务	不支持以资金拆借的方式进行资金融通。
902	加强政法队伍建设,发挥公安机关和武警部队在维护社会稳定中的重要作用	公安部门政法建设混乱
903	所以,我对这人特别关注,关注这几年我就发现说,他整个伴随着我的这个职业生涯成长,我成长起来了	这个人的身残志坚给了我莫大的鼓舞
904	啊,得要你亲自去体验一下.	你还没有去亲自体验过
905	倘若不是住在这里,或许还能看出这城市的旧来,山墙上的爬墙虎一层复一层,是葱茏的光阴植物	这座城市是三线城市
906	曾经不可思议的变得司空见惯了:时装模特在电视里一展风采	现在和过去一如既往
907	她说:你那同学,在我们家住过一阵的,在做女寓公了呢	只有“我”的发小住过“我”家
908	嘿,而且长荣航空也还不-,还好住.	长荣航空好住。
909	我们住在县委招待所,清晨起床,被褥总是蒙着一层黄尘	这时候处在风沙较大的地带
910	加强廉政建设和反腐败斗争	廉政建设仍然不足。
911	他想,这城市已是另一座了,路名都是新路名	这座城市的路名发生了变化
912	现在的问题是什么,我今天在香港电视新闻上看到说是越南华裔,这个医生	我今天一直在看书
913	买点菜,刷刷碗什么的.	此时的菜作为商品是可以在市场上自由流通的
914	如今似乎到了动它们的时候,夜深人静,王琦瑶从五斗橱的抽屉里取出它来,放在桌上	它之前放在五斗橱的抽屉里
915	在当今世界,唯有善于学习的民族,自强不息的民族,才是充满活力的民族,大有希望的民族	自强不息会消灭希望
916	康明逊从王琦瑶处出来,在静夜的马路上骑着自行车,平白地得了王琦瑶的爱,是负了债似的,心头重得很	康明逊是有妇之夫。
917	王琦瑶等程先生来,等了几日,却等来蒋丽莉	王琦瑶和蒋丽莉是朋友
918	它穿透了这城市最隐秘的内心,从此再也无藏无躲,无遮无蔽	这城市的每个角落都对所有人一视同仁地公开开放
919	我觉得她还是想趁乱,制造一下混乱	现场风平浪静
920	压缩和控制固定资产投资规模,关键是清理在建项目	现在有尚未完成的项目
921	对,捏,事先实现虽然有警告,但是我们到时候都爽了	警告在当下才出现
922	门也是可有可无,显得都有些无聊	这里没有门
923	对对,我跟你说白羊我就是刚才讲,白羊座我的感觉就是优越感极强	我总是有很强的优越感
924	我国政府将继续执行独立自主的和平外交政策,并把加强同各国的经济、科技合作放到更加重要的地位	我国政府曾经非常不重视同各国的经济、科技合作
925	但是,贵州家用电器厂的优质服务是建立在过硬的产品质量基础上的	贵州家用电器厂全国闻名。
926	新华社记者王生良	王生良是新华社新闻部门的领导
927	尤其在她们那个年龄,有些虚实不分,真伪不辨	说话者和她们同龄
928	因为我这次去是什么呢	这次不是我去的是我爸爸去的。
929	有时候连个药号都没有,是个食品号	药号的字符数目比食品号多。
930	是权力使然,也是人生苦短	指的是受害人临死前仍无处伸冤的悲惨故事。
931	大部分属于后者的这种	大部分人选择前者
932	是有可能买通了狱卒或者某一种指示下自杀或者他杀的	当事人生前曾在监狱中。
933	小林绞尽脑汁想人,把京城里的同学想遍,没想出与这个单位有关系的人	小林只想到了一个京城的同学。
934	这个事我为什么敢冒这个题,我觉得这题我能聊一天,因为为什么,我那天	这个题有一定风险
935	鸭子卖到第九天,这天小林正在车后卖鸭子,又碰到一个熟人	小林已经碰到6个熟人了
936	产值在当前仍然是考核地方经济状况的主要指标,有时就要往下硬压	经济考核指标很多
937	任何社会动荡和混乱都不利于建设和改革的进行,严重损害全国各族人民的根本利益,是违背广大群众的心愿的	全国不止一个民族
938	广州火车站买票记	小张在广州火车站
939	实施16个国家重大科技专项	国家重大科技专项只有15个
940	从根本上说,市场活力和社会创造力源于亿万人民积极性的发挥	市场活力和社会创造力源于政府积极性的发挥。
941	日本富士综合研究所调查部长高木胜说,可以肯定美元坚挺仅是暂时的	美元正处于坚挺的状态。
942	她照例是不会对学习有什么兴趣的,政治上自然也没什么要求	她对学习没兴趣
943	我们面临的任务艰巨而繁重,我们肩负的责任重大而光荣	我们需要潜入敌人内部
944	路名是改过来了,路上走着的就更这人不是那人了	路已经废弃了
945	第二天是个阴雨的天气,潮湿而温暖	第二天下了雨。
946	帮着你一起做梦,人事皆非了,梦还做不醒	这件事情过去了很久
947	全国人大审查、批准计划	计划至少要经过两个步骤
948	多极化是对两极格局的否定	多极化是两极格局的另一种形态。
949	李炽明这位说我现在还出诊呢,但是这些名头都是他们导演后来给我按上的,我不知道,我也是悬壶济世什么的	我自认为是一位庸医。
950	那我给他提个意见,什么顶配、高配抽象一点,形象化,头一级叫凤凰配、鸳鸯配、山鸡配,然后野兔配,耗子配	我以为原先的太不接地气
951	经过这次特别首脑会议的讨论,各成员国看来在一些重要的问题上达成了共识或妥协	这些问题在其他会议上也提出过
952	加强国家安全能力建设	国家安全能力水平不会很低。
953	那里的人生是凡夫俗子无法设想的,是前边大马路的喧哗与繁荣不可比拟的	那里的人生会很艰苦
954	第二天,程先生下了班后,没有到王琦瑶处,他去找蒋丽莉了	第二天陈先生不上班
955	我的朋友圈,我周围可是已经有两个作家,已经是无胆英雄了,你有可能是第三个吗	我的朋友圈只有三位作家。
956	你看这是香港中文大学她的学位证明,这个是奥地利的那一间大学	她在香港中文大学待过一段时间
957	小丰,,小丰不会比她高吧,小丰.	小丰明年10月份出生
958	虽还是那些老话,可因这晚的气氛,是有些推心置腹的	这晚说的都是新的话
959	由于实行了紧缩金融的方针,信贷规模得到控制	社会总需求增长了
960	我们将以最大的诚意、尽最大的努力,实现祖国的和平统一	台湾也赞成我们的做法
961	王琦瑶做人做得从容多了,这从容是有成功打底的	王琦瑶的父母给了她成功的条件
962	又看他可怜,就换了口气道:世上东西,大多是越想越不得,不想倒得了	人们对世界上的一些东西会怀揣着想要得到的欲望
963	台湾经济部官员解释这些举措时说,是为了防止将来台湾经济受制于中共	台湾官员看不到中共力量的强大
964	二是调结构、上水平	调结构和上水平有先后之分
965	结果轰轰烈烈的声援变成了一场既不像声援,又不像旅游的闹剧了	有上千人参与了这场声援
966	刚下井时还觉得凉风透脊,此刻已大汗淋漓	井下发生了事故
967	这么答题您也是白卷啊	这些题目很难。
968	她笑着说:你没办法做,也没办法说吗	她现在很生气。
969	开创高水平对外开放新局面	对外开放是被逼无奈
970	哎人家这个是录音的,你说话稍微的.	你说话时不太注意你的语调
971	提高中西部地区校舍维修标准,国家财政安排32.5亿元帮助解决北方农村中小学取暖问题	调查显示,甘肃和青海校舍问题更加严重
972	苏联已开始单方面地从东欧撤军,至今已撤走约3.8万人	还有五万军队未撤离东欧
973	万一我睁开眼睛那个医生跟我说的是,大的像西瓜不是草莓那怎么办	我体内长了肿瘤。
974	学校又不准,最后他留不住.	学校里十分自由,允许他留下但是他还是走了
975	在推进国有企业改革的同时,大力发展多种形式的城乡集体经济,不断巩固公有制的主体地位	农民在城乡集体经济中获得了丰厚收益。
976	踩她脚的要是外地人,就更了不得	她在拥挤的公交车上被人踩到脚了。
977	女学生们就是这样,就像不相信自己的眼睛,非要旁人说了才算数的	自己看到,再加上被人佐证,女学生才能完全相信。
978	邢阳的妈妈,一位普通的女工抹着眼泪悄悄地对坐在身旁的老师说	邢阳妈妈和老师在一起
979	她匆匆地去,匆匆地回,要事在身的样子	她正在忙碌。
980	另也以经济手段制裁,如加强查税等	经济手段不止加强查税一种
981	所以这几年一到春节回乡笔记我就看不惯,好像说你只能俯瞰农村人,其实人家也在俯视你	这几年经常有春节回乡笔记的写作
982	大力发展优质、高产、高效、生态、安全农业,提高农产品质量和竞争力	需要大量的资金和资源的投入
983	黑龙江省有136家骨干企业最近分别同各级政府确立了国家保外部条件,企业保完成计划的双保责任	黑龙江的骨干企业数量超过一千。
984	改革完善公平竞争审查和公正监管制度,加快清理妨碍统一市场和公平竞争的各种规定和做法	对于统一市场和公平竞争的各种规定和做法坐视不管
985	对符合条件的第二套普通自住房购买者,比照执行首次贷款购买普通自住房的优惠政策	购买普通自住住房的人一般会采取贷款
986	深度贫困地区脱贫攻坚困难较多	深度贫困地区有29个
987	萨沙在她身边,被她搂着肩膀,就像她的儿子	萨沙是她的儿子
988	要健全民主制度,丰富民主形式,拓宽民主渠道,依法实行民主选举、民主决策、民主管理、民主监督	要在2021年前完成健全民主制度的目标。
989	跟心理病人是能这么聊天的吗	心理病人愿意聊天
990	推进煤炭清洁化利用	煤炭利用已达完美
991	对,这次电话等于这样子.	打了电话
992	——全面夺取抗击特大自然灾害的重大胜利	近年来从未发生过特大自然灾害
993	(二)现在在农业问题上应当特别强调实干	人大代表在两会上提出了农业问题上强调实干的要求。
994	停了一会儿,程先生问道:王琦瑶,你不会一直住在蒋丽莉家吧	程先生对于王琦瑶住在蒋丽莉家里有些生气
995	正是他们奉献精神的巨大力量源泉	他们的奉献精神受其他事情的激发和鼓舞
996	没什么招,我觉得这个有时候是性格问题	他性格内向。
997	就你能暴露出他另一面	说话者刚认识他
998	是不是一辈子对她心理的影响	她是一个心理完全健康的人
999	哎,可以,可以,可以.	我思考了很久,都没有想出解决办法,现在被人一语惊醒,不禁连声称赞。
1000	当孩子求助无门时 可能会形成奴性	我们不应该拒绝孩子们的要求。
1001	人民群众是我们党的力量的泉源	党需要力量
1002	可以,雪蓝早上不在不在家吃.	家里早上会煮饭。
1003	这次,我们再访东坝头一带,茫茫黄沙已经不见踪影,眼底尽是一望无际的麦海	我们不是第一次到访东坝头一带。
1004	4月26日上午,新疆汽车改装厂停车场上,一字排开15辆崭新的金杯牌天蓝色卡车,在阳光下熠熠生辉	4月26日上午新疆天气很晴朗
1005	正在安徽视察的李鹏总理,心情焦虑	李鹏总理高兴地笑出了声
1006	保护非公有制企业的合法权益,改进服务和监管,支持和鼓励有条件的企业做强做大	非公有制企业一切行为都是自由的。
1007	所以我就请你这个专家来聊聊了	我无法联系到任何专家
1008	扶持中医药和民族医药事业发展	通过扶持,西医势力与日俱增
1009	篮子嘛,一块钱,一块钱啊.	今天篮子打特价卖一块钱。
1010	比如说为什么一个经济学家一出场还要配乐,我主持过很多这样的	我第一次见经济学家出场放音乐
1011	嗯,没什么好事,我今天就滚蛋啊.	我对这里的事很满意。
1012	不要拿他的成绩就是了.	他的成绩已经被他自己拿走了
1013	区以下就比较差些,只会让孩子排队拉圈在街头走	有能力的家长不会让孩子去区以下的学校就读
1014	连母亲都是个陌生人,更何况是姨母	我妈妈只有哥哥
1015	有一种就是说推人即己,觉得人人自危	大家之间的关系非常融洽
1016	但是脑袋没了,连个全尸,无主游魂	死无全尸
1017	我有这么认真吗,一点都不色情	即便我这样说,我对这件事已经表现得很认真
1018	总而言之,欧洲经济区的谈判前途并不平坦,但经济区的建立从长远看符合两大经济集团的利益	欧洲经济区建设面临的苦难是利益分配问题
1019	同时坚持按国际惯例打篮球,造就了一大批懂经营管理、有开拓精神的企业家	有开拓精神的企业家能够获得成功
1020	严师母说她女儿还小得很,他就说情愿等,等白了头也不悔的	他的年纪比严师母的女儿大很多。
1021	深化集体产权、集体林权、国有林区林场、农垦、供销社等改革	现有的对集体产权等领域的改革已经不能满足当今社会的要求。
1022	可麻雀却是媚俗的,飞也飞不高的	麻雀会飞。
1023	所有的宏观经济管理部门和监督部门,都要切实负起责任来,加强对消费需求的控制和监督	宏观经济管理部门和监督部门负责消费需求的控制和监督
1024	有坏人进去,也不是普京的个儿,我告诉你,你要冲过去你试试	有坏人,危险
1025	这些摩登人物的锐利目光,扫过这城市的每一个角落,这城市缺什么都躲不过他们的眼睛	拥有锐利目光的是摩登人物
1026	焦裕禄说:我是你的儿子	焦裕禄一言不发
1027	薇薇的嫁妆与她有何相干呢	薇薇早已决定不婚,过一辈子单身生活。
1028	唉,你再多保重啊,哎.	这是我们的最后一面
1029	今天,在大桥上,我拍了五张照片留念,我看到那些照片我心里非常高兴	今天在桥上时我的心情一直不错
1030	增强各类所有制经济活力	公有制经济活力衰退
1031	是,它这个我跟你说,我这次去我非常有这么一个感觉,俄罗斯自己是一个世界	我对俄罗斯的感觉和对自己国家的感觉不一样
1032	这城市的心啊,已经歪曲得不成样了,眉眼也斜了,看什么,不像什么	这个城市现在的风气不太好
1033	我们以前以为可以有种族融合什么大熔炉,根本没有、没有	只有一个种族
1034	他也不是,不是天天喝酒的.	他每次都喝白酒。
1035	有了电视机,他们的晚年便很完美了	他们喜欢看电视
1036	这打了一个问号,这是这次会上的一个提法	开了会
1037	客商意味着你不仅是腰缠万贯的大款,还是尊贵高尚的宾客	客商会受到人的尊敬
1038	我想看看到底是什么样子	我还不知道具体是什么样子
1039	再有就是我们的大部分电视台都吃不饱,时间都是空着,你就反复的播广告总会有一点收益	一些电视台能吃饱
1040	小牧说的还没有偏向黄磊,但是曹老师我发现她永远目光独具,这家伙刑侦你有一手,你的看法值得给大家说一下	曹老师是一位男性
1041	美军发现有不明飞行物朝利雅得飞来	美军拥有侦查飞行物能力
1042	邓小平同志说过:干革命、搞建设,都要有一批勇于思考、勇于探索、勇于创新的闯将	邓小平同志在深圳巡视的时候说过。
1043	中苏关系正常化是大家关心的重大问题	苏联和其他国家的关系也不好
1044	加快建设现代化武装警察力量	武装警察力量建设已发展到顶峰
1045	坚持通过市场竞争实现优胜劣汰,鼓励企业兼并重组	企业的兼并重组损害了债权人和基层员工的利益
1046	戴手套那一幕,今天你一讲历历在目	戴手套的一幕是一出戏剧的经典片段
1047	分明是不由己的事情,到头还是苦自己	因为分数不够只能选择自己不喜欢的专业,读起来非常辛苦
1048	它们是多么傲慢,可也不是不近人情,否则它们怎么会再是路远迢迢,也要泣血而回	它们就是不近人情
1049	他真是能委屈自己,像他这样无私的人,天下难找	我想做到他的无私。
1050	此间记者们相互打电话,是不是又一次狼来了	狼来了是第一次发生。
1051	在内政难以获成果的情况下,外交方面的得分对海部巩固自己的地位将大有益处	内政一直都没有取得成果
1052	此间人士认为,近几年来,日美关系既是战略盟友,又是经济对手	近几年美国日本想要互相进行制裁
1053	就是说他作为一个当时还应该是外籍华人,来说香港不能乱,要珍惜这个祖国等等	他发表反动言论
1054	呃,周末的时候我就回家.	周三我没空回家
1055	过去十年,建设有中国特色的社会主义的伟大事业取得了巨大的成就,中国的面貌发生了举世瞩目的深刻变化	中国建国至少过去了十年
1056	打扮不时髦,却很干净	她是个爱干净的人
1057	在安全保卫人员的严厉盘问下,这位急于离京出走的男子终于低下了头:我叫沈太福……	这位男子被安全保卫人员盘问了。
1058	充分发挥传统医药的优势	传统医药指的是中国的中医。
1059	但是据说这也是为了节省航空资源	实施它的目的至少有两个。
1060	不过他事儿也比较多了.	他事儿最多
1061	大部分属于后者的这种	存在不做选择的人
1062	我家里有地毯,根本不穿拖鞋的了.	我在家不穿拖鞋,穿运动鞋
1063	欢乐时两人很有激情	两人在任何情况下都缺少激情
1064	黄华和周雷分获女单冠亚军,唐九红和王莲香并列第三名	参赛者一共有四人
1065	但是你,但是你申请不到这玩意儿.	很多人想申请这玩意儿
1066	我本来以为你最近没事儿话.	“我”最近在请“你”帮忙。
1067	国有企业改革进一步深化	国有企业已经停止改革了
1068	北京亚运精神,还是放眼世界,博采众长的精神	亚运会有亚运会精神
1069	李主任并不问王琦瑶爱吃什么,可点的菜全是王琦瑶的喜爱,是精通女人口味的	李主任和王琦瑶一起吃饭
1070	吃,喝,拉和睡,都在床上.	这个人的床已经很脏了
1071	扩大城市公立医院综合改革试点	改革是直接将全国所有医院全体同时整改的
1072	对外开放进一步扩大	对外开放停滞不前
1073	一个柴门草编的这些东西,包括日本的茶道你看这个茶室,它认为简陋就是一种美	日本美学重视享受奢侈生活
1074	国有大中型企业是国民经济的支柱,国有企业改革是经济体制改革的重点和难点	国有小型企业不存在。
1075	其实刚才您说的这个社会问题,我觉得特别的贴切	您刚才说的这个社会问题有一天会得到改善。
1076	人一般是出了国才爱国,特别爱国,特别爱	出国10年才能特别特别爱国
1077	倒不愿意了,用人用太多.	这件事无人参与。
1078	哎,是的,小鹿长大多了.	小鹿长得更小了。
1079	段长陈瑞祥患有心脏病和关节炎,衣袋里装着各种药片,而他却坚持连续施工5个月,每天都超过10个小时以上	陈瑞祥从四月开始施工,一直到九月结束
1080	你们31分钟,我们21分钟的时候阿森纳要给温格过生日,就是温格的执教阿森纳21年	我们和你们都会给温格过生日
1081	我们皇上吃丹药死的多了,为什么	我们从古至今只有一个皇上
1082	它就不能万岁了,把青春万岁您能说成小鲜肉万岁吗	老师喜欢青春万岁这个主题
1083	本来我对白没什么兴趣.	我对白一见钟情。
1084	努力保持对外贸易适度增长	对外贸易不能飞速增长
1085	过去的一年,我们坚持独立自主的和平外交政策,把握机遇,应对挑战,主动进取,对外工作成绩显著	我们对内成绩也很显著
1086	金泳三为了争当下届总统,逐步改变强硬派的形象,在一些内外政策方面采取了与卢泰愚合作的姿态	金泳三拥有一些权力
1087	我们还说要把贝贝送回中国呢.	贝贝现在还在国外
1088	这的确是对每个国家的政府和人民所提出的一个十分尖锐的问题	这个问题很温和
1089	进一步整顿和规范土地市场秩序,全面清理各类开发区,制止乱征滥占耕地	规范秩序导致房地产业活力降低
1090	坚持四项基本原则,同坚持改革开放是一致的	四项基本原则与国家发展无关
1091	2008年工作回顾	2008年结束了
1092	许老师,你说你去过那一带	老师群体中有人说了话。
1093	可也不能多,多了就要失足了	有了这个东西让人心满意足
1094	许多家庭都爱养金鱼,却经常为换水喂食而费神,主人若稍有疏忽,鱼儿就会因水中缺氧而窒息	金鱼生存对水的质量有要求
1095	厕所内屋但是没有阳光.	厕所是全透明的
1096	一是黑,万色之总	只有黑色一种颜色
1097	但是据说这也是为了节省航空资源	自去年起,国内航班减少了十分之一。
1098	由于实行了紧缩金融的方针,信贷规模得到控制	一些企业资金运转不佳,陷入危机
1099	国防事业取得新的成就	国防事业今年取得了新成就。
1100	水道则是无望里的出路,宿命里的一个眼前道理,是平易近人	他根本不信宿命。
1101	因为制造炸药犯罪人无论他怎么异常,他都有责任能力	有一些犯罪人是没有责任能力的。
1102	王琦瑶坐在暗处,因没人注意,感到很自在	王琦瑶坐在很显眼的地方,一下子就被人注意到了
1103	四川上百家的老企业采用计算机数显、数控技术后,旧貌换新颜,提高工效百分之十至百分之三十	四川老企业采用计算机数显、数控技术后,产值跃升至行业前百分之二十。
1104	在复杂多变的国际形势下,我国坚定不移地奉行独立自主的和平外交政策,外交工作取得新的成就	美国坚定不移地奉行独立自主的和平外交政策,使得外交工作取得新的成就
1105	没什么事儿,我还接着练仙功.	我会做仙功的动作
1106	对,从早晨六点半到晚上八点.	一共是十三小时三十分钟
1107	平安里的祈祷,也是没日没夜,长明灯一般,熬的不是油,是心思,一寸一寸的	祈祷需要虔诚的心思,需要耗费大量时间
1108	有一阵子发呆,坐在那里,什么也不想	数学课发呆会听不懂知识点
1109	强化企业技术创新主体地位,将提高研发费用加计扣除比例政策扩大至所有企业	这家企业去年三月份的时候就已经在提倡加快创新
1110	她说是家里有事,便回来了	她之前不在家
1111	此外,在野党各有打算,难以真正联合	在野党很容易就可以联合。
1112	是平安里最后亮的一扇窗	最后亮的一扇窗是小明家的
1113	加强了应对国外反倾销调查和解决贸易争端的工作	别的国家带着有色眼镜进行反倾销调查
1114	领导人跑来,你们要先排几个小时,然后最多让你坐在第一排,这叫自己人	第一排的位置很不错
1115	各级政府都要从严治政,赏罚分明	中国政府提出从严治政、赏罚分明的方针
1116	但和王琦瑶做朋友以后,她的心却变细了	说话人讨厌王琦瑶
1117	埃及、叙利亚和海湾国家的一些大学都已表示向科威特大学提供财政和教学方面的援助	埃及,叙利亚,和海湾国家的一些大学答应给科威特大学提供师资援助。
1118	年轻的时候激进的,老年会转成保守	年轻的时候保守的,老年会转成激进
1119	结果反正我们就回请人家一下啦.	这个人帮过我们忙
1120	大力发展优质、高产、高效、生态、安全农业,提高农产品质量和竞争力	农业的水平可以继续提高
1121	想到这,王琦瑶不觉感到忧虑	王琦瑶感到十分开心
1122	抓紧研究出台鼓励消费的政策措施,积极发展消费信贷	国家只管扩大居民消费,不管居民收入
1123	最后不还是靠我自己解决	这问题很难
1124	他说他其实早就明白这个道理,并且想好就做个知己知彼的朋友,也不枉为一世人生	他是个知己知彼的朋友
1125	今年再解决6000万农村人口的饮水安全问题,经过今明两年努力,要让所有农村居民都能喝上干净的水	今年,所有农村居民都能喝干净的饮用水了
1126	同时还应该看到,我们既面临着严峻的考验,也存在着巨大的希望和机遇	我们需要不畏艰险、艰苦奋斗才能看见希望。
1127	所以,最后他的导师劝他,你还是搞理论物理比较好,要不变成恐怖分子	他没有导师
1128	其间那一股挣扎与不屈,则有着无法消除的痛楚	主人公用自己的力量与之抗争。
1129	这一消息既没有被美国和多国部队所证实,但亦没有否认	这个消息跟军事相关
1130	《法律援助条例》的实施,为困难群众解决打官司难提供帮助	《法律援助条例》的实施,可以提供帮助
1131	因为是,连连那个周洗衣店的周先生.	周先生是漂泊海外、以开洗衣店为生的华人
1132	有当红明星恨不得一年拍一百部戏,档期太紧,剧组竟然制作面具,然后除了近景,全用替身	即使明星大量是用替身拍戏也依然会有很多粉丝表示谅解。
1133	随行人员说,小平同志身体好,昨晚在车上休息得不错,既然他兴致高,就安排活动吧	小平同志年轻的时候天天跑十公里
1134	所有的宏观经济管理部门和监督部门,都要切实负起责任来,加强对消费需求的控制和监督	消费需求的控制和监督急需加强
1135	有人感叹,难道真的是因为又一批官员被提拔了,又一批人民的女儿长大了吗	官员做的大事小事都要听人民的
1136	老婆睡觉有这点好处,平时嘴唠叨,一上床就不唠叨了,三分钟就能入睡,响起轻微的鼾声,比孩子入睡还快	老婆平时唠叨
1137	小林觉得老婆说得也有道理	小林采用了老婆的说法
1138	议论者,不同见解的交流和传播是也	只有一个观点很看法不是议论
1139	新型城镇化扎实推进,近1400万农业转移人口在城镇落户	城镇更拥挤了
1140	今年中央财政科技投入1461亿元,增长25.6%	今年中央财政对科技的资金投入是前年的两倍
1141	改革调整政府机构设置和职能配置	改革会影响政府未来的具体工作计划与工作内容
1142	还还没有,没有回来呢.	两天以后才会回来
1143	双方都很恋战,不急于决出胜负,只顾领略乐趣,就像一场表演赛	周围有人在看他们作战
1144	她们上到餐厅,找到自己的座位,在足有二十人的长桌旁边	这个餐厅是一个高级豪华餐厅
1145	气候好,房价,地方比较小.	这地方很宽敞。
1146	发挥什么样的作用	作用可能是正面的
1147	其他人员也要接受考核,考核成绩与职称和经济收入挂钩	考核成绩与职称和经济收入挂钩不公平。
1148	这是一件利国利民的好事,希望全国人民踊跃购买国债,支持国家建设	国家建设需要很多资金。
1149	日本自民党干事长小泽一郎今天应苏联总统戈尔巴乔夫的邀请前往莫斯科作为期4天的访问	访问城市是圣彼得堡
1150	所以,我就说真的是体会到闻过则喜,又有人提意见了,要是个好意见,我们的事业就进步	会有越来越多的人提意见
1151	在安全保卫人员的严厉盘问下,这位急于离京出走的男子终于低下了头:我叫沈太福……	这位男子的母亲姓沈。
1152	所以,人也是这样,有的眼神能看到,我觉得这个男孩儿的眼神是有一点点问题的	人与任何一种事物都有差别
1153	我要从你那儿弄张支票回来.	你具备弄来支票的客观条件。
1154	我们待客不仅热情,而且宽容	我们从来都不待客
1155	她们到哪里都有满腹的知心话似的,叽叽喳喳说个没完,好像喜鹊闹窝	她们一见面说不了几句话就开始吵架
1156	您这个观点我接着推理,就是是不是隐含着一个背景,就是您觉着父母婚姻破裂的孩子,几乎必定心理成长不健康	父母婚姻破裂,孩子心理成长容易不健康。
1157	张文列作为原英德县公安局局长,可以说是个有权有势的人物,当他在位的时候可以说金钱物质滚滚而来	他在位时英德县
1158	千方百计增加就业是政府的重要职责	政府应该了解目前的就业状况
1159	送走送亲人,宋村长邀记者一块儿找新娘讨教棉花经	村长姓王。
1160	以海陆重点口岸为支点,形成与沿海连接的西南中南、东北、西北等经济支撑带	国家重视西南中南、东北、西北发展
1161	这些衣服,都是要与她共赴前程的,是她孤独中的伴侣	这些衣服是她妈妈亲手缝制的
1162	他说他其实早就明白这个道理,并且想好就做个知己知彼的朋友,也不枉为一世人生	他一直不明白这个道理
1163	行行行,他们他们算是早就安定下来了.	“我”和他们是发小
1164	比如说我讲一个很简单的例子	他不会举例子。
1165	已经没有好问的了,我觉得.	我已经把我所知道的都说出来了。
1166	健全社会稳定预警机制,积极预防和妥善处置各类群体性事件	没有社会稳定预警机制
1167	这第三次心情激动,就在今年	今年没有激动的事情
1168	对,变化就是我们的钱越来越少了	我们的资产变少了
1169	她也开始化妆,修眉毛的钳子、眉笔、粉扑都还在,一件件找出来摆开	她之前对化妆有一定了解
1170	倒不愿意了,用人用太多.	用的都是男性。
1171	但是我刚才就说,就是一篇文章也是不稳定的,有的地方水平是挺高的,有的地方感觉说还是比较粗糙的感觉	这一篇文章有不足之处。
1172	说他这个人身体不好,他上一次来中国的时候,说在一个访问当中就直接晕过去了	这个人是一个经常访问中国的著名学者
1173	我找到李海生厂长,请他谈谈自己的想法:	李海生刚当上厂长不久
1174	还有个反革命犯,是特务机关任命了的,判十年,不认罪,强词夺理,动不动还发脾气,在犯人中很孤立	反革命犯从小是个聋哑人
1175	那个中学什么时候开-.	有人知道那个中学什么时候开
1176	复选的名单是登在报上的,尽管胜负未决,但也已是光辉的殊荣,人人瞻目	能进入复选是很值得称颂的一件事。
1177	为了确保质量,他每天都要在陡峭的施工现场爬上爬下,不停地量了又量,算了又算	“他”在本科时读的是理工科专业
1178	河北、河南、山东这个中原地带现在是中国新文化发源地	河北诞生过中国新文化
1179	抱着不无做作的矜持态度,内心却一无二致地渴望交往	他内心十分渴望与三小姐交往
1180	赌注我再说一遍,如果特朗普遭到弹劾,谁裸奔	特朗普遭到弹劾对赌注没有影响。
1181	邬桥用的柴,也是一根根斯细研碎,晒干晒透,一根根烧净	柴可以用来建桥
1182	难怪不看我朋友圈	有人的手机丢了,还没买新的
1183	两人点了菜,说了会地闲话,萨沙忽然冒出一句:做这种手术痛不痛	萨沙是聋哑人
1184	有时候,有时候也看看电影啊.	会和好朋友一起看电影
1185	美国要缉毒,这无可非议,但必须遵守国际法和国际关系准则,尊重别国领土完整与主权	美国有吸毒现象
1186	我想给他十块钱他肯定不要.	他已经拒绝了我的十块钱
1187	特别跟我推荐了一个让他特别激动的一个话题,有一个美丽的	他没有听说过这个话题
1188	鼓励金融机构发展出口信贷	发展出口信贷有利于帮助金融机构提高业务水平
1189	程先生笑了一声:我怎么会不高兴	程先生假装高兴
1190	其实外国人可能媒体有点贬损我们,但是我自己一看我总有发现一种亲切感,我觉得很可乐	外国人从来不报道中国的事情
1191	她匆匆地去,匆匆地回,要事在身的样子	她圆满完成了任务。
1192	对,她有个节目叫火线双娇	我对她一点也不了解
1193	他也不是,不是天天喝酒的.	他喝过不止一次酒。
1194	有效发挥地方政府债券作用	地方政府有100多个
1195	目前,特区不少国有企业经济效益不佳	特区的国有企业受到了至少一个人的关注
1196	同时坚持按国际惯例打篮球,造就了一大批懂经营管理、有开拓精神的企业家	已经没有人喜欢打篮球了
1197	桥一顶一顶地从船上过去,好像进了一扇一扇的门	有不止一座桥
1198	而言行又是一事物之两面,其间翻来覆去,就闹出许多花样来	言和行是事物的两面
1199	甚至是说可能还有一些司机退出了你这个滴滴,因为你收了这个费了,开始要钱了,对吧	滴滴的收费规则有待明确
1200	杨振宁回归中国国籍,网友一边倒声讨	网友都是中国人
1201	他请王琦瑶进房间,为她泡了茶来,这时他发现王琦瑶处在激动之中,她紧紧握住那杯茶,也不觉着烫手	茶杯不是隔热的。
1202	虽不是头等的荣耀,可位居第三似更可靠,两个有情的则都看见些曙光般的希望	世界上没有曙光这一事物或是概念
1203	用表演艺术家摘出了他自己的,要我说就是诈骗的托	存在艺术家
1204	薇薇总是疯疯傻傻,张牙舞爪的样子,老远能听见她的笑声	薇薇不是个哑巴。
1205	以色列为何向占领区大量移民	移民是自发进入占领区的
1206	总的来看,当前的国内和国际形势对我国的建设和改革都是有利的	全世界只有一个国家
1207	在武昌八铺街,市装卸公司九站司机杨立学驾驶一辆巨型铲土车将泥土填入闸口	杨立学是司机
1208	人们将密切注视,日本今后将以何种形式扩大自己的国际影响,从而达到成为政治大国的目的	日本国力雄厚
1209	有个,有个厚一点儿的毛衣.	另外一件是夏天的T恤。
1210	除此,她也并不觉得需要有个父亲	她很希望有父亲的关心照顾。
1211	市场的商品需要适销对路,厂家的产品需要更新换代,可我们却长久地忽略了专利这个大资源	厂家需要不断推出新的产品。
1212	重视对严重危害人民健康的地方病、职业病和传染病的防治	参加职业劳动只会使人更加健康
1213	鼓励金融机构发展出口信贷	金融机构需要政府的扶持
1214	我这样,我有我有,我准备.	我一点都不想做这个准备。
1215	你需要的话,我可以跟你寄过去的.	有邮寄这一运送方式
1216	越南外长阮基石在会上矢口否认越南目前在柬埔寨有一兵一卒	外长没提到柬埔寨
1217	花篮里的花又白的多红的少,专配银冠似的	这束花已经枯萎了
1218	以往中国人生活辞典里的粗粮和细粮的含义正发生着意味深长的变化	粗粮和细粮在中国人生活词典里是同一种东西
1219	特别是八十年代以来,高新技术及其产业已经成为驱动经济与社会发展的关键力量	八十年代之前,高新技术及其产业已经成为驱动经济的重要力量。
1220	这是在农业生产发展、人民生活水平提高基础上出现的新问题	农业生产发展了
1221	对面盆里的夹竹桃开花,花草的又一季枯荣拉开了帷幕	盆里除了夹竹桃,其他花全都开了
1222	程先生也不去搭电车,臂上搭着秋大衣,信步走着	程先生刚买了一件秋大衣
1223	在济南开往烟台的夜行车上,一位富有齐鲁豪爽率直性格的干部,滔滔不绝地向记者倾谈自己的感受:	干部在念着别人的发言稿
1224	我行走在北京天安门广场,发现身旁的人流正一股股向毛主席纪念堂涌去	毛主席纪念堂今日闭馆
1225	王琦瑶吃着吃着饮泣起来,眼泪滴到碗里	王琦瑶想起了失恋的伤心事
1226	那那个票等我回来再说,不要弄.	那张票的处理需要我的参与。
1227	现在左面有一两架飞机起飞	这些起飞的飞机上载着全世界的人
1228	对呀,家里一个一百五十五啊.	对呀,学校里一个一百五十五。
1229	那也装了吊扇,风扇也装上了.	只装上了风扇
1230	持续推动网络提速降费	设备的品牌对网络速度有影响
1231	各级地方政府管理的价格和收费,要按照国务院的规定,严格控制	国务院出台了各级地方政府管理的价格和收费的规定
1232	需要我们学习秦大河那种勇于开拓、为国争光的精神	秦大河具有榜样模范作用。
1233	行啊,移厕所就移厕所吧.	厕所移动起来很麻烦
1234	我跟你说,这节日,因为我一个是在政协的时候整天讨论,后来我还有一个身份是中央文史研究馆,也整天讨论	我从未去过政协
1235	这次一块带来,我知道,知道.	我只了解部分情况
1236	他说圣彼得堡的人的文化素质比莫斯科高得多,他们的看法	他喜欢圣彼得堡人
1237	2008年工作回顾	2008年进行了工作
1238	当今世界所有实行现代市场经济的国家,其政府无一不对宏观经济实施调控	世界上的国家都是效仿我国的社会主义市场经济体制进行改革
1239	教育的发展和改革,必须坚决依靠和充分发挥广大教师的积极性和创造性,努力培养一支素质优良的教师队伍	我国具备了培养教师队伍的经济水平
1240	这小天地是在世界的边角上,或者缝隙里,互相都被遗忘,倒也是女全	记忆不会清除和模糊
1241	比如说当年余秀华诗人,就是那一句,我要穿过大半个中国去睡你,这一句爆款了	余秀华没有火
1242	就我是老大,我说了算,我来控制	没有人比我的地位更高。
1243	这是表示一起要去死的,但是你说的这种是相杀,现在挺时髦说一词叫“相爱相杀”	你不喜欢用“相爱相杀”这个词
1244	对,他里面邮件里面说了人家告诉他是跟希拉里有关,但他去了一场空	他根本没看过什么邮件
1245	中央财政拟安排补贴资金1230亿元,比上年增加200亿元	今年的补贴资金比去年多
1246	然后再回去,两边跑么大概.	“我”要来回两边跑。
1247	她也只学了一个多小时,便能熟练地操作小麻雀了	她在学习前不会熟练操作小麻雀。
1248	今年首次将就业优先政策置于宏观政策层面,旨在强化各方面重视就业、支持就业的导向	响应政府号召的企业将享受优惠政策
1249	对呀,我怎么知道他戒牒是真的还是假的	他曾经说过想要戒牒,但是最后没有
1250	共产党它不是泛泛的主张慈悲了,但是它比如说	共产党现在主张的是有限度的慈悲
1251	这个事我自己要做决定,这个情绪其实是人的一种本能	我不让别人在这件事上替我做决定。
1252	但父母们则都严肃着,目不斜视,她们就不好太过热络	她们正在和父母待在一起
1253	今年进出口总额预期增长7.5%左右	今年进出口总额预期比去年有所增长
1254	她不相信,又不敢不信,心里有些挣扎	她是刚刚才知道这件事的
1255	改革是今年政府工作的首要任务	改革可有可无
1256	因为文涛刚刚讲到,我跟你一样,我比你大一段年纪,还是以前玩那些打坦克什么	文涛认识我们俩
1257	王琦瑶的心此刻是静止了的,什么声音也没有,风声都息了	正在刮风
1258	她们上到餐厅,找到自己的座位,在足有二十人的长桌旁边	餐厅里的人熙熙攘攘
1259	王琦瑶站在自家大门前,望一厂那汽车一溜烟地驶出弄堂,做梦一般	王琦瑶想拥有一辆汽车。
1260	跟人家合开了一个公司.	我是公司的唯一创办者
1261	两种弄底的脚步声也是两种,前种是清脆响亮的,后种却是吃进去,闷在肚里的	这条路遍布荆棘
1262	她们也不知在哭些什么,有什么可哭的,只是觉得心里有一种无法挽回的难过	她们清楚地知道自己为什么哭泣
1263	深化涉外经济体制改革,落实各类所有制企业的进出口经营自主权	这是20世纪初的举措
1264	一江春水向东流,同处一江景不同	西边是江的下游。
1265	我觉得我好象不适合去华尔街啦.	我是去华尔街逛街。
1266	会谈还涉及中东地区的和平进程以及以色列为破坏和平倡议而施展的各种手段	和平倡议已经被破坏了10年了
1267	办你来实际上只要四千块钱.	办你来不用兑换美元
1268	我可以说我正在经历这种情况	我的经历前无古人
1269	真的有点儿,因为有的时候.	这种感觉一直伴随着我
1270	今天,世界和平出现了更加令人鼓舞的前景	今天有两个国家正式宣布停战了
1271	当然,靠扩大财政赤字搞建设也不是没有风险,问题在于能不能用好这笔钱	财政赤字不能高于5000亿
1272	八天就可以做完,呃才能做完.	必须这八天,才能做完
1273	程先生却是有点增了,半天回不过神来,等渐渐明白,看清了眼前的人,不由的往事回到眼前	程先生与眼前的人曾经是情侣关系。
1274	长脚觉得这夜晚就像一张网,而他就是网里的鱼,怎么游也游不出去的	长脚此时的心情很是低落
1275	程先生恢复了他的摄影间,在那里度过他的节假日	程先生的摄影间一直好好的。
1276	他和单位讲,他说他这里不保险.	他值得单位信赖
1277	鉴于美国和南朝鲜宣布继续举行协作精神联合军事演习,朝鲜北方决定再次暂停北南方的对话	美国和南朝鲜第二次举行联合军事演习。
1278	小平同志思路清晰,记忆力强	小平同志记得五年前到过这片地方,发表过讲话
1279	第四,自觉接受人民监督	没有人民监督
1280	以海陆重点口岸为支点,形成与沿海连接的西南中南、东北、西北等经济支撑带	该国家是一个岛国
1281	但世界并不安宁,一些地区局势动荡,甚至战乱连绵,霸权主义和强权政治依然存在	全体人类都处在和平与安宁的生活环境中
1282	广东今年灾情特别严重的.	广东的灾情造成了人员伤亡
1283	现在学校都成董事长了	董事长不是该学校的领导
1284	国务院向部分国有重点企业派出稽察特派员的试点工作,取得初步成效	国务院向部分国有重点企业派稽查特派员
1285	黑河外运公司司机吕荣吉早4时就赶来排队等候运货	黑河外运公司有货品需要运输
1286	除烟叶外,取消农业特产税,每年可使农民减轻负担48亿元	国家政府十分重视农民。
1287	我将来想办法,跟你们印点地址寄回去.	我正在对人们进行许诺。
1288	中德关系进入新的发展阶段	中国实施闭关锁国政策
1289	任何社会动荡和混乱都不利于建设和改革的进行,严重损害全国各族人民的根本利益,是违背广大群众的心愿的	社会动荡的原因是因为社会问题的暴露
1290	要改革行政执法体制,相对集中行政许可权和行政处罚权,推进综合执法试点,解决多头执法和乱罚款等问题	行政执法体制目前还有很多不足
1291	但是不光是中国,日本,整个东亚文化都有这个特点就是被权力影响很深	美国文化也受到权利影响
1292	坐着无话,蒋丽莉便起身到角落弹钢琴,东一句,西一句,琴声淙淙,毕竟是一点鼓舞,也是一点推动	蒋丽莉在她家里。
1293	虽还是那些老话,可因这晚的气氛,是有些推心置腹的	这晚有很多人聚在一起说话
1294	晚上,王琦瑶一人回到房间,也无事可于	王琦瑶意兴阑珊,无所事事。
1295	咱们这边都三十四,五度啦.	咱们这边的最高温就是三十四、五度。
1296	说可以打电话,十五分钟.	只能和家人打三分钟电话
1297	突然换了机型、机号	新的代替了旧的
1298	个体户戴上星级胸章	星级胸章是国家文物
1299	村老年协会最后评出11床好被褥、20件好衣服,给11个好媳妇、3个好婆婆戴了红花、发了奖	村老年协会给11个好媳妇,3个好婆婆戴了红花,发了奖。
1300	但老张又不是你的亲兄弟,人家是单位的副局长,老找人家也不好	我和老张有交情
1301	今年国家从粮食风险基金中拿出100亿元,直接补贴种粮农民,以调动农民种粮的积极性	农民得到了国家的补贴
1302	澳门特别行政区的筹建工作目前已进入关键性阶段	澳门特别行政区的筹建需要中国和葡萄牙的共同努力
1303	这对一个拥有近5千名职工、单班日产3千多台电视机的大厂意味着什么,恐怕是不言而喻的	这个厂每天只能生产200台电视机
1304	萨沙就又问:那么比拔牙齿呢	萨莎已经问了很多事情了
1305	建设社会主义,必须有一条正确的路线	建设社会主义需要确定适合的方法。
1306	中国社会是这样,领导跟你窦文涛说这个节目,你看着办,什么叫看着办	窦文涛有领导。
1307	然而,当我们拿起理性的放大镜,回顾我们所走过的每一个履痕时,便会在辉煌中看到不足、看到令人震惊之处:	然而,当我们拿起感性的缩小镜,回顾我们所走过的每一个履痕时,便会在辉煌中看到不足、看到令人震惊之处:
1308	下一日,他们还须再商量,就去一个更远的公园	他们商量过不止一次
1309	再说因为我是炒作,我说的话就不值得重视吗	我说的话不靠谱
1310	专家鉴定认为,这项研究居国内外领先水平	专家的鉴定是很准确的
1311	东部地区加快发展,有利于增强国家财力、物力和科技实力,更好地支持中西部地区发展	东部地区是我国发展情况最不容乐观的地区
1312	这不洁索性是一片泥淖倒也好了,而它不是那么脏到底的,而是斑斑点点的污迹,就像黄梅天里的霉	黄梅天有的东西不生霉
1313	事实上,他回避而并没有放弃集团思想,集团概念恰恰是种族隔离制度的基础	他受到了阻力因此只能回避集团问题
1314	各级地方政府管理的价格和收费,要按照国务院的规定,严格控制	地方政府管理的价格和收费受国务院管理
1315	康明逊不知是喜是悲,他足有整整一周没去王琦瑶那里	康明逊之前每天都去王琦瑶那里
1316	她在中间的空地上走了几步,想象着灯光亮起的情景	周围有密集的建筑物
1317	防空警报沉寂下来	日本人的飞机仍然盘旋在城市上空
1318	其他商业银行和政策性银行也要深化改革	这是对政策性银行的第三次改革。
1319	其他商业银行和政策性银行也要深化改革	改革将造成部分裁员。
1320	脚上穿着刷了鞋粉的雪白的球鞋,围巾围着,手里夹了一些书本	我有不止一本书
1321	就是它是一个新城市里边盖的,还是说它以前的老城市就存在的那种房子呢	这个国家允许新盖房子
1322	因为这里边有几个,第一,比如李小牧说,日本歌舞伎町,我们的歌舞伎町都挺好的,北京干嘛要拆三里屯脏街啊	我国歌舞伎町比日本好
1323	这其实是中国前一些年贫困造成的反弹	英国也出现过这样的反弹
1324	为了适应改革开放和发展有计划商品经济的要求,加强和改善宏观经济调控体系十分重要	计划商品经济对宏观经济的调控的要求多余改革开放对宏观经济的调控的要求
1325	我找了一个不累的工作,现在挺好的.	我没有任何收入来源,连饭都吃不起了
1326	寄回去,够我弟交学费了.	弟弟有一个姐姐
1327	我问售票员:今天你这窗口卖出多少张票	我今天一整天都没有和别人说过话(包括现实和网络)
1328	校长校校校校领导那一级的么.	有人聘请我当校长
1329	取消或降低一批铁路、港口收费	原有铁路、港口普遍收费。
1330	走在江边,程先生问王琦瑶孩子怎么样,王琦瑶说很好,又说倘若她要有个三长两短,请他照顾这个孩子	王琦瑶很信任程先生
1331	我们面临的任务艰巨而繁重,我们肩负的责任重大而光荣	任务失败的后果严重
1332	为期两天的中共深圳市委工作会议结束了	工作会议得到了参会人员的一致赞赏。
1333	严格控制对高耗能、高污染和产能过剩行业企业的贷款	所有高耗能、高污染和产能过剩行业企业一下子全都倒闭了
1334	加强律师、公证等法律服务,做好法律援助工作	法律服务包括律师、公证等
1335	嗯,他们都住在鼓城啊.	他们生病时可以去鼓城的医院
1336	哦还要啊,还要啊,他还要.	对方没有给他
1337	呃,有时候也讲一讲,跟讲一讲中文.	只会讲英文。
1338	他爸来不了,本来因为他妈特想来嘛.	他的爸妈最后都不来了
1339	于是也不再干家务,坐在床头犯傻,像老婆有时在单位不顺心回到家坐床边犯傻的样子	刚刚在干家务
1340	就业结构性矛盾较大	政府相关部门正在大力优化就业结构
1341	她们便-一解释给他听,他一下子成了个乖孩子,人们把他以往的淘气都原谅了	他从讲述的内容中获得了成长
1342	没办法,你只-只好这样.	目前想到的解决办法不是最佳选择
1343	有谁比王琦瑶更晓得时间呢	王琦瑶很重视时间
1344	加强同发展中国家团结与合作,维护发展中国家共同利益	只与发达国家团结协作
1345	我国仍处于并将长期处于社会主义初级阶段,仍是世界最大发展中国家	社会主义会经历多个阶段
1346	在毛主席遗体旁,有20多位不同肤色的外国朋友深深地鞠躬,久久不肯离去	外国朋友们很敬佩尊重毛主席
1347	他说:由于已经取得了积极成果,我们决定于1月30日结束戒严	由于取得了积极成功,所以将于1月30日开启戒严
1348	于欢案讨债者本身已违法	于欢案涉及到债权纠纷
1349	那一带没去过,我去过克什米尔	至少去过一次克什米尔
1350	没事,那个眼镜戴戴就松了.	这个眼镜没有镜片
1351	身体触地的一刹那,他终于听见了落幕的声音	落幕的声音早已响起,只是他之前还未听到
1352	必须坚持一切从实际出发,按客观规律办事,既要积极进取,又要量力而行,不盲目攀比	在实践中,很多人往往只注意积极进取,不注意尊重客观规律。
1353	小泥肠主要是让孩子吃的,其他三个菜是让小林、小林老婆和保姆吃的	孩子喜欢吃小泥肠
1354	李科长有一个同学,在某大机关当司长,看,都给我写了信	李科长也给我写了信
1355	刁市长强调,开会就得逗硬,不搞下不为例,不然机关作风没法转变	刁市长刚上任就强调了会议纪律
1356	电话让妈妈记一个,回头到最后.	妈妈不要这电话
1357	李主任松开王琦瑶,让她坐回位子上,说他已派人去租下一套公寓,就给王琦瑶住	王琦瑶很期待住进下一套公寓的新生活。
1358	为了抑制消费需求膨胀和缓解社会分配不公的矛盾,必须逐步改进分配制度	不改革分配制度也无所谓
1359	她这才敢翻身,睁开眼睛,那眼睛闭得都有些累了	她觉得闭着眼睛非常舒服
1360	观音殿的下边,就那个大池子下边,我上次去了,非常牛逼	那个地方感觉平平淡淡
1361	向香港特别行政区同胞、澳门特别行政区同胞、台湾同胞和海外侨胞,表示诚挚感谢	我们对港澳台同胞和海外侨胞很友好
1362	那个女孩我个人觉得,她是属于在比较好的家庭当中长大,就是比较善良,心地也比较好	我非常喜欢这个女孩
1363	尽管是这么南北通风,还是有一股无法散去的葱蒜味	这是一个南北通风的房间。
1364	以海陆重点口岸为支点,形成与沿海连接的西南中南、东北、西北等经济支撑带	经济支撑带有6个
1365	我说我现在麻将什么都忘了.	我之前不玩麻将
1366	昔日副食供应紧张的哈尔滨,如今已建成各种蔬菜、奶、禽、蛋生产基地,实现了基本自给或大部分自给	哈尔滨本市生产的的副食经常出口到国内外
1367	蒋丽莉沉默了一会儿,回头看他还在流泪,嘲笑道:怎么,失恋了	他钱包丢了
1368	但是不光是中国,日本,整个东亚文化都有这个特点就是被权力影响很深	有超过两个东亚国家有这个特点
1369	总是要来回就是相差二,三十万嘞.	有差别
1370	主持人的问话刚一出口,台上台下齐声高喊:应该	只有一位主持人
1371	学生再和他一起到北京.	学生也要去北京
1372	她得八月,她不得二十号左右吧.	她都打算好了,就明天
1373	通过增加居民收入提高消费能力,完善消费政策,培育消费热点	居民收入较低不影响消费水平的提高。
1374	没有,在他那个地方,问题不大,这个.	他那个地方是美国。
1375	特朗普外交思路找痛点,哪痛打哪	特朗普参与外交活动。
1376	今年中央财政科技投入1461亿元,增长25.6%	今年中央财政科技投入下降10%
1377	因为是,连连那个周洗衣店的周先生.	周洗衣店是周先生开的
1378	但是我们都知道性侵是不对的,那个潜规则也是不对的,尤其不能对阿廖沙这样的女生	阿廖沙事件最终真相大白
1379	一下来都搬里面呃或者买行李票.	搬里面费力但是省钱
1380	特别是八十年代以来,高新技术及其产业已经成为驱动经济与社会发展的关键力量	高新技术产业对经济的贡献逐年增长。
1381	清理整顿的重点,是解决一些公司政企不分、官商不分、非法倒卖、牟取暴利的问题	所有的公司都没有任何问题
1382	他说哎我有一个,我西德带来的.	他去过西德,并带了西德的东西回来
1383	花开依旧,人去楼空	人是一群热而不是一个人
1384	你一讲余秋雨,余秋雨出来一二三四五,下面的人就呆掉了嘛,对不对	你讲余秋雨讲得好,逻辑清晰、内容详实。
1385	元旦之前,别的家长都向阿姨们送东西,或多或少,意思意思,惟独小林家没有意思,于是迹象就出现在孩子身上	小林家今年元旦没有给阿姨送东西。
1386	她不是看不见,而是不愿看程先生的推粹为什么,她只想:程先生就算是一块坚冰,她用满肚肠的热,也能溶化它	她还没有拿下程先生
1387	一秒、二秒、三秒……只见悬在高空的孩子挣扎了几下,随着一声惨叫,从40多米的高空重重摔下……	孩子是失足坠落
1388	她不如找几件穿不着的衣服送去旧货行卖了,放着也是喂蟑螂	她目前需要钱
1389	休息场所还是有的就是了.	有可以休息的地方
1390	报告把中国政府为人民做的一些好事,也都说成是坏事,对中国的内部事务指手画脚	报告把中国政府做的所有事都说是坏事
1391	他每日回到离校很近的家里,咀嚼自己的孤独	他回到家很孤独
1392	她勉力起身关了电视,然后关灯上床,灯一灭,月光就跳到了床前	电视和床不在一个房间。
1393	还没有看到什么特别的.	他以前有看到过特别的
1394	他们不太懂,哎,你那边,你别说他.	说话人很欣赏他
1395	幼儿园阿姨背地里不知嘲笑咱多少回,肯定说咱抠门、寒酸	幼儿园阿姨从来没有嘲笑过“我们”
1396	现在还没人要,现在人家说要大房子.	这个房子较小
1397	这夜声是有浮力的,将人托起,使之荡漾,像水似的	夜声是美好的
1398	其一,乱收费,特别是国家机关利用职权乱收费	政府机关也会利用职权乱收费。
1399	是,它这个我跟你说,我这次去我非常有这么一个感觉,俄罗斯自己是一个世界	我在进行有关俄罗斯的学术讨论
1400	小乙乙好啊,小乙乙读书什么都挺好的.	小乙乙过得挺好
1401	但是,不积跬步,无以致千里	致千里可以一下子完成
1402	年初确定的改革和发展的各项目标基本实现	国家经济正在飞速发展
1403	博士,博士,还没到后	作为 博士成绩要很好
1404	着力解决这些行业发展中存在的突出矛盾和问题,推进结构调整和优化升级	行业发展中存在的次要矛盾和问题也应当予以解决。
1405	孩子和浪荡于牵着它们,拼命地跑啊跑的,要把它们放上天空,它们总是中途夭折,最终飞上天空的寥寥无几	孩子和浪荡于把所有的风筝都送上了天空。
1406	纪念毛泽东主席诞辰一百周年和播映百部爱国主义影片,收到良好的社会效果	爱国主义影片展播里包括《智取威虎山》
1407	王琦瑶又笑了,说:这个程先生啊2好像程先生是个顽皮的小孩	王琦瑶和程先生认识了三年。
1408	非你住得挺好的,你就继续签一年.	住在这里生活很幸福
1409	这下子,有点象中暑样的.	今天天气很热,这个人真的中暑了
1410	对扰乱社会秩序和毒害人民身心健康的封建迷信、赌博活动,必须依法取缔	对于一般情况的封建迷行不一定需要取缔
1411	他还哭了几声,哀哀的,为着什么万念俱灰	他眼睛有泪水产生。
1412	纪念毛泽东主席诞辰一百周年和播映百部爱国主义影片,收到良好的社会效果	人民群众不喜欢看爱国主义的影片,只喜欢爱情片
1413	自由贸易区建设、与主要经贸伙伴的经济对话、同发展中国家的互利合作取得新进展	该国经济发展受阻。
1414	加强政府法制工作,改革行政执法体制	政府是行政机关
1415	整天说你经历了一个核爆,你经历了一个越战	大家有点不相信你说的话
1416	居民消费价格总水平涨幅4%左右	消费者都消失了。
1417	美国不是没有垃圾,美国也有垃圾	美国从来没有垃圾。
1418	比北京的房子还值	上海的房子比北京的房子还值
1419	二,在联合国主持下召开一次或多次有关解决中东问题的国际会议	联合国主持召开了一次关于中东问题的会议后,国际各界就其达成了共识
1420	没什么来历,也没什么根基,却有的是前程	前程和运气有关系
1421	王琦瑶不说话,看着那邮筒	王琦瑶的声带没有振动
1422	不论人们如何看待和理解当前的经济形势,我们都有必要承认以下的事实:	我们承认了一些事实
1423	那么,我打的话,一般也都是.	我还没有打
1424	落实好支持居民购买自住性和改善性住房的信贷、税收和其他政策	居民疯狂购买二手房
1425	我曾经给你们讲了要同步的.	没有同步是我的问题。
1426	作为国际贸易、金融中心和航运中心的香港,对继续改革开放的中国内地将起着越来越重要的作用	香港是国际贸易、金融中心和航运中心
1427	她说:你那同学,在我们家住过一阵的,在做女寓公了呢	“她”不是“我”家的人
1428	经过一年多的筹划,肯德基家乡鸡在距荣华鸡仅数百米处行动了	荣华鸡和德基家乡鸡不是同一家店铺
1429	就在婚车到来要下车的一会,新郎发火了,对新娘拳打脚踢	新郎和新娘在之前吵了一架。
1430	我本来以为你最近没事儿话.	“你”最近天天在家睡大觉。
1431	这就是老电影的感伤,其实	老电影与新电影有所区别。
1432	这点无可奈何是带有一些古意的,有点诗词弦管的意境,是可供吟哦的,可是有谁来听呢	这种情绪带有诗词弦管的意境,可以被吟咏
1433	深化国有金融机构改革	这个国家的金融机构去年就完成了全部私有化。
1434	对,所以我就打一个电话.	“我”打电话事出有因
1435	毛毛娘舅来的那天,因为中午孩子又发了场高烧,请了医生来看,配药打针,忙到下午一点多才吃饭	娘舅对毛毛很好
1436	洪都拉斯是中美洲最贫困的国家,经济和社会问题严重	洪都拉斯的人已经全部脱贫
1437	继续完善合同定购粮食与平价化肥、柴油和预购定金“三挂钩”的政策,适当增加挂钩化肥的供应数量	“三挂钩”政策还有不足之处
1438	萨沙倒还是照来不误,不知是真不明白,还是假不明白,夹在他们中间,是他们的妨碍,也是障服法	萨沙正处在一场情感纠葛之中。
1439	于是,消极对待,该办的事以种种借口推委不办,还振振有词:少管事,不管事,就脱不了贪污受贿之嫌	这些人自己有充足的理由这样做
1440	统筹区域协调发展,推进西部大开发和东北地区等老工业基地振兴	东部和南部地区发展形势不错
1441	☺北邮☺在福建全,全省才招两个.	北邮在湖北全省才招两个。
1442	北约人士说,比利时此举可能导致北约成员国纷纷进行单方面撤军,从而使北约组织涣散	比利时是北约成员
1443	同时,重视与支持基础研究和应用基础研究工作	之前的基础研究工作做得不到位
1444	她拿好东西离开化妆间时,心想,这扇面朝外滩的窗倒是有意思的	她有东西落在了化妆间
1445	说着时下的流行语和街头传闻,天外奇谈一般,让人目瞪口呆的	这个人追逐语言的潮流。
1446	这是我是想的嘛,这是我所希望的.	我想的都实现了
1447	一是扩大消费尤其是居民消费	把物价推升到居民都买不起东西的水平
1448	那天我是为什么接着想说一个事,就是说北京这个城市,就是让你欢喜让你忧的,这么复杂	跟你说北京的事之前还说了些别的
1449	怎么你自己还说你自己在清华的时候还是学渣呢	你上过清华
1450	出台促进居民消费政策	商家为了促进居民消费煞费了苦心。
1451	他说,美国与拉美国家之间是存在问题的,因此我现在来到这里,重申我们的友谊	他矢口否认美国与拉美国家之间的问题。
1452	一个柴门草编的这些东西,包括日本的茶道你看这个茶室,它认为简陋就是一种美	日本的茶室体现其美学基础
1453	西德和日本提高利率使美国联邦储备委员会(中央银行)降低利率变得更加困难	美联储的利率决策不受其他人影响。
1454	在集市靠近北京西路口处,一个施工后留下的大坑里积满了雨水,里面尽是砖头、菜皮,成了天然垃圾箱	坑里的垃圾来自集市
1455	对,对,对,你记下,七幺八.	你背下了这串数字。
1456	加强行政监察,纠正行业不正之风	行政监察力度越大越好
1457	她将王暗摇直送到门外,王琦瑶走出好远,还见门口一方灯光里有她的身影	王琦瑶回头看向了她所在的地方
1458	对,他的情况跟上海那个男的不太一样,英国的这个更危险	他的情况和上海那个男的一模一样。
1459	嗯不讲,早就不讲了,就一个半月.	两个月之前还在讲
1460	王琦瑶走回房间,将泡好的茶往桌上一放,见他还沉着脸,就说:不要无事生非,好好的事情倒弄得不好了	王琦瑶泡好了一壶茶
1461	它左绕右绕的,就像是左顾右盼,它顾盼的目光也有岁数了,散了神的,什么也抓不住	它处于不断地变化之中。
1462	开卫生餐,主人不必花费很多钱,客人也付得起饭费,有助于形成勤俭节约、廉洁奉公的好风气	卫生餐是一种值得支持的用餐形式。
1463	国际舆论认为,黎叙两国总统的会晤结果,是对奥恩为首的基督教强硬派以及主张黎巴嫩实行邦联计划的一个打击	叙利亚政府将会支持黎巴嫩政府的计划
1464	鼓励金融机构发展出口信贷	金融机构发展出口信贷是违法的
1465	可以办可以办超重行李哎.	行李最多只能超重10kg
1466	鞋带、鞋底能分家,您见过吗	接下来要讲的事和裤子有关。
1467	心事也是无声无息的心事,被月光浸透了的,格外的醒目,又格外的含蓄,不知从何说起的样子	心事很容易表达出来
1468	努力保证今年对外贸易的持续发展,对稳定经济全局非常重要	所有的对外贸易企业都实现了产值倍增
1469	一江春水向东流,同处一江景不同	江水上游和下游的风景一模一样。
1470	组织科研攻关,在诊断、治疗、防疫等方面取得重要进展	用科学、科技手段进行攻关
1471	居民消费价格涨幅3%左右	居民生活水平降低了。
1472	事情过去以后,两人又相互抚摸着谈起了天,重新总结今天孩子病的原因	两人是陌生人
1473	大纵深、立体化、全方位的较量	我们较量的对方是非常强大的
1474	这种情况现在正在发生	我们不清楚这是什么情况
1475	而且事实上他拿的那个标案没有纯粹都在马政府	他和那个标案什么关系都没有
1476	组建新公司,必须严格执行审批程序,防止出现一边清理、一边膨胀的现象	严格审批程序的具体举措由政府和社会各界共同提供意见
1477	二是除市属力量外,广州地区集结了一批中央、省属的科研机构和高等院校,智力比较密集	中央为广州提供帮助
1478	落实好支持居民购买自住性和改善性住房的信贷、税收和其他政策	国家鼓励居民理性购买住房
1479	因此,便渐渐地松了手,一切还按老样子进行	她有尝试着做出改变
1480	深化国有金融机构改革	金融机构至少有一部分是国有的。
1481	因为谁也不知道一生中能遇到几次这样的机会,觉得错过这么一次机会十分可惜,说不定会后悔一辈子	这样的机会非常难得。
1482	记者进入埃米尔儿子住的3层楼别墅观察,竟没有发现一件完整的物品	埃米尔把他的住处打理的井井有条,十分整洁干净。
1483	但是男生也很少就直接从背后拉你的拉链,很少这样干吧	也有男生这样干
1484	还必须在我在这里给你.	我认为你必须过来
1485	继续推进保障性住房建设和城镇棚户区改造,保障困难群体基本居住需求	房地产市场正在平稳健康地发展
1486	那就不象你爸爸似的,.	孩子做了爸爸做过的事情
1487	跟怎么先给他进去再说.	要说的事情和他的工作有关
1488	所以,人也是这样,有的眼神能看到,我觉得这个男孩儿的眼神是有一点点问题的	别人认为这个男孩的眼神很正常
1489	你就是咱们凤凰电视里头也没有出现过那种词,就是平常咱们用打X的那个词,对不对	从前有跟你类似的可以用打x形容的人出现在风华电视
1490	比如说他的老婆可是杜聿明,当时淮海战役列为战犯的杜聿明的女儿,国民党将军的女儿	他无所谓老婆是不是杜聿明的女儿。
1491	玮婕呢,可以报告一下关于凤凰卫视玩王者荣耀的情况	玮婕得报告情况
1492	这就给执政党实施分化瓦解,各个击破的策略,提供了可乘之机	执政党还有其他策略等待实施
1493	她们是盛大场合的一部分	这个场合是今晚举行的。
1494	八天就可以做完,呃才能做完.	做的这个东西有点耗时
1495	加强与世界各国的友好交往,为国内经济平稳较快发展创造有利的外部环境	我国经济将腾飞。
1496	这个不是这么解啊,作者比较靠近这个标准答案的	标准答案有很多个
1497	四是加快推进地震灾区恢复重建	地震会导致灾难发生地房屋损坏
1498	当年他年轻气盛,什么都可在手里握成燕粉	他现在已经死了
1499	扣上一个假脸,所以我们这个节目没法做	其他节目可以做
