0	在设计史上,每当相对稳定的发展时期,这种设计思想就会成为主导
1	利希施泰纳宣布赛季结束后离队:我需要新的挑战
2	庄家一般都是什么操盘思路?
3	王者荣耀里搅屎棍英雄都有谁?
4	照片不小心被删,看看下面的教程,完美找回来!
5	nba球星小时候!库里萌化!邓肯忧郁!乐福像姑娘!登哥吓到了我
6	俄坚持不了一个月?中国坚持不了一个小时?美夜郎自大被俄浇其冷水
7	红场阅兵“老兵被拦”, 普京邀其同行,俄媒:硬汉让军人受尊重
8	去稻城亚丁旅游前需要准备哪些东西?
9	武警重庆总队船艇支队成功处置一起船舶搁浅险情
10	猪价什么时候开始上涨?
11	想赢勇士想到发疯?格林新发现吓呆众人
12	王杰和齐秦谁的歌坛地位比较高?
13	短视频,是怎么杀死你的时间的?
14	为什么蒂姆·邓肯是nba被盖帽次数最多的“被盖帽王”?
15	广西歌仙刘三姐有什么传奇故事,历史上真有其人吗?
16	战败后,日本人在干什么
17	波尔山羊成为陶家“座上宾”
18	互金协会成立个人信用信息共享平台
19	最全草莓知识
20	李宝英走红毯,网友:下一秒就遭遇最尴尬的了
21	外滩·中国品牌创新价值榜发布 互联网及制造业品牌表现强势
22	我国退役的坦克都怎么处理?我们国家想出的这个办法太高明了!
23	美国的制造业有什么独特之处?处于世界领先地位?
24	我刚结婚,第二天妈就跟爸提出离婚,妈说出理由后,我含泪说离吧
25	被称小香港的“鄂尔多斯市”如今怎么样?
26	印度媒体宣称加尔各答级完胜中国052d?来看看现实真相
27	为什么国产手游做不出好游戏?
28	360智能云镜s800重磅来袭 流媒体技术消除后视盲区
29	世界首款区块链游戏谜恋猫,近日迎来与nba球星的合作
30	神奇!商丘一高校湖中出现一户“鸟巢家庭”
31	国乒选择放弃用平板车运送奖杯,转而用精美包装盒运送奖杯,你觉得哪个更霸气?
32	你觉得2018年谁会是首富?
33	联想到底怎么了,关于网上所说其站队高通到底是什么回事?
34	手枪和步枪可以安装消音器,那么大炮可以安装消音器吗?有用吗?
35	5月12日rng.m3比1战胜ytg实现九连胜,但24小局连胜被终结,这一场比赛你怎么看?
36	中国斗鱼厉害还是泰国斗鱼厉害?
37	马瑙斯没有玛瑙,却依旧光辉熠熠
38	长安逸动dt自动怎么样,标配版或中高配落地价多少?
39	1980年的2角钱硬币,现在值多少钱?
40	“五四”特辑——法制进校园 安全伴我行
41	改革开放40周年当代中国美术大家作品全国巡回展将于5月20日在我市开幕
42	昂科威车窗两边的亮条和行李架上的电镀氧化了,该怎么处理?
43	教育大动作!聊城八中整体加入聊城二中教育学区!
44	安乐死真的应该存在么,我们到底有没有决定生死的权利?
45	特色小镇是怎么火起来的?
46	playcoin(ply)交易所征程第二站lbank
47	中国宣布一条禁令,特朗普崩溃:求放过!
48	中国1.5亿人还没钱买车,就急着考驾照!原来是这些原因啊
49	业主委员会有权不让外来车辆进入本小区吗,包括小区内外来租房者有车的住户?
50	普京全新座驾将出口中国!起售价仅60万人民币!
51	麦当娜圣母玛利亚造型霸气宝刀不老
52	这部千元机你知道吗?6寸全面屏 6+128g骁龙660,用户口碑贼好!
53	excel函数中那些is开头的函数
54	孩子没完成作业被老师打了两巴掌,我可以去教育局举报吗?
55	未给虚拟时空中的德军坦克带来优势反成累赘的车长指挥塔
56	公务员之生存法则,看看你get到求生技能了吗?
57	彭德怀胆子有多大,敌人被他打到怀疑人生 直骂他是疯子
58	国际乒联女单最新世界排名:陈梦第1,丁宁无缘前10
59	58集团与庞大集团合资公司线上售车
60	新款奔驰e300和新款宝马530哪个性价比高?
61	为什么印度人上厕所不用纸,都是用手,抠完再洗手?
62	上大学和不上大学打工有什么区别?
63	想拥有卡戴珊一样的完美翘臀吗?只需3个动作,让你轻松拥有
64	如何快速提高象棋水平?
65	青瓦台魔咒是什么?
66	金边、暹粒、西港太有名,柬埔寨的这个城市被忽略了太久......
67	没有美术功底,可以学平面设计吗?
68	导演斯皮尔伯格的作品有些什么特点?
69	在战场上少见使用弹鼓供弹的枪吗,为什么?
70	伊朗的小女孩是一个小网红
71	美国曾在这投下亿万枚炸弹
72	靠自己,想三年内在西安买房,年薪至少要多少?
73	怀孕期喝蜂蜜水槐花蜜比较好还是枣花蜜?
74	河南一贫困县豪掷10亿修路 建成后交通事故下降80%
75	fast4ward上海站|声震上海滩,王朝战队初展拳脚
76	板悬+双离合!最便宜的奔驰日子看来是要不好过了
77	最后的一个月,考生们你们准备好了么?
78	大连冰峪沟怎么样?值得去吗?
79	除了新浪微博之外 还有什么可以写些小文章 小感想的途径?
80	这些全是“硬菜”,最贵的一桌1亿多元,老百姓只能看着流口水了
81	乌克兰当年失踪的总统现在去哪了?
82	腾讯没有梦想:这场严肃讨论为何变成了一地鸡毛?
83	蓝洁瑛眼中美人,刘亦菲眼中美人,张柏芝眼中美人,美的惊心动魄
84	自驾游|河西走廊上你不可错过的敦煌
85	未来哪几大行业要垮掉?
86	上联:雨润红花朵朵鲜,下联如何对?
87	倍耐力:基于高价值、数字技术和可持续发展的中国战略
88	互金晚报:央行拟规定支付机构全额交存备付金,首批试点26家
89	本来玩《迷你世界》,可是现在爱玩《我的世界》了,我错了吗?
90	印度航空水平差,为什么能够一箭多星甚至发射探测器到火星呢?
91	葡萄怎么转色快?
92	在百度工作是一种什么样的体验?
93	自驾旅行,是买一辆20万以下的房车,还是开普通车再住旅店好?
94	朱婷留洋第二季 征服与全满贯
95	gta v升级档如何使用?
96	过去一年中国收入最高的十大女星排行
97	全民抖音时代,谁是真龙头?
98	金星又开撕范冰冰,反遭范冰冰直戳金星的痛处,你怎么看?
99	今日小诗 感想
100	报废喷气发动机的五种新用法,战斗族为何格外内行?
101	郑恺邓超互怼,爆出邓超、鹿晗、陈赫是夜宵三大暗黑势力,要上天
102	1688分销店铺突然火爆?
103	从齐天大圣拔毫毛吹出千万个到克隆猴“梦梦”克隆技术到底怎样?
104	一位貌似学生模样的年青人跪在街头,前面粉笔写着:求助十块路费,你给还是不给?
105	保级大战,天鹅圣徒孰能绝地求生!
106	世界上最具有凝聚力的国家是哪个国家?
107	2018田华首场演唱会五四唱响洛阳
108	如何客观评价联想总裁杨元庆?
109	5月8日上市公司利空利好消息一览
110	中国男乒瑞典之行后,谁最火?肯定是这位‘人民艺术家’,神操作!
111	80后小伙儿郑州做这种生意 出租无人机一个月能赚上万元
112	梦幻西游玩家入队满人后却无故被踢 一问队长瞬间火了
113	莱昂纳多年轻时是有多帅?
114	五月作物如何管,庄稼长势才能好?且听小编这厢来分解......
115	一男一女,不是情侣,去旅游住在一起可以吗?
116	你是怎样看待小高考的?
117	哥瑞自动经典版求一个落地价?
118	巴西神花,此花盛开365天,阳台种一株,30天爬满,秒变花海!
119	华为手机内存满了,要这样清理才对,难怪手机一直都不好用!
120	2018年上证指数会跌破2638点吗?
121	爱尔兰独立战争(1919-1921)的真实影像:爱尔兰民族的自由之战
122	越南“胡志明市”的经济发展水平相当于中国几线城市?
123	比特币半月暴跌近20%,这篇比特币买卖指南教你如何入场抄底
124	战果丰硕!叙政府军再有重大发现,美军放弃支援,反叛武装溃逃
125	帝豪gs推出纯电版,综合续航400公里
126	上下五千年,英雄万万千,谁是中华民族最伟大的英雄?
127	英国混血女星araya hargate金色礼服出席71届戛纳
128	四野在东北的武器装备是哪里来的?
129	剧荒了?2018必看十部科幻片,你看了几部?燃到爆炸!
130	在游戏中必死的关卡(剧情杀)没死打过去了是怎样的体验?
131	广东省一县级市,人口超120万,历史上多次改名!
132	如果把长江的水引入新疆的沙漠地带,会把沙漠变成绿洲吗?
133	美俄剑拔弩张之际,这国终于选边站:坚决不许北约军队进驻
134	“生态直播”力助乡村振兴
135	迷你世界地心门怎么弄?
136	“限投令”下ofo的新车还能在天津投?
137	丈夫死于意外我带女儿改嫁,上班路上看到一男人我浑身颤抖
138	这所学校的老校友穿上校服,体验今非昔比的全新课堂
139	美国对土耳其下最后通牒!胆敢迈出此步,后果自负!
140	有哪些知名企业却做了很傻的事的例子?
141	86版西游记导演杨洁去世一周年:谢谢您给了我们一个难忘的童年!
142	改名字什么时候改比较合适?
143	想把街机搬回家snk 40周年纪念版neogeo mini
144	历史上有没有哪两个国家合并成一个国家的?
145	日本的资源利用率如何?
146	桂阳庙下古村:古色生香 韵味悠长
147	农民打了除草剂,为什么草死了而庄稼不死?原来是这3个原因
148	世界上最大的摩托车重14吨与最快的摩托车时速600公里!
149	张帅晋级 彭帅出局
150	我有个上联,请大家指教:中华上下五千年。请个下联?
151	苹果怎么录音
152	董卿:一个妈妈能给孩子最好的是什么?至今为止听过最现实的回答!
153	《灵魂摆渡》鲛人篇:乱了辈分的重生,是妻子还是女儿?
154	运营商在小区内买了一套房子,用作交换机的机房,这样合法吗?
155	上联,塞翁失马,焉知祸福?
156	解决拥堵新方式 不久后将实现
157	盘点那些年我看过的5大“奇葩珠宝”
158	4款流行手机支架,车载必备,给人不一样的感觉
159	飞机一般飞多高?
160	香港信华&uniyep牵手哥伦比亚大学商学院新闻发布会
161	昨日市场锌价大涨 分析师有何看法?
162	滴滴司机寻女后续 | 探访康英老家:养父意外去世近20年 从小由奶奶带大
163	青岛伟隆阀门股份有限公司关于使用闲置自有资金购买理财产品的进展公告
164	为什么伊朗是唯一一个不依赖别国武器的中东国家?
165	美大学教授翻译nba球星中文外号,登哥外号简直亮瞎眼!
166	去日本吃什么好?
167	如果美国打伊朗,最快可以多久解决战斗?
168	怎样评价韩国演员金宣儿?
169	英国捐精扎堆生育严重:17人“捐出”500多后代,或导致乱伦问题
170	如何加强云端数据安全
171	越南披露国有资产出售计划 能源行业受外资青睐
172	上联:一池芍药胜牡丹,如何对下联?
173	ufc和mma有什么不同?
174	腾讯没有梦想,阿里没有盟友,你懂吗?
175	紫光云全国总部落户天津
176	英国公参托马斯·查尔德:期待更多的抚州文化元素前去英国
177	一日之计在于晨,广州教育朝闻
178	王俊凯易烊千玺王源卸妆后,年轻嘛
179	英国算是大国吗?
180	“0首付”购车解决方案,了解一下!
181	「免费领」教师面试得高分,你一定需要......
182	孙亚龙作为中年人请善待自己!
183	淘宝开口《旅行青蛙》,不知阿里的厨艺能否把冷饭炒香?
184	三次绝望式加息后:阿根廷向imf申请300亿美元救助拯救比索!
185	读书、学习、写作,真能改变人生吗?
186	注意:借条不会写,钱会打水漂,借条应该怎么写!
187	国家为什么不允许用红砖建房?
188	潜在头部迹象,显在小底征兆,谁来绝杀?
189	玩《我的世界》最适合听什么音乐 这首歌能让挖矿效率提升4倍!
190	只要穿得好,男友在中考
191	2018“丝绸之路·美丽大荔”渭南国际马拉松赛鸣枪开跑
192	网约车不干了,兼职什么可以补贴家用?
193	世界上有一种绝望,叫猛龙队遇见詹姆斯
194	为什么狙击枪的瞄准镜和枪管不在一条直线上,却能击中目标?
195	许家印为什么会成为首富?
196	70、80年代的童星可比现在的tfboys强多了
197	出发前做好检查,确保万无一失
198	如何打造休闲农业科普教育基地?
199	腾讯游戏回应《王者荣耀》对部分手机进行负优化,你怎么看?
200	有人说南方口音保留有上古音,那么粤语是否跟南越国有关呢?
201	这小吃在街头很常见,味道虽好,但很多都发霉了,买之前要看清!
202	德国男乒是否内讧已成难解之谜,奥恰洛夫疑似公开回应
203	以理工大学、工业大学、科技大学为名的中外名校都有哪些?
204	男童在峨眉山金顶大便,环卫工劝阻“旁边有厕所”被家长回呛,你怎么看?
205	离奇!男子叫网约车,竟然叫来一辆......他回想起来还有点怕
206	手机导航哪个最强?
207	一整头猪卖完有多少盈利?
208	江西“落单”白鹤“打飞的”前往吉林白城追赶伙伴
209	中国两大反舰利器,伊朗正大量采购!美国:破坏地区稳定
210	「解读cdr系列」错过了cdr,你将错失五年财富暴涨的机会!
211	一夜诞生5500个千万富豪!揭秘小米的股权激励方案!
212	失去工作3个月,每天泡网吧打游戏,我还有救吗?
213	下联:荷叶无意添夏绿,如何对上联?
214	她是戛纳电影节的常客,姥姥曾参与我国首弹的研究
215	脱发男人不易患这种癌
216	你的爱车过敏了吗?
217	专家指“门道”:海外置业,你选对了吗?
218	耐摔,是一个人最顶级的实力
219	0费率、秒到账,cointiger币信钱包互通啦
220	2017年沪旅游饭店、旅行社服务质量监测报告出炉!
221	当初土耳其敲诈的10亿美元,中国到底给没给?原来我们都被骗了
222	vr游戏《virtual virtual reality》支持联想mirage solo
223	金世妃:特朗普退出伊核,难道是“空头”吗?
224	作为6x6的鼻祖,路虎还能这么改?
225	我们都是凡人,大事做不来时,静下心来做些小事吧!
226	仨教练聊天他去干啥
227	第三届“中国创翼”创业创新大赛项目征集啦!愿你能在这里放飞梦想!
228	车企集体转型 与出行公司相比谁是王者?
229	文化义乌丨义乌婺剧《鸡毛飞上天》入选国家级榜单
230	俄罗斯与伊朗联手干了什么?让美国措手不及,对俄发强硬警告!
231	这位中国皇帝死于出征的路上,一生雄图霸略,来犯者打到灭国为止
232	韩国赛区设立电竞选手名人堂,faker、pray、bengi三人入选!
233	你在巴塞罗那吃过最好吃的海鲜饭在哪?
234	故事:转生
235	对于联想把5g的票投给高通,华为微弱劣势丢失了标准,你怎么看?
236	八字命理之详说阴阳
237	每天涨停的票一定有这些特性
238	你现在是否动不起来,也静不下去?
239	600吨美国军火运入大马士革 在仓库内全部爆炸 俄:别赖我
240	伊朗继美国之后退出伊核协议的可能性有多大?
241	《机车风暴》精神续作《极速猛冲》测试时间公布
242	直击一位肌肉“爷爷”,其实他才38岁
243	马化腾朋友圈怼张一鸣:你站错队了!
244	ayondo公布第一季度报告 交易收入达727万美元
245	如果往黄石火山扔一颗核弹,能摧毁美国吗?
246	临海桃渚镇北涧村:落日余辉中留香
247	特朗普退出伊朗核协议对世界局势将会产生什么影响?
248	9日 黑龙江涨价,多地正邦提价跟涨温氏,局地飘红或有希望!
249	9日凌晨特朗普将宣布伊朗核协议的决定,市场会抛弃美元追捧欧元等非美货币吗?
250	非洲生活如此落后,为什么还有女孩嫁到非洲?
251	如果美国打伊朗,最快可以多久解决战斗?
252	想在乡镇开个手机店,怎么低价进小米公司的手机?合伙人怎么申请?
253	史上最能搞事情的5个英雄,第一名胜率53%
254	科技部发布国家重点研发计划 新能源汽车专项囊括25项
255	小型装载机停车半天后再启动时方向不动、大臂不升,加油1分钟左右恢复正常,这是什么原因呢?
256	如何看待联想总裁杨元庆?
257	春暖花开(藏头诗)
258	北大的“鸿鹄”,还是个人的口误?
259	一路向西,带着《大话西游》的记忆,赴一场迟到的约会
260	康美在滇首个“健康小镇”项目在丽江启动
261	当女神和红木遇见,气质一眼就看出来了表漏无疑
262	《上海女子图鉴》终于来了,第一集就比《北图》深刻很多
263	那天,我上了恶魔的车
264	第四十二届亚洲发型化妆大赛携美星,耀未来
265	苹果6s升级ios11后使用感受怎么样?
266	中国两位nba专家的夺冠预测对比,球迷支持哪位?
267	看电商大佬教我们如何赚外国人的钱
268	nba主场优势到底是什么意思?球迷多能算优势吗?
269	有土地、林地的看过来,这两项补贴下月底前停发,农民抓紧申请!
270	这些明星简直要占据当代小鲜肉半壁江山呐,白敬亭,费启鸣,等等
271	形势比人强,怒怼马云的宗庆后也开始转变!
272	贝尔科教推出1对1直播编程课
273	52岁男子徒手百米悬崖峭壁,腿部残疾臂力惊人,关节变形犹如鹰爪
274	心动!苹果小屏旗舰大曝光:外观配置完美
275	12日早报速递(国际)英国中央银行英格兰银行发布最新报告
276	上交所三方回购业务5月9日正式上线
277	青海耗资12亿元打造一座机场,已试飞成功!不在西宁,也不在海东
278	为什么世界各国都对楼兰古城感兴趣?
279	定了!支付宝引入两大基金,以后再也不怕抢不到余额宝了!
280	假如日本人来拍《头号玩家》,应该是这样的
281	竟然还有比ak47更好用的gp枪?这把枪才是gp里的神器
282	开车听音乐导航还依赖手机?车载路由器横空出世,畅享4g
283	「四川资阳」帅乡也有好玩的!乐至城区及户外旅游景点大盘点
284	唐嫣的手,林依晨的手,郑爽的手,你最喜欢谁的手呢?
285	大宅门里二奶奶出殡黄春和雅萍为什么也死了?
286	洛阳白云山景区:观日出温馨提示
287	新赛季被称为射手荣耀?这个近战英雄一出破晓,所有射手都崩溃了
288	美媒文章:美国无力同时管控亚洲两端的危机
289	绝地求生:女玩家玩游戏的环境,只有你想不到,没有她们做不到
290	转左不给,转右也不给,退后又不可能,这路应该怎么走呢?
291	西部世界第二部怎么样?
292	以色列警告称如果战机被击落将会轰炸俄军事基地,你怎么看?
293	据说新一季《明日之子》李宇春、吴青峰、张韶涵等加盟,这样的逆天组合是真的吗?
294	和男神吵架我偷偷躲起来,不料却看到他找我的信息:我媳妇走丢了
295	阿里财报增速惊人 新零售业态成绩亮眼
296	如何做到在躺下来的20分钟内睡着?
297	买车时先让销售知道自己是分期好吗?会不会被套路被坑?
298	崔永元微博大骂冯小刚是“渣子”,是怎么回事?
299	梦幻西游:玩梦幻7年了,第一次遇到商人摆错价格,1级玛瑙9万6收
300	孩子英语不好,怎么办?
301	咸鱼操作居然也能进第一,大学生直呼:手机目前最好用的配件!
302	一日本女兵逃亡到中国,后学汉语,在中国结婚生子,深爱中国
303	上联,月色淡淡映千山,如何对下联?
304	现在,菲律宾向美国开放5个军事基地,你怎么看?
305	土耳其郁闷了:这下被韩国坑大了,为啥最强火炮堪比白纸一戳就穿
306	首付两万左右,月供一千多点,什么车值得购买?
307	队友不帮忙!保罗大爆发狂飙8三分轰41+10自圆西决梦!
308	温碧霞不愧是不老女神!52岁还能穿出少女的感觉 让我们怎么活
309	如果欢乐颂里的四个男神都追你,你会选择谁?
310	如何理解“知其白守其黑为天下式,知其雄守其雌为天下溪,知其荣守其辱为天下谷”这句话?
311	想买个天文望远镜,不知哪个品牌的好,在哪里能买到?
312	十四年如一日,在上海打出东岭品牌
313	越南巴沙鱼的产业现状和发展规划
314	深圳gdp已超香港,房价只有香港的1/3,大量港人涌入深圳抢房,为什么?
315	上联:庭前生瑞草,求下联?
316	装帧艺术家进校园,讲堂爆棚
317	这条世界上最长的铁路,跑完需要七八天,占了差不多1/4的地球!
318	一首《一剪梅》雪花飘寒风啸,一剪寒梅雪中傲留心中!
319	“英雄殊荣”称霸南非打吡,“硕信尚武”荣获英国二千坚尼桂冠
320	军事丨美国海军最新型高速双体船,海上测试!
321	29岁男子全身很奇怪,密密麻麻,女儿接近一看吓得落荒而逃
322	扔沙袋组照 与掼牛一样,扔沙袋是中国民间古老的体育活动之一
323	今年民办中小学报名“降温”了 小学报名人数减少近一半
324	河南小镇真牛叉,独家拥有6大景区,其中2个是5a、4a景区
325	假如你中奖500万,敢在深圳买房吗?
326	一场不容错过的品牌营销盛典——2018iai 国际创享节即将开启!
327	龙湖新壹街商圈恒产,城市中心商务楼
328	只认识高尔夫gti和type-r?这些小钢炮也是狠角色
329	李敖遗产风波:李文拒撤告 李戡停止支付其生活费
330	夏梦去世对于香港文艺圈有什么影响?
331	缅甸的玉米生意好做吗?
332	特朗普宣布退出伊朗核协议,这会对世界造成哪些影响?
333	侯耀华要整理相声家谱收回德字,郭德纲还叫郭德纲吗?
334	王励勤曾和女星赵薇热恋,今事业家庭双丰收,仕途亨通当处长
335	王阳明思想为什么没能挽救大明王朝?
336	如果是你怎么选,梅西or苏亚雷斯,还是阿尔巴?
337	想一个让人忍不住点的题目
338	女子在游戏中结实富二代网友,见到本人后,她果断报了警
339	如果特朗普退出《伊朗核协议》,欧盟有远离美国的想法吗?
340	胜利靠副业吸金扩展32家分店 新店开在gd咖啡馆旁
341	梦幻西游:博士生用脑子玩梦幻西游,3个月时间通杀一切!
342	北极熊可以在南极生存吗?
343	如何评价《权力的游戏》里的托曼国王?
344	“斧声烛影”的真相是什么?
345	爆破守点的最恶心的三把神器
346	德云色笑笑离婚事件迎反转!网友爆料妻子出轨并爆出聊天记录
347	中原银行驻马店分行确山任店支行获总行2018年一季度惠农开门红活动“优胜乡镇支行奖”
348	刘嘉玲手表3000万,韩雪手表1700万,而他的手表仅2000块不到!
349	四年以降,谢谢你,一直在
350	小猪佩奇饼干为什么卖得那么火?快消品最新趋势在这里
351	刘强东和章泽天庆祝清华大学107周年生日并且回应京东假茅台事件
352	厉害了!银行人都是这么拉存款的!
353	绝地求生新版本枪械分析,更新后枪械性能分析
354	朴槿惠如果再选上总统她会去看现在她的住处吗?
355	微小说:皮包
356	京东:一季度营收1001亿元 好于预期
357	恒大足校2018年招生工作将启动,面向全国招收700名小学生
358	上联:泰山黄山赵本山,如何对下联?
359	世界最强上单khan:今天我的表现只能打3分,以后努力做到10分
360	全球平板出货量持续下滑 行业马太效应日趋凸显
361	品牌是印钞机
362	韩国最大加密货币交易所涉嫌违规遭调查
363	美国加州高中发生校园枪击 至少有一人被射中手部
364	小白如何提高苹果手机拍摄的技巧?
365	qghappy最差之人是三届总决赛mvp?他没做好这一点让队伍输给xq
366	全球最美“烂尾楼”,盖了136年还没完工,被誉为上帝之城
367	农村人口的养老保险金额几年调整一次?有什么政策?
368	妈妈再也不担心我买错牌子!最常见10种意大利面品牌(中)
369	詹皇对猛龙真是太残忍,德罗赞主动恶规离场,这眼神心态全崩了
370	华强北矿机生意:一场关于投机的魔幻秀|调查
371	你觉得发射卫星与芯片研发哪个更难?
372	探寻文博会之“最”
373	国乒选对人了?刘国梁接班人用冠军开启新征程,不敢用新人可理解
374	《寻梦牡丹亭》文化公园首次亮相 园林与舞美融合
375	「魅力抚顺」雷锋之城——雷锋精神的发祥地(上)
376	刘禹宁有着怎样的成就?
377	诸暨农商银行服务“三农”普惠签约四到位
378	外面有人1年了,决定离婚,回家后我却撕掉了协议书......
379	很靠谱的网赚兼职——店铺分销,轻轻松松做网店
380	「贵安快报」贵安新区进行旅游行业不合理低价收费专项整治
381	信用卡分期划算不划算,根据自己的实际情况来判定
382	东芝事件:震惊全球的苏联间谍案
383	每天洗马、喂食......从白领到教练 她希望与马儿相处一辈子
384	省市大学生征兵启动
385	野人之谜声名远播,中国首个录入世界“三冠王”名录遗产地
386	英雄联盟8.9版本大改法系装备 变相削弱流浪法师?
387	刘亦菲参加活动,网友:仙气都没了一半!
388	沙巴大学什么专业最好
389	一梯两户两梯四户傻傻分不清,买房忽视“梯户比”谁买谁吃亏
390	揭阳有没有古建筑?
391	江西省抚州市临川区临川县三层民房建筑设计图纸很独特
392	用12张“假”照片,批判和讽刺着这个世界「天桥下的家」
393	2018年黑龙江的粮食补贴是多少?
394	马健称火箭队将进入总决赛。火箭真能战胜勇士吗?
395	哒哒英语“聚能”策略获重大成果:得到好未来高流量端口开放
396	低价急售一万株双色月季树,10年大苗全部低价处理,你家养过吗?
397	绿化率和容积率的大小对楼盘到底有什么影响
398	代表中国队出征!武汉爱心百分百俱乐部青少年比赛拿下两个冠军
399	空姐遇害,滴滴道歉,妙龄少女深夜出行为何屡遭不测?
400	原来电影中骑马镜头是这么拍的!钢铁侠亲身示范,看完莫名喜感
401	世界上最冷村庄:零下71度,上厕所会被冻住,活到100很正常
402	希拉里高温天穿长夹克上街 原来是为了隐藏这件事
403	贾巴尔且:五月,金阳将举办索玛花节|纪实掠影
404	千夫所指顺风车,我来说句公道话
405	中国女排朱婷央视采访现场,面对镜头,朱婷的呆萌可爱深受欢迎!
406	什么!刘德华要为杨丽娟还高利贷?
407	去北京旅游,哪些地方值得玩?
408	这里有一场有关于“蜘蛛侠”的挑战赛,你来不来!
409	东方略2017年业绩亏损1655万元
410	揭秘沙僧闫怀礼死亡原因,这种“被害”去世消息却从未被报道!
411	职业生涯季后赛新高41分,13个赛季首进西决,如何评价保罗的表现?
412	美国是怎样进行爱国主义教育的?
413	蓝色光标市值三年蒸发七成 欲搭车区块链概念谋求逆袭
414	给你发钱还教你用钱,帮企业员工理财的 brightside 获 400 万美元融资
415	海地和多米尼加,两国分割一岛为何贫富差距严重?
416	张成龙如何迎战罗马尼亚“重炮手”马克西姆?
417	ff91抵京或将量产,贾跃亭要回来了?
418	韩信为什么活埋自己的母亲?
419	蝙蝠侠家族都有哪些人物呢?
420	中国青年出征国际赛 让世界倾听中国声音
421	上海有多久的历史?五百年前是什么样?
422	《奇异博士》中多玛姆为什么没有出尔反尔背弃承诺再次入侵地球?
423	瀚叶股份拟38亿收购量子云 让这981个公众号粉丝的身价涨了6倍!
424	雷克萨斯汽车怎么样?
425	明明是个骗局,为什么我的父亲会如此痴迷,作为子女该怎么劝导他?
426	国展中心外围10项12条配套道路建设9月底前完成!
427	炸弹真的只有红蓝两根线吗?剪错后会有什么后果?不要再被骗了!
428	保险业面临智能化变革 尹铭:五年内车险模式将被重构
429	热闹的新零售其实都在赔本赚吆喝?
430	这些买房错误心态,估计你都中招了!要谨慎避开
431	国际化新步伐:黄鹤楼与法国古堡结盟!
432	乐视网问询函:或触发净资产为负导致暂停上市?
433	妇联三,复仇者联盟3,要的私我
434	宁古塔,清朝流放犯人的人间炼狱,那里到底有多可怕?
435	真实的迪拜生活,一元钱至少可以玩上半天!
436	有哪些适合发朋友圈的心情说说?
437	ff 91抵达北京为国产做准备,贾跃亭要归来了?
438	17岁当上女将军,19岁含冤而死,25年后被平反,500年后被封圣
439	孩子学习成绩全班倒数,为什么老师不能抽时间为孩子补补课,老师不应该帮孩子提高成绩吗?
440	三十年之电话怪现状
441	如何通过互联网暴利赚钱?只要学懂这4招就够!
442	熊猫在外国真的很受欢迎吗?
443	汶川地震十年,亲历者说......
444	掌握夏天钓鱼的几个技巧,帮你满载而归!
445	世界首家十星级酒店,一年工资只能住一晚
446	女婿拍马屁(幽默故事)
447	nike的flyknit是怎么样的一种鞋面技术?
448	以色列现在挂出了免战牌,声明无意升级战争,对此你如何看待?
449	东海双店镇“三个一”缔造乡村“文艺家”
450	为什么有些国家仍然保留着一夫多妻的制度?
451	深研儿童行为心理 千江凌云打造全龄儿童活动空间
452	美国退群后,又提出了对伊朗核设施侵入式检查的要求,伊朗如何回应?
453	李白《蜀道难》被称为首屈一指之名篇,唐诗之绝唱,如何解读?
454	四级怎么过?
455	英雄联盟:uzi直播时间确定,粉丝疯狂舔屏!uzi女朋友都害羞了
456	你为喜欢的ta,做过的特别傻的事?
457	「财经24小时」四部委治理违规提取住房公积金 国内油价迎年内第六次上调
458	陆良龙海“臭参香”
459	比稀土还珍贵的金属,我国占全球80%的储量
460	马云判断未来房价会便宜如白菜,是基于什么逻辑?
461	一旦被美军攻击,或引发国内反应,驻叙俄军获得战术核武器授权
462	你觉得在未来几百年内是否可以找到外星生命?
463	单反学习记录
464	李笑来是如何成为“比特币首富”的?
465	篮球世界的至尊:你所不知道的nba总冠军戒指的故事
466	百纳东原:联合运营万里行
467	上联: 生铁是铁,熟铁是铁,锤子一敲,铁打铁。如何对下联?
468	韩国旅游业一落千丈,吸引中国游客失败,如今竟然开始赶人!
469	分析师张琅:5.9黄金、原油eia操作策略,晚间美盘必读
470	中草药:山茱萸的种植技术及作用
471	prime day促销指南,新玩法新鲜出炉!
472	「农耕」带你走进西江千户苗族,快来看看你能认识几件农器?
473	中国中铁股份有限公司重大事项继续停牌公告
474	中国最任性的公路:时不时便沉到水里,游客笑了当地居民却哭了
475	马云干的漂亮,余额宝终于不用抢了!
476	土耳其樱桃空运出口中国!中国市场是全球最大消费市场之一
477	如何制裁绝地求生中神仙的法术?
478	男子为朋友拍了张生活照,因取材独特赢得24万奖金
479	全新国产标轴宝马x3入门版车型到店实拍!后排空间是这样的!
480	确认过这眼神,就是张继科、马龙、许昕等马上就要来深圳啦!
481	中国历史文化名镇——陈炉古镇
482	对春季高考的成绩不满意,被录取的学校也不满意怎么办?
483	世界上真的有能手撕鬼子的人吗?
484	《后来的我们》只能靠读信的老父亲挽尊?
485	全球戒备最森严的监狱,进去等于活死亡,监禁方式让人抓狂!
486	海口斌藤村:青砖灰瓦火山居,点石成金致富路
487	月薪3000的小伙从牛市大赚100万到抵押平仓,血一般的教训
488	「公司要闻」果树金服ceo蒋树峰受邀参加海归博士交流会
489	车天天开,底盘很容易生锈!老司机教你一招,分钟除锈还防刮花
490	狂欢时刻:花生票号带您开启518理财盛宴
491	2018年中国成都国际女子坐式排球超级六强赛赛事集锦
492	伊万卡夫妇跑步也秀恩爱,好身材就是这样练出来的
493	2018年3月乘用车市场回顾及4月市场展望分析
494	首次开展海上方向实战训练的歼20,会在对海作战方面发挥何种作用?
495	护照有效期不足6个月能去普吉岛吗?
496	英国小王子的名字,致敬路易·蒙巴顿,一个差点让女王改姓的男人
497	你心目中的中国十大城市是哪些?
498	150架舰载机沉入大海,800水兵死亡,美航母最惨损失拜谁所赐?
499	instagram隐藏代码披露即将到来的音乐功能
500	男子撒钱要怀孕女子陪唱遭拒 秒开3枪将其杀死
501	吉诺比利秃顶之谜之邓肯外传
502	世界上哪个国家所处的地理位置最不利?
503	10连胜期间,詹姆斯在场时骑士净胜猛龙178分
504	登上人民日报头版之前,这个盟市已经在内蒙古日报头版火了一把!
505	许昕是不是当今乒乓球界打法观赏性最高的球员?
506	四级残疾证有什么用?
507	昆池岩:可怕的是人心
508	nba球员最喜欢收藏什么?乔丹收藏30部法拉利,最后1人拿钱买不到
509	农村有哪些好玩的东西,好玩的游戏?你最喜欢哪个?你玩过几个?
510	交了首付之后,为什么提车还要等10天左右?
511	腾讯一天赚1亿多美元?!都是靠别人的手啊!
512	特朗普退出伊核协议的目的是什么?
513	如何用古诗词来表明“我不爱你了”?
514	中甲实时积分榜:李铁率武汉卓尔回老主场战胜永昌 重回榜首!
515	怎样看待李诞参加《向往的生活》偷懒被网友骂这件事?
516	怎样与人交流更走心?
517	一机两用太阳能采暖神器测试完成~半天升温50度~采暖热水两不误
518	170多万平方公里的阿拉斯加,为何俄国要贱卖给美国人?
519	理财的钱存支付宝余利宝和存网商银行余利宝有什么区别?存一个地方利息是不是要高点?
520	特朗普两个动作,让全法国和英国暴怒
521	教育,如何融入“信息时代”
522	震撼航拍!琴岛学院运动会盛大开幕!
523	撞车后枪杀中国留学生,只判七年?
524	一篇绝对经典的炒股文章——告诉你股市的真相
525	武义百名新型“乡土人才”返乡创业 助推打造旅游新业态
526	刷脸时代来临,这几部手机或许更懂你
527	为何中国人、日本人和韩国人更喜欢被称为东亚人,而不是亚洲人?
528	去柬埔寨旅游要办什么手续?
529	拥抱春天——市直宣传系统2018春季职工趣味运动会侧记
530	人工智能概述,智能家居,ai音箱,语音互动,智能家庭,智慧社区
531	禹州市无梁镇举办首届农民文化艺术节
532	肯德基是不是稳赚不赔的?
533	伤病,水货外援,新疆天山雪豹遭遇队史最大危机
534	电脑经常蓝屏死机怎么办?要怎么处理?
535	《剑网3》制作人c位成功“被出道”,“炜生素”一夜刷屏太疯狂!
536	这6位演过《三国演义》和《水浒传》,诸葛亮和苏东坡竟是同一人
537	中国足协启动“杰出星锐计划”推选年轻球员留洋训练
538	迪士尼乐园不让带食物进去,还开包检查,然后在园区里高价卖食物,这是什么行为?
539	邀请函丨多媒体城墙实景演出 这场大唐迎宾盛礼你不看看?
540	上联:荷塘月色美,求下联?
541	一定要注意轮胎上这4个字,关键时刻非常有用!
542	aes gener宣布重组智利水电项目
543	上联:双肩挑世俗,怎么对下联?
544	丰田不插电混动到底有多牛?
545	特朗普为什么可以随意废除此前美国政府达成的各种协议?
546	你还是把单肩包扔了吧,又土又过时,现在流行的双肩包真心漂亮
547	是谁的母亲又是谁的老婆
548	全国哪里的玉米产量最大?
549	有航母就代表军事实力?如果没有这款舰,航母寸步难行!
550	舌尖上的中药--麦蒿
551	肥城星美城市广场免费旅游福利开启-“观光水城·品鉴星光”
552	我这个老电脑怎么才能玩《吃鸡》?
553	为什么二战时苏联打日本人那么轻松,而美国打日本却很艰难?
554	如何避免被大数据杀熟?
555	太穷?2架俄罗斯大飞机已失去买主,中国机会来了!
556	汽车的制冷系统会对汽车的油耗造成影响吗?
557	越南的外汇储备有多少?
558	吃顶级茂名荔枝,找周关!
559	退休证还有用吗?
560	手机充电的正确姿势,手机充电不当会让手机提早寿终正寝
561	河北邢台:“华北第一城”顺德府尚存旧城垣百米 气势不减古韵浓
562	年底买房好还是年初买房好?
563	《爱情公寓》电影版定档8月10日 原班人马十年重聚再铸新辉煌
564	临邑县举行恒通汽贸和德康养殖示范园揭牌仪式
565	古文与管理系列之十五:管理者异动的原因与建议
566	北汽首台纯电动gt跑车 静态体验arcfox-7
567	京东领投,工品汇完成2亿元b1轮融资!
568	波士顿动力再放大招,机器人避障碍爬楼梯全靠摄像头自主导航
569	葛洲坝:2016年公司债券(第三期)2018年付息公告
570	100年前,那些焦虑的中国人
571	存入余额宝里保本吗?
572	晚间9大利好关注什么股?医疗涨价军工芯片或爆发涨停潮
573	明星的妈妈都长什么样,刘诗诗妈妈超美,杨颖妈妈比她还漂亮
574	马布里先是说广东脏后是蹭中超的热度,球迷:为了事业
575	威尔希尔迎来自己新生女儿降生,宠溺爱称:我的公主
576	升空后一直飞行了35年的“道格拉斯型”客机是真的吗?
577	惨遭去杠杆,这些地方正在排队违约
578	nba超级巨星都开什么豪车?
579	巴基斯坦每年房屋建筑需求80万套 将推动gdp快速增长
580	股东大会上巴菲特被一女孩问题难倒,随后他做了这样的解释
581	墨西哥 · 寻梦环游多彩国度
582	陈赫和郑恺为什么被称为阑尾兄弟?
583	美国的威胁彻底破产!菲总统杜特尔特怒怼:“中国会保护我们”
584	求天赋异禀美剧百度网盘?
585	中国哪个侨乡的海外华侨人数最多?
586	虎皮三彩名字易误会,想象“地三鲜”土豆青椒茄子,保证记一辈子
587	绝地求生:游戏中成就系统37项你完成了几个?
588	如何评价保罗即将实现的西决梦?
589	新款奔驰e300和新款宝马530哪个性价比高?
590	完胜比特币、以太坊!filecoin收益上千万!
591	跑者大揭秘:爱跑步的人都把钱花哪儿去了?
592	一下科技张剑锋:2018年短视频风口依然强劲 市场规模处于成倍攀升中
593	《乡村爱情》里的刘能到底是靠什么养家糊口?
594	上过大学的农村女孩和没上过大学的农村女孩有什么区别?
595	英国海军战舰时代的“见敌必战”是怎么回事?
596	赣州哪个城市地理位置最好?
597	县公路局开展非法标志标牌综合整治
598	这台像奔驰g的便宜货,却一堆人等着想买啊?
599	渔民钓上满嘴长利齿“不明生物”细看后感觉好像咬到自己!
600	真的要拍?西蒙·佩吉称愿意出演英国队长
601	苹果系统ios11.3.1要不要升,升级后有什么bug?哪些手机不要升级?
602	石崇王恺竞奢华
603	张常宁和惠若琪谁漂亮?
604	为什么俄罗斯要在红场阅兵?
605	比顶配还贵200万的劳斯莱斯幻影?娱乐圈只有这个小富婆买得起!
606	如果美国打伊朗,最快可以多久解决战斗?
607	曾经的著名足球解说刘建宏继离开央视和乐视体育,现在去哪了?
608	武汉摩天大楼有哪些?
609	巴西大豆从最贵变得最便宜,中国取消两船美豆
610	菲律宾众议长表示应废除联合国,建立亚洲联合国,有何深意?
611	阳江:一个重要的客运站即将动工建设!
612	快手上忘恩负义的4大主播:骚白上榜,牌牌琦最冤!
613	日本强硬向美说不,是真心还是作秀?
614	王丽坤被吐槽红毯呆太长,你看不到的还有这些!
615	二手房卖家一次性收款,但要延迟过户,卖家有什么风险?
616	新盘测评:国宾区锦悦青山 除了地段含金高还有这些“必杀技”!
617	「城市赛」杭州滨江宝龙站——“坦克”夺冠|圆满落幕!
618	历史上有哪些细思极恐的照片?
619	打击炒房!威海商品房取得预售许可证后3个月内不得涨价
620	美国下一届大选特朗普会下课吗?
621	钱文忠 出生于上海 祖籍江苏宜兴 北京大学毕业 师从季羡林先生
622	女生大脸适不适合短发?
623	射雕中,梅超风能够威震江湖,功劳最大的居然是她的仇人
624	专题:汶川地震10周年,他们都去哪了?
625	以色列为什么呼吁沙特站出来共同反击伊朗?
626	65岁神秘半导体华人:影响比马云还大今欲1300亿美元收购美国高通
627	你听过哪些最有逼格的句子?
628	慈禧棺材本用金丝楠制作,最后却被涂成红色,其原因溥仪羞于开口
629	美国为什么允许私人机构美联储来控制货币?
630	超级冷门“小语种”:全世界只有三个人说
631	作为infp型人,你对于慎独能够做到什么程度?
632	在农村,有个能干的媳妇,是怎样的生活?
633	广汽传祺gs3和上汽荣威rx3哪个好一点?
634	日韩越美少女组合,傻傻的分不清哪个来自日本、韩国和越南!
635	本田cr-v缺席,4月份最热门的几款日系suv!
636	骚男最经典操作:钻石局3v7逆风翻盘,粉丝直言那一刻我哭了
637	落选秀砍生涯新高得分挽救球队,费城状元也肯定他的拼劲!
638	浙江26个原欠发达县绿色崛起成为全省经济新增长点
639	乐视做错了什么,为什么人们都希望他倒闭?
640	「技术分析」卡尔达诺价格技术分析-ada / usd
641	最美的5位童星,人气颇高的阿拉蕾排名第三,前两位你认识吗?
642	中储股份(600787)个股行情分析
643	上联:相思河畔种相思,下联怎么对?
644	广发证券三年市值蒸发1200亿 业绩报忧欲募资150亿
645	“嫁给我,从此以后保你z国横着走!”霸道的男人向她求婚
646	“它”将导致大众市场的终结,并逐步体现市场的个性化
647	你绝对无法接受的日本风俗,这要在中国会挨揍
648	郎平用一句话致辞,含泪送惠若琪出嫁,你怎么看?
649	英语四六级|如何准备四六级口语中的自我介绍
650	国家散打运动员有多能打?
651	探访地震极重灾区汉旺:废墟遗址屹立十年 守望新城蝶变重生!
652	马斯克:明年猎鹰9号再利用间隔缩至24小时
653	京东发布财报,一季度净利润15.2亿
654	委内瑞拉爆发大规模难民潮,资源丰富的委内瑞拉为什么会开启内乱模式?
655	“人造猪肉”即将面世,这对农村的养猪大户有什么影响呢?
656	86版《西游记》导演杨洁去世,你有什么想说的?
657	三星s8和vivox21相比,哪个值得买?
658	优质偶像李准基变身霸道总裁现身发布会,与女主徐睿知cp感十足
659	林州:桂林“好媳妇”光荣榜——张街村王志平
660	作啥妖?印度欲监控中国海军活动,可能真当印度洋是后花园了
661	中国和挪威签署体育交流合作执行计划
662	燃爆了!军英考场上演战争前线
663	《抗日奇侠》那个手撕鬼子是真的吗?
664	我的老婆81斤,这场婚姻着实让我郁闷
665	德国汉堡科学院院士张建伟:下一代投资风口是ai和机器人
666	讯早|米家电饭煲完成c轮融资 长租公寓品牌优客逸家获10亿融资
667	日系最厚道的suv,保值率比途观高,空间堪比途昂,卖24万真不贵
668	「你」来普天,有“薪”跳!
669	纳兹官宣怀孕!心疼她欧冠半决赛的防守扑救!
670	后来的“我们”怎么样了
671	俄罗斯农民干了一件惊人的事情,他们抓了一只老虎
672	希特勒知道日本偷袭珍珠港之后是什么反应?
673	林孜财金:5.8黄金震荡不停,是多或空?原油是否能做多?
674	刘国梁发文庆祝中国男乒世乒赛夺冠,他想表达什么?
675	权力的游戏“魔山”7年磨练 夺世界最强壮男人桂冠
676	1993年和2001年的梅花五角硬币,目前的市场价是多少?
677	绩效比教师高2000多,谁拿走了老师绩效?
678	东华理工大学长江学院
679	2018年毛猪价格会破八吗?
680	风冷摩托车怎样降温?
681	怎么看待以色列妄图建立“中东超级联盟”围剿伊朗?
682	2018年下半年,闽侯的热门区域在哪里?
683	长江上有座寺庙,八百年水淹无数次,可依然屹立,被称“阁坚强”
684	复读高三好吗?
685	你们都农村杀牛时为什么要蒙面?
686	以色列现在挂出了免战牌,声明无意升级战争,对此你如何看待?
687	凯撒见到埃及艳后,为何要先脱掉她的衣服?原来与罗马一规矩有关
688	沙特为什么帮巴基斯坦?
689	斗鱼战略布局领跑行业,冯提莫任重庆共青团推广大
690	奇瑞汽车使用的cvt变速箱质量如何?
691	二战最好的5大狙击步枪 盘点
692	上联:巧逢春景添月色,求下联?
693	快递公司买飞机对不对?巴菲特早已看穿一切
694	暂定5月17日,以重庆为名的火箭要上天了!
695	各种垃圾和死者遗体投入恒河,印度人却还在直接饮用,能灭瘟疫
696	樊胜美选择陈家康而不是王柏川说明了什么?
697	bug外挂满天飞各种坑钱充值,荒野行动是不是要凉了!
698	福建各城市2018年4月房价大比拼,平潭这个小县城是要逆天而行了
699	莆田走出产业扶贫特色路
700	撒贝宁:听说你们玩电竞都很有钱?电竞冠军笑着说了三个字,惊呆
701	世界上拥有“奇葩车”最多的人!
702	你在哪一刻体验到了真正的贫富差距?
703	如何评价黄绮珊的经历?
704	马云回到母校,安静的听了一节阿里课堂,学生都没发现!
705	俄罗斯为什么斗不过美国?
706	在宿舍熬夜打游戏的那些人,后来怎么样了?
707	老婆做微商近两年,做的一个家快要支离破碎
708	世界十大最聪明的人:霍金智商倒数第一
709	几位年过40都还没结婚的女星,最后一位美的让人窒息,却无人敢娶
710	美华裔获艺术比赛冠军 作品将在华盛顿国会山庄展出
711	乐视爆亏138亿,深交所已经下发“病危通知书”!
712	启东并入上海的可能性有多大?
713	以不变应万变
714	三十多岁,脸暗黑,长斑怎么回事?
715	骑士挺进东部半决赛。骑士会不会像11年一样把不可能变可能,再得总冠军?
716	18岁牛津大学华裔美女辩手完美诠释:人家比你好看,还比你努力!
717	莱昂纳多投资了500万美元的激光器
718	生猪供应阶段性过剩 养殖迎来新一轮洗牌
719	小孩初中毕业读什么技术学校?
720	王者荣耀:首款圣斗士皮肤已确定!最帅气的皮肤给出场率75%的英雄!
721	美推出伊核协议,伊朗强硬回击,将继续研究弹道导弹
722	此奇人砍头时还和监斩官开玩笑
723	“开宝马,坐奔驰”这话现在还适用吗?
724	我和月光姐姐的悄悄话(连载十一)
725	区块链游戏以太小丑 呆萌还能打工赚钱 速速领回家
726	教育好自己的孩子,是你最重要的事业!
727	火箭112-102爵士队,保罗41+8+12,三分10中8,你怎么评价?
728	古龙武侠小说赏析(71部),创作不受传统拘束,中外经典镕铸一炉
729	《宝贝回家》王守平:我们的新时代需要楷模来引领
730	平凡的人离开了忠诚和勤奋将一事无成
731	化肥染色是什么?肥料中染色剂的添加量
732	2018年四川省第九期赏花指数发布
733	许亚萍叫错陈赫的名字,最尴尬的是他
734	隆昌市深挖传统特色打造“中国夏布之乡”
735	叫我官人微博爆料虎牙官请演员上分,变相提升韩服实力
736	以色列特拉维夫法院迫使银行接受比特币交易资金
737	全国十大重点产茶县之一“寿宁”
738	排骨教主斗鱼c位出道,首秀表现完美,小缘,纳豆送上火箭祝福!
739	王者荣耀 新英雄有没有人觉得是射手.mp4
740	搞到一张20年前的汽车报价单 涨姿势了
741	周杰伦邓紫棋入住过的酒店价格竟如此便宜
742	【龙虎榜】5月8日国融厦门松岳路2898万独食罗 牛 山
743	做一个苗木农场,有资源没有资金,怎样才能融资?
744	假如你中奖1000万,你是接着上班还是回家创业还是出去旅游消费?
745	领略中国红木文化魅力
746	上联:醉吟古今月,下联怎么对?
747	你觉得八年后的房子会成白菜价吗?
748	5月9日a股午盘分析:指数相对安全,下午可关注创业板
749	中兴违反了美国的什么禁令,导致美国封杀中兴,真的违反了吗?
750	尚方宝剑和丹书铁券,哪个占上风?
751	在农村最“忌讳”的5种动物,老人教导,碰到后决不能杀害它们
752	高中女老师惊艳亮相教室,学生纷纷拿出手机拍照
753	农村女保姆刚被男雇主收拾完 小伙打电话来她却不敢接
754	人民币再涨“春回大地”,中国抛出“橄榄枝”!这国:必须接!
755	李云龙自杀后,段鹏从他身上偷走4样东西,10年后才敢公之于众!
756	第六届五峰山大樱桃观光休闲采摘节开幕
757	为什么国内推崇汉服阻力重重?
758	爱是最美的语言
759	专访:印尼和中国人文交流方兴未艾——访印尼新任驻华大使乔哈里
760	找回童年快乐《赛尔号:无限宇宙》打造精灵趣味玩法
761	温州两人入选中国工艺美术大师
762	上联:千秋笔墨惊天地,下联是什么?
763	玩过王者荣耀后,去玩lol是什么体验?
764	中国最漂亮的4大“富豪夫人”,赵薇竟落榜,第一当之无愧
765	msi快报恭喜闪电狼3-0击败gmb挺进季中赛正赛!
766	阿娇今日晒出婚纱照眼泛泪光,网友感叹:十年前给她的打击太大了
767	郑州经济技术开发区锦程小学“乐·美·智”特色教育发展纪实
768	2018赛季crc中国拉力锦标赛11日在开阳打响
769	雍正即位当夜,十七爷来为什么见他?
770	嘀嗒出行登陆济南,补贴频频,能否再掀网约车大战?
771	你这辈子最崇拜和敬仰的人是谁,为什么?
772	真能提高记忆力?考生“进补”需谨慎
773	干货一箩筐|have用法小总结,看你还记得多少?
774	农村90岁老人身体健康还能干农活,一生就是离不开一样东西
775	李敏镐豪宅内景疑曝光 墙上贴着自己的帅照
776	原来西游记写的是佛教和道教的派系斗争
777	买房还要买车位?几十万一个地下车位划得来吗?
778	比你优秀的人,比你更努力
779	这七种人,别炒股,因为你赚不到钱的!
780	父母不高,怎么才能让宝宝长高呢?医生说做到这5点,一点也不难
781	鱼类的细菌性肠炎病主要流行的时间以及症状
782	2017二建水利《葵花宝典》2018备考依然超级有价值,万变不离其宗
783	让男人“朝思暮想”的好货,花费不多,满足一把翱翔蓝天的梦想
784	国外现超级咖啡机器人 一小时120杯造型科幻
785	家里有很多衣服鞋子的女生是什么样的人?
786	如何看待google要求厂商重视security patch?
787	运乾财经:gfms报告隐藏两大爆点 金价有望创五年来最大年度涨幅
788	郭士强在辽宁队夺冠之后前往欧洲学习。你怎么看?
789	2018第二届阳光国际少儿茶艺大赛开启武汉分赛区
790	特朗普宣布美国退出伊核协议
791	不仅成龙有私生子!周润发、陈坤、汪峰、那英等纷纷上榜!
792	缅甸的一所精神病院,男女同住,孩子生下来后无人照看
793	鹧鸪天·立夏云中徙燕回
794	奥巴马政府是如何对待战争的?
795	广岛原子弹爆炸之后,日本政府高层对原子弹的认识过程是怎样的?
796	batcon全球区块链应用与技术大会暨展览会抢滩上海
797	怎样才算搭上《区块链》这趟车?
798	叙利亚局势中土耳其、美国、俄罗斯分别支持谁,各自代表什么利益?
799	堪称完美的何炅却曾因一个缺点被黄磊嫌弃,马天宇也曾有这个缺点
800	世界麻将大赛:这才是麻将界的顶尖高手!
801	同是单身妈妈的两个女人,一个把孩子当未来,一个把孩子当摇钱树
802	上海智殷执行董事兼首席科学家迟永琳:沉迷运动控制
803	油电混合发动机和插电混合发动机哪个好?
804	拆迁一夜暴富,可是拆迁的流程你知道吗?万一你的好运降临呢!
805	孙杨《跨界歌王》输不起,让领导和评委向他道歉?
806	纯净水设备容易操作吗?
807	数月销售大增 金茂首四月签约486亿里的规模竞速
808	为什么说有灵性的动物不能打?
809	阿三哥不只是笨,他们还会推卸责任
810	绝地求生决赛圈的时候,步枪消音器和补偿器你更愿意用哪个?
811	中国代购“贪小便宜”,乘飞机到韩国后被拒绝入境
812	云南卫计委公示的医师资格考试收费标准拟调整方案,你能接受嘛?
813	君生我未生,我生君已老
814	珠海有哪些全国闻名的企业?
815	当今中国品牌已上升到更高的阶段,“四大类型”正逐渐成熟!
816	刚刚,重创美国的杀手锏突然出鞘,股市会暴涨吗?
817	量子被观察后坍塌成了某个状态,而且每次都不一样,观察的意义何在?
818	不去新疆,不知中国之美!
819	「官方」嘉兴中安银领国际详情,收益如何
820	王者荣耀:gk遭qg零封,第二局干将五成输出,无奈输给网络!
821	梅罗争辉还有10年!梅西c罗体测数据对比 身体年龄不到25岁
822	单位公积金缴存比例降低,对你影响有多大?速看!
823	王牌对王牌:当新款奔驰e300遇上新款宝马530,谁更胜一筹?
824	魔幻手机:游所为滥用虚拟功能,结果把自己从天下摔下来了?
825	短线蛋价或迎上涨契机
826	英国一项研究称,使用手机可能导致脑癌
827	后来的我们,全款变成了首付
828	2018年薪资最高的十大行业是哪些?要找/换工作的快来看看!
829	特朗普即将宣布伊核协议决定,油市屏息以待
830	怎样的句式才算“犯孤平”?
831	急脾气怎么慢慢调成慢性子?
832	新加坡军事力量如何?
833	黄轩与唐嫣要合作啦,十分值得期待的一部都市励志情感剧哦!
834	什么银行关闭了?
835	你觉得顺德属于几线城市?
836	进了娱乐圈你就会变漂亮,不信看看这些明星
837	农村老人怎么养老?
838	被骂惨的《爵迹》第二部又来了,tfboys全员加盟,网友:烂片预定
839	针对伊核协议为什么美国可以在对方无过错的情况下单方面退出,难道协议对美国无约束吗?
840	2018安徽省阳光人寿安庆中支招聘正式编制人员6人公告
841	no more nice girls,然后呢?
842	“独角兽”版图扩张 预计涨幅超三成 6股受益
843	如何用万用表测水泵电机是否烧了?
844	红米哪一款手机比较便宜?
845	实拍:船员14年的海上生活,海鲜吃到腻,夜晚是最孤独寂寞的
846	活捉一只舞神猫咪,喵:你这样我都不好意思了!
847	余额宝升级后,之前购买的天弘基金里面的理财产品到期后,怎么办?
848	工品汇完成2亿元b1轮融资!京东、雄牛资本领投
849	在东莞打工的人越来越少,他们都去哪里了呢?
850	第一视频拟收购疯狂体育,将在游戏、竞猜互动等方面与2018世界杯结合
851	这个店铺340块3t希捷硬盘有什么猫腻?
852	我的世界龙息有什么用?
853	西安第一产业是什么?
854	原创上联:月落星稀天将晓,如何对下联?
855	大众途观这款车都有什么优点和缺点?还是听听这位车主怎么说吧!
856	智能燃气表原一组电池可用一年,现只能用20天是怎么回事?
857	母亲节|你养我长大,我爱你到老
858	怎么评价多米尼克·安格尔的画作?
859	湖南省的省会长沙,为什么会叫长沙?
860	《使命召唤10幽灵》沙漠游戏
861	泽泻,虽然生于水泽,却是泻水的第一良药
862	《温暖的尸体》只要长得帅丧尸也能撩到妹
863	电影行业怨声载道,宣发行业乱象愈演愈烈
864	金正恩时隔41天再次来华会晤习近平,这5点值得注意
865	滨州人快看对不对!滨州发展面临的三个问题,及造成问题三个原因
866	老子诞生之地,道教祖庭天静宫
867	高新区丝博会陕西省集中成功签约项目两个 总金额210 亿元
868	港股或迎来“区块链第一股”:嘉楠耘智计划赴港ipo募资 10亿美元
869	48岁高龄产妇生下女儿,10天后又被推进产房,全家笑弯了腰
870	美国法院判伊朗赔付9·11遇难者家属逾60亿美元,你怎么看?
871	虎牙上市成中国直播新名片,网友感慨:中国游戏直播终拿得出手了
872	美国退出伊核协议将产生哪些后果?
873	莆田有钱的土豪,为何都喜欢在老家建豪宅?
874	直击命比钻石更硬的6大死刑犯:被枪毙身中9枪,依然不死
875	肥胖夫妻连续压坏两辆车悬架 被出租车公司拉黑后称受到歧视
876	苍松翠竹的川西坝子:安仁
877	cmc markets万元国际旅行大礼等你拿
878	购买二手苹果7需要注意什么?
879	林高远回深圳省亲遭老父亲“捅一刀” 不应该!看688这么说
880	三条让人欲罢不能的西北环线
881	京张高铁为什么不接北京南站或者是北京西站?
882	亚冠最大黑马狂飙!斩落夺冠热门,韩国霸主比恒大还悲剧
883	霍市(鸿宇、双利总店,兔儿岭)第100期 粮油副食品
884	儿童助听器怎样用?
885	宋朝的家国情怀
886	带你寻找重庆传说中那24层没有电梯的楼房
887	你读过的最悲伤最伤感的一句话或一首诗是什么?
888	“三片区”小学招生网上登记如何操作?今年镇海养老保险资格认证有何变化?
889	川藏线有哪些不真实报道?
890	12个世界最美湖泊,美若人间仙境!中国四川九寨沟的五花海上榜!
891	中国汽车市场不再容许马虎,福特、斯巴鲁、捷豹路虎又召回了
892	朱婷回国,在机场被大批粉丝包围,鲜花多到拿不下,你怎么看?
893	农民有必要买养老保险吗,以后养老金怎么领取?
894	十大娱乐圈女明星精修照对比现原形,杨颖显老态,关晓彤膀大腰圆
895	虚拟中的虎式坦克vs现实中的虎式坦克
896	人的命运是由什么决定的?
897	007的新玩具,阿斯顿马丁要做潜水艇,价值超400万美元
898	微信里面的腾讯理财通,华夏基金财富宝安全吗?
899	腹有诗书气自华|你的气质里藏着你走过的路、读过的书和爱过的人
900	如何看待苏炳添在18年国际田联钻石联赛上海站以0.01秒的劣势屈居亚军?
901	影视作品中的哪些常识性错误让你哭笑不得?
902	2015版的长安奔奔还值得购入吗?
903	2018年英国私立学校报告:成绩好、设施佳、大陆学生增速快
904	清华造车外观和奔驰几乎一样?网友直呼:失去创造力,国之悲哀!
905	为什么农村田野有很多的野山鸡?
906	拼多多怎么做可以增加曝光?
907	你见过苗寨里待客的方式吗?网友调侃:这才是真正的不醉不归啊!
908	青岛,威海和大连都属于海滨城市,你最喜欢哪个?
909	提前祝贺保罗终圆西决梦!网友:送上祝福吧!
910	融e邦金服|北京中科联众科技股份有限公司430083挂牌新三板
911	招商蛇口前4月签约销售417.04 亿 同比增加 21.44%
912	虎牙今晚敲钟纳斯达克率先上市,宣传片隐藏巨大野心!
913	农村建造成本最低的自建房:土袋房
914	美规版布加迪chiron,跟中规版区别在哪里
915	海尔大厨电之制造:5大工厂实现全球高端厨电定制
916	最是灞河岸 生活正当时 绿城西安2018生活方式发布会圆满落
917	侣行在伊拉克,叙利亚等的土豪行为,为后来的探险家造成巨大的伤害,您怎么看?
918	农村屋顶安装太阳能投资划算吗?
919	龙的传人统治msi,karsa接班人带领闪电狼晋级小组赛!
920	九旬俄罗斯老人在中国生活85年,照顾瘫痪丈夫15年,不愿回俄罗斯
921	明明支付宝里的利息比银行要好,为什么还是很多人非得把钱存在银行里,存死期?
922	上线两年,便成为电商市场绝佳样本,网易严选为什么这么牛?
923	一生中有4次机会可以改变你的命运,如果你还没有放弃自己的话
924	“芯片之王”黄金坑潜伏已久,公布年报增578%,接力紫光国芯
925	济南市区的大集取缔后,采购实惠的农产品可以来这里看看
926	夜里的那件事儿(现代故事)
927	面部表情太丰富,怎么治?
928	同学锐志三年三万公里一十三万五卖,值不值?
929	有一个外国女友是种怎样的体验?
930	金庸武侠小说里的高手们,原来都隐居在这里
931	王者荣耀玩家炫耀账号id,网友跟风一起晒,看到后面笑喷了!
932	古代考状元相当于现在的什么?
933	我们常犯的英语错误,可能大约90%学英语的人都犯过,来纠正吧
934	当年他用同样手法杀三姨太,如今又要杀易继培,幸好被这二人所救
935	佛系体验《热血江湖手游》精灵旅行已出发
936	日媒票选“4月动画最受欢迎男角色”,佐佐木入榜,安室透登顶!
937	为了孩子,整个小区大楼变成“铁笼”
938	为什么韩国现任总统文在寅比朴瑾惠李明博更受韩国广大人民尊重啊?
939	江南女画家王思懿中国画作品欣赏
940	细数那些nba大佬们最豪座驾top5,排名第一的竟然在nba拿老将底薪
941	手握40万现金,该去买房付个首付,还是理财产品更靠谱?
942	淞沪会战112岁老兵,长寿秘籍狠打专家脸,晚年生活很开心
943	这组小画有意思
944	大爷提着包子找老板谈生意,老板一品尝,立刻答应合作
945	蒙顶山上茶 幸福牛碾坪
946	有什么鬼故事是真实的?
947	韩国同胞很扎心,买房需要不吃不喝9年,北上广表示不服
948	中国最贵的火车票,一张近6000块,穿越3个国家36个城市!
949	当郑爽和周冬雨一同现身机场 终于见到什么是纯天然美少女了
950	7000元左右的游戏本有什么推荐?
951	买荣耀几合适?在1000到1500左右的?
952	我体育差,真的不怪我,怪老天
953	王者荣耀:让2追3,以1敌3,又是一场超级大翻盘!
954	小米生态链3款人气王新品首发,款款屠夫价,专为年轻人的520而来
955	韩城旅游推介会在西安举办,促进黄河金三角旅游突破发展
956	农村六十岁老人到多久能领到一千多元的养老金?
957	物美价廉!捷克军火比毛熊精致,比西方便宜,还没附加条件
958	空中擦出火花!美俄新一轮较量?9人失去生命,网友:损失7亿
959	民国第一女神和她的三个男人
960	昌吉车主注意!油价又要变了!
961	「堡垒之夜」50vs50模式限时开启!
962	美国“借鉴”中国这项黑科技,不仅为其节省千万资金,还解决一难题
963	「注意」女性乘坐网约车安全防范指南:千万别做这件事
964	弹道导弹并不是核武器,为什么一些国家不允许发展?
965	美国老大地位还能折腾多少年?
966	蹭红毯算啥?今年戛纳,赖红毯的赖破纪录了
967	为什么有大单进入股价还会下跌?
968	国足再迎好消息!亚洲杯进四强只需跨过一道坎,里皮踢他们有经验
969	现在的房地产行业饱和了吗,房子是剩余还是紧缺?
970	如果美国总统下令要求微软关闭中国的电脑系统,我们该如何应对?
971	靠捡垃圾2年赚了1000万,这才是真的帅!
972	高质量的音乐陪伴(下)
973	规模化猪场的生物安全管理规范
974	汶川地震十年了,回顾那些定格的瞬间,很多人难忘
975	链圈大佬上演奇葩说,刷爆朋友圈,最有趣区块链大赛启动趴全记录
976	小程序:万亿新零售市场的一张好牌?
977	木牛流马!美军作战将有大批无人车运补给,中国尚在起步阶段
978	零的突破!日本第一大券商要来中国搞事情,还挖了一位文科状元!
979	京东“数量”惊人 平台第二季度或将有重大突破
980	夏季,天气越来越热,驾车时阳光刺眼怎么办?
981	想摆脱隐形贫困?帮你下班之后增加收入
982	白云国际机场在亚洲机场中处什么水平?
983	一辆“房车”诠释的爱在旅途
984	财经观察:中国印度尼西亚经济合作步入新阶段
985	福州最大最全的超市在哪里?
986	普京在刚上台时说要带领俄罗斯成为强国,就目前的形势来看,俄罗斯是否成为了强国?
987	画面罕见很惊喜:国产航母上竟有它,大小是直-9两倍
988	农村一种似蛇的虫子,长得怪吓人,鸡皮疙瘩掉一地了
989	创业要御风而行
990	六日战争回顾:以色列飞机成功摧毁埃及空军基地
991	滴滴客服:我们已经下班了
992	国产汽车发动机到底比韩国、日本差多少呢?
993	壕,贝尔厄齐尔等人上榜富豪榜
994	胡杏儿出席某活动,网友:还是有点肉好看,女人应有的状态
995	俄罗斯一武装直升机在叙利亚坠毁
996	美国华人博物馆推出首个中医药历史专题展
997	印度安得拉邦警方下令:酒店客户必须登记在区块链上
998	拿手机就能叫来公交,白富美们也爱坐?
999	巨亏138亿!风雨飘摇中的乐视再受深交所问询
1000	没钱人如何创业?
1001	留学生美国签证被悄悄注销?一旦出境无法返回美国!
1002	现在有一辆续航200公里的电动汽车,以后是不是可以自己换成续航400公里的电池?
1003	帮萨达姆大骂美国的外交部长坚守岗位到最后一刻,结局怎样?
1004	启动仪式现......
1005	中国装备最先进武器!反应时间仅5秒,却是仿制俄罗斯?
1006	这家“餐厅”竟让陆毅如此着迷?
1007	你最看好的独角兽的上市公司是哪一家?
1008	细数那些uci禁止的自行车科技和装备,你知道几个?
1009	美国贸易保护冲击非洲制造业
1010	白色降落伞那么显眼,是把伞兵的性命当儿戏吗?
1011	全世界都无法阻止微商,他们都能制造出北极光了
1012	八路军发动百团大战时,日军华北方面军司令官是谁?
1013	如何评价杨元庆?
1014	steam数据终于恢复 中国玩家又“影响”了世界
1015	如果有一天你遇上交通事故,别慌!
1016	如何在全球电商市场抢占先机?10个技巧保持竞争优势
1017	什么地方可以买到便宜点的房车?
1018	熬过最悲苦时候的你怎么样了?网友:几个爷爷每天厚颜无耻讨好
1019	《绝地求生》海岛地图 sanhok 5月11日 归来!
1020	阳信鼓书院喜获山东省文化惠民活动品牌
1021	这种果子几乎很多人都见过和吃过吧!
1022	回头却又似从前:从2014到2018
1023	王者荣耀版本最强的四大边路,他们每一个都是能打能抗,容易上手
1024	挑战花艺“奥林匹克”!45届世界技能大赛住建行业选拔上海开赛
1025	华为的麒麟芯片这么厉害,为什么不卖给国内的其他手机制造商?
1026	演员李小璐:生我的和我生的!
1027	有哪些一开始很惊艳到后来却觉得low的东西?
1028	妻送我坐飞机,偶遇一个人,我知道自己婚姻失败了!
1029	军人妈妈,您配得上这世间所有的赞誉!
1030	从遥远的北极开采来的天然气是怎么输送回来?
1031	华尔街日报:东芝对其180亿美元芯片交易的前景感到悲观
1032	石家庄夏季有休闲避暑的景区吗?
1033	外号,号外。如何接句?
1034	这位超模的身价太高,走一步竟然要45万美元!
1035	画家杨象乔以作品《蚩尤》讴歌民族精神
1036	「msi进行时」day0前线观察:耶稣升天节、勃兰登堡门和时差
1037	如何看待英国潜艇遭毛熊堵截?
1038	小学语文1-6年级重点成语、格言、农谚、歇后语、对联汇总,收藏
1039	本科毕业,三月份辞职,到现在没找到工作,很迷茫,感觉自己啥都不会做,该怎么办?
1040	美国为什么不出口石油?
1041	不做微信跟随者,淘宝上线小游戏触发大创新
1042	本田的发动机好还是丰田的发动机好?
1043	如何快速训练长跑使其达到及格标准?
1044	银行出错,卡里多的钱花掉犯法吗?
1045	美元金融屠刀再次举起!委内瑞拉无人用现金,只接受物物交换?
1046	《西游记》神仙为什么又敬又怕唐王李世民?
1047	权威发布:国内五大知名网贷公司排行榜!果断收藏......
1048	明明中国比印度发达,但为何印度女孩不愿嫁到中国?原因很简单
1049	世界强国不少,为何美国如此强大?
1050	如果留学生想申请加拿大魁北克经验类移民项目,需要符合什么样的条件?
1051	厉害了!世界海拔最高动物园是咱山西造
1052	原来养鱼都不用鱼塘了,高科技养鱼系统,真是大开眼界
1053	锡林浩特市2018旅游季活动启动仪式暨中国马都文化广场系列活动盛大开幕
1054	现在的女生素颜还敢出门吗?
1055	两年27家击剑馆落地生根 小众击剑为何在杭州大热
1056	为什么马自达颜值高性能好却始终不能大卖?
1057	怎样学习多地控制电路?
1058	刘邦为何要杀韩信?
1059	是什么造就了一代天骄成吉思汗?
1060	绥中十大特产,最后一个绥中人都鲜为人知,却集食之大成称其最!
1061	勇士最大的优势在哪里?字母哥道破了联盟多数球员的真实想法
1062	完成3倍寿命疲劳测试?这款国产战机寿命将大幅提升
1063	星巴克宣布厕所全面开放,8000门店停业半天接受培训
1064	雷军为什么不先卖蓝色版小米6,而是先卖亮黑?
1065	解密2018款帝豪gl“多维极智体验空间”
1066	诺曼底登陆到底有多惨烈?
1067	京沪高铁北京段旁边的驾校,了解一下
1068	上联:仙山升明月,下联怎么对?
1069	在乡下有什么好的创业项目?怎样走好创业的第一步?
1070	薛宝钗和林黛玉谁的出身高?
1071	就目前综合实力,你认为哪个城市会最先成为我国的第五个直辖市?
1072	华为公司那么强,为什么任正非从未上过富豪榜?
1073	2018款凯锐浩克上市 售价8.50-12.00万元
1074	荒野行动:故柠:你能吃鸡我给你一百块,结局你猜不到!
1075	一起传火?《黑暗之魂:重置版》要来了
1076	为什么《西游记》《八仙过海》当年都很火,而现在《八仙过海》别说翻拍,连重播都没?
1077	特朗普宣布退出伊核协议采取“最高级别”经济制裁 油价反弹
1078	广州富力与申花的比赛中,富力外援雷鸟受伤离场,对富力影响不小
1079	女明星同台比美,不是谁都能艳压的,要有她这种身高才行
1080	《甄嬛传》全集有哪些常识上的错误?
1081	未来这10大职业将面临失业?美国推测十年后可能消失的行业
1082	世界第五领土大国:不仅能卖中国大豆 还造出一款“袖珍大飞机”
1083	汕头烈士陵园管理处职工詹晓云被评为广东首批“红色守护人”
1084	风小筝翻唱《太多》你猜得出是哪部电视剧的插曲吗?可不止一部哦
1085	河南洛阳栾川老君山,中国道教信众拜谒圣地,中原文化杰出代表!
1086	现在拥有多少钱才算是有钱呢?
1087	热刺本赛季一大症结成爆冷因子 赛季末英超豪门球队需防平局
1088	刀塔2的psg.lgd今年表现怎么样?会不会成为第4支被邀请到ti8的队伍?
1089	上联:双肩挑世俗,怎么对下联?
1090	我有个上联,请大家指教:中华上下五千年。请个下联?
1091	怎样看待msi首日俄罗斯gmb战队最后以黑科技阵容拿下三胜?
1092	美国数据公司localblox泄露4800万网民资料
1093	养一头猪竟亏300元!风口上的“二师兄”为啥不起飞了?
1094	羊肚菌种植前景怎么样?
1095	2018年第三届丝博会开幕石泉“鎏金铜蚕”引关注
1096	东西忘了拿,暖心汪帮忙叼下车妈哭笑不得
1097	干出一家年营收6036亿的公司,原来是靠入赘发家,后又娶两任妻子
1098	最新消息!儋州驾驶证科目一、科目四可以预约考试了
1099	头号“敌人”浮现!美国危机来临:需要中国帮忙才能渡过难关?
1100	印花税是什么?征税范围包括哪些?
1101	罗士信天生神力,两招生擒隋朝在将魏文通,魏文通战力第几?
1102	教你判断p2p平台的背景
1103	马云耗资万亿,支付宝新功能面世,5亿用户彻夜狂欢!
1104	上联:生是真豪杰,怎样对下联?
1105	他是目前最强肝帝,至今无人超越!800万勇士
1106	蒋雯丽老公顾长卫虽不出名但是百万出行豪车却很犀利!
1107	智利阅兵出现神奇方阵,女兵一人一只小奶狗
1108	小法:本赛季前场浪费机会太多,最让我们后悔
1109	特朗普为什么可以单方面退出核协议?
1110	如何看待淮南一中两名学生被海军航空大学航空飞行与指挥专业录取?
1111	「知子花教育」家长的这些行为,会把孩子培养成渣男!
1112	绝地求生pcpi中国邀请赛来临,qm战队强势出击
1113	蒙古帝国为什么不能征服印度?
1114	欧盟与美国分道扬镳?
1115	儿媳妇要参加同学聚会,婆婆亲自带她去打扮,太漂亮了
1116	潍坊市农业农村工作持续走在全省及全国前列
1117	麻雀人工养殖犯法吗?捕杀麻雀多少只会被判刑?
1118	想要赚钱?你不能错过的5个美股中国区块链概念股(附列表)
1119	12日热点新闻:马哈蒂尔宣布特赦前副总理安华 二十年前送其入狱
1120	山东落户政策放宽!人才落户&quot;零门槛&quot;!
1121	詹姆斯和梅西在体育史上谁的地位更高?
1122	「消息」立刻出行获蚂蚁金服领投
1123	哪些车型适合跑滴滴?
1124	世乒赛女团半决赛和决赛,教练为何让朱雨玲出任三号单打?
1125	你说大哥会在外面有私生子吗
1126	理性分析rng小虎拿凯瑞英雄还是混子英雄好?传统四保一能走多远?
1127	最值得入手的大众品牌,9万就配定速巡航,空间却逼近大众途观
1128	妈妈如何让孩子好好吃饭,好好写作业
1129	万达影视城刚开业,灵山卫片区又火了,三百个亿的投资又签约了
1130	上联:泰山黄山赵本山,如何对下联?
1131	“全明星”嘉宾阵容及精彩议程大曝光!南京峰会启幕仅剩3天!
1132	一年时光,新兵的蜕变之旅......
1133	《全职高手》电视剧,各大战队阵容公开
1134	俄罗斯空军7天之内两次因故障坠机,如此巧合释放了什么信号?
1135	农村老话“人穷断六亲”,“六亲”指哪些人?
1136	中国钨钢铣刀生产加工聚集地在哪?
1137	探访地震极重灾区汉旺:废墟遗址屹立十年 守望新城蝶变重生!
1138	生石花如何种植?
1139	ella老公晒全家福庆结婚六周年,蹒跚学步的劲宝可爱爆棚!
1140	为什么现在没有外国考古队在中国考古,中国考古队却可以在国外考古呢?
1141	既然复仇者联盟有惊奇队长,为何不早点让惊奇队长出山?
1142	不愧是退伍老兵,面对外国商人的挑衅,老兵几句话让对方哑口无言
1143	王者荣耀kpl:rng.m 3:1战胜ytg 九连胜领跑东部榜单!
1144	中国第一善——佛山何享健,捐74.6亿元,居胡润慈善榜榜首!
1145	王者荣耀的几个上限分别是多少?减cd,攻速,移速......求完整的,谢谢?
1146	特变电工:掌控核心技术 从大漠走向世界
1147	有人说麦田怪圈是外星人的杰作,可为何外星人从不在中国的麦田一展身手呢?
1148	0509行业动态丨职业教育量子计算机,锂电池影视苹果产业链
1149	联想被踢出恒生指数,是什么导致了联想现在的这种境地?
1150	阿克苏为何被称为“塞外江南”?
1151	中国反隐身雷达层出不穷,打破f35不破金身,潜在买家都在嘀咕
1152	上联:戏演古今情,善恶忠奸收眼底,请对下联?
1153	58岁因病早逝,触动郎平出山,一年后葬于故乡
1154	互联网黄金业务有了规定,投资人应该如何应对?
1155	发完这篇推送 我想写点啥
1156	死磕5年、力排众议,他推翻了《战神》的一切,终于创造了新的巅峰
1157	美国退出伊核协议,谁才是最大赢家?
1158	目前最接地气的会计行业现状分析,财务人不学习?还有出路?
1159	澳大利亚104岁科学家抵瑞士,预计2日后安乐死
1160	内地十大老戏骨,每人都有自己心中排名,还有好多,你认为的是?
1161	赵薇,网友:你这是在跳舞,还是在玩游戏
1162	《机遇之城2018》正式发布 大西安缘何位列第六?
1163	老干妈,一个值得认真研究的商业模型!
1164	在西双版纳买房:勐巴拉国际旅游度假区均价1400元/平
1165	绵阳第三届残运会暨第二届特奥会将于5月中旬召开
1166	孙杨现身北京机场 走路潇洒帅气不输男模
1167	这车不光实用,牌子也很硬!7座+全景天窗,不足8万!
1168	分析师:纽约共识大会将是比特币价格重大突破的机会
1169	哪款国产车是普通人想买买不起,有钱人买的起却瞧不上的?
1170	战争开始信号显露,俄做出关键举动,最新杀手武器进驻一线基地
1171	新捷达、新锋范、威驰哪个比较实用?
1172	美“豪华谈判团”刚刚离开,环球时报一则消息让国人炸锅
1173	为什么航母出海前,一定要砸摔一个酒瓶呢?今天我终于知道了
1174	石棉枇杷成为引领农旅融合发展的产业果
1175	小留学生在美国寄宿家庭的噩梦:如同生活在监狱
1176	沙特阿拉伯解禁 女性6月底将可开车上路
1177	马云演讲 成功不只一种方法,找到合适自己的就是最好的 (2)
1178	方舟子说象棋源自印度,中国古代没有大象,你认为这种说法怎么样?
1179	炒股最关键的环节是什么?
1180	巅峰时期的内德维德是什么水平?
1181	看到这张纸,雷军开怀大笑,小米迎来最重要的时刻
1182	袭人偷试云雨,迅速收获一个小男孩的心,这是否是她一生的原罪?
1183	“掌舵”法国满一年 马克龙交出了怎样的答卷?
1184	走过云南的昆明,到过贵州的贵阳,哪个城市更适合宜居旅游呢?
1185	俄罗斯特种部队训练 居然要装备五种手枪真不嫌乱
1186	潍坊什么产业比较发达?
1187	玖富仲裁是真的吗?
1188	老人仨月做两缸稀罕酱,城里大妈竟闲恶心,半天没开张她含泪睡着
1189	西湖大学博士研究生招生面试完成 百余博士将于9月入学
1190	高情商的人,不会说的四句话
1191	为什么我国汽车工业发展迅猛,却没有几个好看、令人叫好的车标?
1192	买车时切记不要说这三类话,说了过后,别怪销售坑你
1193	联想是个什么性质的企业?它为什么要把5g标准长码投给高通?对它以后的发展是好是坏?
1194	《不可饶恕》——比死亡更艰难的是饶恕,肮脏的不是手段,是人心
1195	“蔬菜墙”惊艳亮相
1196	拒绝垃圾时间上场!骑士新人公然违抗泰伦-卢,球迷:钱少人傻!
1197	怎么给微信相片加字?
1198	小舅子结婚我随礼一万,岳母回了一包喜糖,回家一拆红了眼
1199	18款丰田酷路泽4000 霸气越野豪车独占鳌头
1200	苍溪县回水小学第八届春季学生运动会顺利开幕
1201	悄无声息的黑衣人:gign马赛反劫机行动
1202	“一带一路”可成中日合作新机遇
1203	a股首只独角兽无悬念涨停,阿里全资收购巴基斯坦电商
1204	为什么古德利本赛季在恒大的表现和他上个赛季在泰达的表现简直判若两人?
1205	专转本机构,专转本老师,江苏专转本考生如何分辨老师是不是名师?
1206	樟木头开展联合整治行动 已扣90辆违法泥头车
1207	农用地、基本农田、建设用地、设施农用地,这些土地性质怎么用?
1208	这些用卡心得你知道多少?
1209	如何评价印度电影《起跑线》?
1210	为什么现在很少甚至都没有什么灵异事件了?
1211	97-如果有牛市,应该选什么板块?
1212	在外漂泊的游子,一定要进来看看
1213	媳妇提前回家,不料听到这样的话,她推开了家门
1214	哪支球队能在g5晋级决赛?勇士需稳住别浪,火箭队仍存1大变数!
1215	王者荣耀:孤影逆天灵物,队友直呼神辅助,亚瑟:我做错了啥
1216	已经过了学习语言的黄金时期,还能学好英语吗?
1217	叙利亚为什么会有人反对巴沙尔政府?
1218	有用!建筑工程各种参数在此
1219	如果凯皇和团藏在佩恩进攻木叶时前来支援,木叶还会垮吗?
1220	“爱马虎” 怎么办?
1221	场均16分锋卫摇摆人来到火箭!薪金吃紧,下赛季两人最有可能离队
1222	叫停弄虚作假的“示范班”
1223	2000左右买什么手机?
1224	今天的他们很会玩嘛~
1225	陈乔恩晒范冰冰送给她的礼物,意外暴露了范冰冰字如其人
1226	ipo前夕,小米估值遭市场连续下调,彭博称最新估值600-700亿美元
1227	卡塔尔的皇太后谢赫·莫扎为何被称为“当代甄嬛”?她经历了什么?
1228	问答系统冠军之路:用 cnn 做问答任务的 qanet
1229	告别微信、支付宝?银行宣布大消息!
1230	落地国产竟比海外便宜,开过它的车主蔑视gla,也就x2能镇住它了
1231	美国总统特朗普上任后,到处搅动世界风云,他的目的是什么?
1232	《凤囚凰》马雪云到死都不明白,即使没有楚玉,容止也不可能爱她
1233	丹东楼市癫狂:外地炒房客豪赌“第二个深圳”
1234	小孩子是留在农村老家读书比较好还是送到城里好呢?
1235	让人垂涎三尺!世界各国15种著名街头小吃
1236	108岁老人还下地干活,捉100只虾给家人做菜吃,还会喂给儿孙吃!
1237	银行不喜欢支付宝,为什么支付宝还可以从银行的卡上转钱?
1238	北汽要火了,国产“宝马x6”现身街头,比汉兰达大一圈,不足10万
1239	2018款比亚迪f3最低配落地价多少钱?
1240	翻手机相册的时候,分享照片按成了删除照片,结果照片没了怎么办?
1241	刘和刚见到农村老乡,感动的泪洒全场,你是农民兄弟的骄傲!
1242	迪丽热巴身着大花裙亮相电影发布会 靓丽女神
1243	这件事儿过去一年了!荆州人,你记得吗?
1244	瑞虎8与东南dx7prime怎么选?
1245	李克强向东盟秘书处赠送《黄山迎客松》有何寓意?
1246	后悔买迈腾了!这b级车比奔驰奥迪上档次,仅16万还买啥雅阁天籁
1247	收下兵哥哥这套超神技能,你再也不担心“荒野求生”了!
1248	盘龙城国家考古遗址公园今年底对外开放
1249	《刺激战场》有哪些武器可以在摩托车上使用?
1250	菲律宾对中国免签了,你会去菲律宾旅游吗?
1251	nevsun公司拒绝了价值12亿美元的收购邀约 股价飙升
1252	如何查找静电?
1253	泰拳王子播求究竟多强,李小龙传奇中的李小龙更像他真实的人生
1254	除了挤爆的洪崖洞,重庆还有这几个地方一定要去!
1255	揭秘:世界十大雇佣兵组织 有的人数竟达百万之众!
1256	恐龙快打 区区几个枪兵在我们麦瑟面前根本不值一提呀
1257	机器人卖彩票?南沙独角兽集训营路演处处都是黑科技
1258	叙利亚局势大变,政府军进展迅速,席卷叛军弹药库
1259	从央视离职的几位主持人,有人消失,有人选择创业,有人继续走红
1260	在外打车要注意的十条铁律!深渊凝视着我们,我们也凝视着它!
1261	看景腻了,不如看看淮安的这些人文景观,让自己有一次心灵之旅
1262	房贷为何不能自己选择银行?
1263	iphone用户如何清理垃圾?正姐教给你!
1264	王者荣耀:玩家脑洞大开,连问3个问题,小妲己瞬间懵了!
1265	小药材带动大扶贫 神威药业打造精准扶贫新样本
1266	徐志摩微诗歌大赛投稿突破两万首
1267	放弃抱“金主”认爱张继科后,景甜牛仔套裙性感迷人锁骨抢镜
1268	开着兰博基尼的中国富二代,在澳洲被关进了大牢
1269	2018年5月9日今日鸡蛋价格早报,产品高价抑制走货速度
1270	赞成星谷再添超级配套!浙大紫金港校区2019年全面建成
1271	羊奶收购价年内飙升近一倍
1272	如果季后赛这是种规则,结局会如何?
1273	留学哥大住哪儿好?2018最新哥大租房攻略解救你!
1274	学霸展示追星新高度!浙大医学生发表sci论文致谢偶像林俊杰,获人民日报点赞!
1275	有好嗓子和播音经历可以做什么?
1276	省教育厅:不得用"100%考试通过率" 违规或取消办学资格
1277	他是厦门活字典,他的家族也是厦门历史一段缩影,值得一看!
1278	宁夏有个灵武市,灵武市有个地方叫大海子「原创」
1279	黄光裕能否带领国美卷土重来?
1280	2018中超联赛第9轮赛况,重庆斯威主场0:1负于天津权健
1281	德云色黑莓是谁?爆lol主播笑笑孙亚龙前妻慧慧婚内出轨童童
1282	武汉:开发商不得将“房查”作为购房的前置条件
1283	为什么亚马逊不收购阿里巴巴,成为全球最大的电商公司?
1284	新疆地大物博,可不可以往新疆移居呢?
1285	琅琊榜:梁帝问高湛梅长苏是林殊吗?高湛第一次做出正面回答!
1286	超美图片(六)
1287	400电话增强企业服务
1288	豪车也难逃被召回的命运,宝马奔驰统统上榜
1289	江西投入超百亿元 助城市低收入家庭改善住房条件
1290	杨广到底是一个怎样的人?
1291	俄开创胜利日阅兵“无人化”先河 多副“新面孔”震撼登场
1292	beaba 薄如蝉翼,炫彩人生!
1293	微信留言新功能,让我拉黑前男友......
1294	小说:为了救母亲,她不惜牺牲自己来到他身边,维持求而不得的爱情
1295	开车时这个坏习惯要改掉,很多汽车发动机大修都是这原因
1296	农村保姆第一天大显身手,做得饭被全家夸奖,城里少爷都要学
1297	我爱我家相寓,让你放心 给你舒心 许你安心
1298	离开老东家 henry首尔开餐馆当店家
1299	8日球鞋上脚精选 詹姆斯12次季后赛横扫对手 76人扳回一城
1300	必看;什么是独角兽股票?
1301	我是一名房产中介,现在半年没开单了,还要坚持下去吗?
1302	乡村振兴专家:项目都套上田园综合体或特色小镇帽子 这样好吗?
1303	有可能最先实现的改变世界的技术是什么?
1304	狗狗死后为什么不能埋?
1305	什么叫做天炉战法?
1306	机构买入这3股 抛售鹿港文化3993万元
1307	大荔人、雨中情——中国渭南国际马拉松赛让你跟着激情跑
1308	电竞马蓉坐实!笑笑、孙亚龙、慧慧、童童、copo酱事件最全盘点!
1309	如果联想给华为的短码投票,中国的5g是否拥有专利权?
1310	全香港唯有他的葬礼阵容人群挤满半条街,堪称近50年来最大阵仗!
1311	沙特和以色列会联手对付宿敌伊朗吗?
1312	辣妈李小璐性感婚纱写真图:洁白的婚纱,十分纯真
1313	古里医疗器械产业园二期项目合作签约
1314	山不在高,有仙则名。下句如何对?
1315	《雨中的思念》就让相思的雨飞向满天 梦中的爱人早已经走远
1316	世界最大航母横空出世,排水量高达12万吨,性能甩美国十几条街
1317	中国最美的5个富婆
1318	狗是怎么拍电影的?
1319	dnf玩家深夜感叹卢克攻坚:单刷震颤交复活币,混团翻牌希望落空
1320	城市保卫者衣服是怎么弄的?
1321	我同学的同事讲述自己亲身经历的灵异故事,买房要看好!
1322	淄博旅游说明会走进山东理工大学 千张门票赠学子
1323	京东连续8个季度盈利,刘强东称好戏才刚刚开始
1324	下联:一点飞鸿踏雪无痕,如何对上联?
1325	我用老婆手机发工资给月嫂, 收到月嫂回复, 才知她身份不一般
1326	原子弹的原理那么简单,为什么其他各国还是造不出来?
1327	标致308、1.6l和1.2t怎么选?1.2的三缸相比英朗的三缸发动机怎么样?
1328	户口是江苏这29个村镇的人要享福了!国家给政策重点扶持!
1329	海拔5250米,中国开建一座大型基地,日本:交钱可否借宝一用?
1330	不要让这种骗局出现在你身边 找到这种工作 马上走人!
1331	中国要用世界最大飞机发卫星?
1332	马6当年全国b级车销量第一,为什么阿特兹是好车却卖不好
1333	lol:终极技能帽被移除 剑圣又是新符文的最大受益者
1334	木马是一种远程控制工具,具有隐蔽性和非授权性的特点
1335	「紫塞」农家游|九顶山自然风景区带你去看著名画师“李学亮”!
1336	打靶平底锅即将绝版!饰品商人疯狂操作 3小时疯涨10倍
1337	养斗鱼秘诀之一
1338	张效诚32岁生日,与老婆吴敏霞同框甜秀恩爱!
1339	为什么有的lol玩家打了很久游戏也不会进步?
1340	虎牙上市,骚男miss携手敲钟,然而网友关心的却是miss情感问题!
1341	长汀:龙岩市劳模戴南火—不忘初心 一心为农
1342	没有美术功底,可以学平面设计吗?
1343	笑笑离婚因老婆出轨?前妻反曝笑笑出轨证据 网友感慨贵圈真乱
1344	《暗黑破坏神2》血鸟有什么来历?
1345	男生怎样看待女生主动?
1346	面对智能手机的竞争,电脑系统还会有下一代吗?
1347	美媒:中国银行正在蚕食世界,体量达美国2倍
1348	为何张辽和高顺会被陈登所骗?
1349	湖州33家企业成为市首批商标品牌联动保护试点
1350	北京出发的七条国道,高速直达全国
1351	媲美三峡!四川这个旷世幽谷,只对中国人开放!
1352	笑笑躺枪!离婚事件未了另有蹊跷?
1353	西部还保持3:1 东部队形终于被破坏了 难道预言要成真了?
1354	土耳其王牌坦克师只等一声令下,2000美军突然挡在中间
1355	为送女儿礼物,花300万买劳斯莱斯,看到实车时,网友:我服!
1356	劳斯莱斯首款suv今日发布,后备箱暗藏一张鸡尾酒桌,奢华!
1357	故宫的一个地方曾经是妇孺皆知,如今能够进去的都是贵宾
1358	赵薇、范冰冰、林心如,你觉得谁最漂亮?
1359	这是继“黑鹰坠落”后美军在非洲最大惨败 当时都发生了什么?
1360	女人为什么永远不跟你说真话?没有几个男人知道答案
1361	《巴霍巴利王2:终结》高清资源分享观看
1362	nc供应链领域高级顾问为你来支招
1363	毛主席弃笔从戎到后面经历了这些事情,才下定决心又去读书
1364	《我是大侦探》杨幂休闲风再亮相 造型百变角色身份引猜测
1365	惊诧:建筑民工能写出这么好的诗!
1366	你想让我吃人嘴软,对吗?
1367	近千斤女子穿不了衣服,20年未下床,幸亏生的都是女儿
1368	散户应该怎么在股市上永久不衰长期发展?
1369	美国宣布推出“群聊”,金融市场经历动荡一夜!
1370	联想公布出来的5g投票的英文证明,是什么意思,你怎么看?
1371	澳大利亚大学新南威尔士大学好吗
1372	近期热播的《独孤天下》中,独孤伽罗凭借聪慧和毅力成为皇后。为何史书中对独孤皇后的评价却不高?
1373	水浒传:一首会杀人的唢呐背景音乐,响起就会要人命
1374	伊朗和以色列互射炮弹:美国对以支持 俄罗斯为啥中立
1375	怎么把红米3的cpu改成835?
1376	场面火爆!史蒂文斯吃t,小欧文挥拳恩比德,奇兵发挥76人拒横扫
1377	做明星的亲戚都有啥体验?郑恺弟弟颜值在线,张嘉译最接地气!
1378	路透:物流投资拖累利润率 京东盈利逊于预期
1379	《温暖的弦》与《何以笙箫默》中的爱情有什么异同点,你更喜欢哪一个?
1380	想买一辆能自驾去西藏的车,自吸2.0还是1.4t更适合?15万以内裸车求推荐?
1381	哪里才是真正的“中国荔枝之乡”?
1382	如何获取淘宝优惠券?
1383	中国现存最完整的清代王府是哪一座?
1384	《极限挑战》引爆“人生起跑线”话题:起点低怕什么,大不了加倍努力
1385	现在俄罗斯是如何看待奥斯特洛夫斯基《钢铁是怎样炼成的》这本书?
1386	武直10性能这么好:但为何十多年生产量还不到300架
1387	上联:一轮明月亮天下,下联怎么对?
1388	traleader为其账户增添比特币及以太坊作为基准货币
1389	暴力美学 基洛夫级核动力巡洋舰“彼得大帝”号
1390	升级高校报告厅新体验 理光pj lu8000工程投影机进驻上外
1391	「5·12护士节特刊」用司法维护医患关系和谐稳定
1392	这4条自驾线路你最钟情哪一条?趁着年轻,勇敢出发吧!
1393	性价比秒杀奥迪a4, 19款大众cc终于亮相,光颜值就值40万!
1394	冯女郎与谋女郎开撕了?苗苗正面“碰瓷”巩俐,输赢也太明显了吧
1395	半决赛期间接受奥拉朱旺特训的周琦,能否在西部决赛中扮演火箭赢球的x因素?
1396	罗格斯大学到底怎么样?
1397	男人喝这种野菜熬的汤 身体都比较棒
1398	交通发达的小城市并不值得投资房产,已有先例!
1399	榨油每公斤利润多少?姥爷香榨油利润分析
1400	庭院式的道路,美丽乡村,道路提升颜值,不仅于绿化,还可以美化
1401	天空之城——中国香港
1402	超震撼!今天“女神”过生日,湄洲岛人山人海,热闹非凡!
1403	为什么世界人民越来越看清美国的真面目。越来越多国家抛弃美国模式?
1404	农村公公打工回家,孝顺儿媳骑车去接,回到家婆婆却说公公不懂事
1405	日本0.6排量的车,为什么中国没有?
1406	为什么说小程序在某一程度可以替代app?替代之后有什么好处
1407	文化部出手了!所有周杰伦演唱会门票溢价出售的平台将被下架处理
1408	宝沃bxi7/bx6双车上市即凉凉,假洋鬼子是真把自己当奥迪
1409	一台电视机最长能用几年
1410	预算1万5,外星人和玩家国度选哪种笔记本比较好?
1411	《王者荣耀》5月8号更新,四位英雄金币降价了,值不值得购买?
1412	36氪首发|获普华资本数千万a轮融资,创新诊疗商业化平台「梅傲生物」将拓展精准医疗布局
1413	“散步詹”如何做到边打比赛边休息?他在场74.4%的时间都在走路
1414	给nba每个球队休赛期引援建议!
1415	新车磨合期需要多久?新手司机来看看!
1416	为什么说火星最有可能存在外星生命呢?
1417	中日物价水平对比——你根本无法想象!
1418	斯大林为何要在大儿子被俘后下令逮捕儿媳?
1419	云南深山藏一村庄,村民60年不曾踏出村子半步,至今无人使用网络
1420	quora:最不可思议的巧合
1421	偶像练习生出道那么久却经常出现在热搜,你怎么看?
1422	以色列为什么最近要和伊朗针锋相对?
1423	活动|中国企业应对欧盟一般数据保护条例研讨会
1424	以空袭叙境内伊朗目标叙外交部:侵略行动恶化地区局势
1425	管道疏通,只要你肯干就能挣钱
1426	我国一邻国,户外方便历史悠久,为改变现状总理号召建1亿公厕!
1427	牛市什么股票最先涨,什么股票最后涨?
1428	酒后驾驶是违规还是违法?
1429	为什么姑舅亲而姨表不亲?
1430	第三届软件园电子竞技大赛落下帷幕,700名程序员参赛
1431	中国女排20岁新星又升级!训练中再现新技能,郎平制造新惊喜吗
1432	疯狂的区块链,分裂的朋友圈
1433	又是每年一度的高考即将到来,家长们如何帮助学习?
1434	《堡垒之夜》与《复仇者联盟3》联动 变身灭霸毁灭全场
1435	炒米粑原来是湖口流泗的做得最好!
1436	你们做过的试卷上出现过哪些明星?
1437	“我有手枪抓我”:男子发挑衅视频被拘
1438	什么工作接触程序员的机会最多?
1439	电商大环境下,工厂直销产品是否会产生涨价的情况?
1440	战争使命:实在没子弹了只能徒手打了!
1441	为什么王者荣耀最近卸载量越来越多?
1442	第二届石家庄市旅发大会下月举办,这些景点值得一玩!
1443	这个非洲机场到处都是中文,游客说“感觉像回到自己的家一样”
1444	vr·ar联合实验室获奖不断,再获金奖!
1445	河南贫困县最多的五座地级市,洛阳、南阳上榜
1446	新型农民职业资格证书去哪里办证,怎么收费?
1447	伊核协议美国去留众说纷纭,美油巨震艰难收复70关口
1448	国家生猪市场2018年第18周(交易)价格指数分析
1449	*st宜化10.4亿元甩卖巨亏包袱新疆宜化
1450	清洁节气门有必要吗?不清洁会有什么结果?
1451	盘点19张交通警察都吓到吐血的奇葩超载!
1452	每个币圈人士都会用到的应用类型
1453	环京利好不断
1454	新时代情况下,白酒的消费人群如何变迁
1455	堵车长龙中,为何一般很难见到豪车的身影?
1456	为什么西边套房比东边套房贵?
1457	曼城新赛季会连霸英超吗?买来这四人可成就伟业
1458	如果美国打伊朗,最快可以多久解决战斗?
1459	投票事件后,华为将采取什么措施应付联想?
1460	深山里的一块错字残碑,挖出了多年的谜团,墓主竟是这位红颜
1461	无关恐慌,我为什么认为99%的代币将归零?
1462	国际太极拳大师陈自强第十次年度访英传播太极拳
1463	本来开飞机,后来修飞机
1464	书法:《观沧海》作品欣赏,比之《念奴娇赤壁怀古》又如何?
1465	上联:双肩挑世俗,怎么对下联?
1466	广州恒大0-3大连一方,卡纳瓦罗最后目睹点球判罚为何露出迷之微笑?
1467	京东第一季度eps不及预期 股价盘前大跌近4%
1468	朋友自驾去了新疆,又不想驾车回来,车怎么办?
1469	安检是安检正不正经就不知道了!说一说你在安检时碰到过哪些趣事
1470	物业公司应如何处理与业主委员会的关系?
1471	电竞俱乐部edg融资近亿;24小时无人便利店“哈哈零售融资数千万
1472	泰国第一拳王遭女友抛弃一蹶不振,邹市明有望重返巅峰
1473	苹果大数据杀熟?真正的大数据杀熟(杀手)是这些企业
1474	乌鲁木齐周边哪有野钓?
1475	超级玛丽要被追上了,后果不敢想象!你玩过这游戏吗?
1476	我想组装一台吃鸡的主机,价格在5000-6000元,有什么好的推荐吗?
1477	当朋友圈有人一直在晒这个的时候,就要警惕了
1478	陕西:三大变革 打造高质量发展引擎
1479	福特脑洞真大!把摩托车塞进汽车里,骑、开两不误
1480	看看人家的办公室,才知道他们为什么愿意加班
1481	5g不仅仅是网速那么简单,5g到底意味着什么?
1482	号外:前瞻2018一建挂靠最新价格——防止入坑!慎重!再慎重!
1483	46岁,妈妈改嫁了
1484	学费不用愁!海南生源地信用助学贷款预申请启动,满足这些条件可申请
1485	如何看待明世隐这种“混子上分型”英雄在王者荣耀里的表现?
1486	泰国房产市场到底怎么样?
1487	怎么在手机app上实现月收入过万?
1488	全新红色版iphone 8开箱,激活的那一瞬间,哇,令人窒息的手机!
1489	drive.ai无人打车服务进德州,我们用15分钟见识了「新手驾驶员」
1490	薛之谦携手岳云鹏同居创作 多元身份匠心不变
1491	2018msi入围赛总结:呆萌还是跟他以前一样厉害
1492	万万没想到,马化腾与张一鸣竟在朋友圈撕逼,网友:想笑!
1493	汶川地震10周年纪念,记着那些感人的画面,映射出的人性美
1494	新月格格:大结局,努达海死了,新月实现了承诺与他同生共死
1495	请问软件工程专业中国大学排名顺序是什么?谢谢?
1496	飞思 645df套机是哪个国家的?
1497	拿来主义有哪些利弊?
1498	动物界的中央空调,原来是只“大老鼠”,不过挺可爱的
1499	日本农民只认dji?大疆农业在日本快速崛起
